year,training_reference,node,cutoff_date,train_last_date,mu,omega,alpha,beta,nu,nll,iterations,converged_starts,train_n
2013,EUR,USD,2012-12-31,2012-12-31,-0.0066824038255393695,0.005620898765605415,0.039074114976358806,0.94991714201202582,11.444070148593674,1.0560436584410244,15,3,1250
2013,EUR,GBP,2012-12-31,2012-12-31,0.00029375479912076996,0.0023534756618485853,0.050848489421646818,0.94246007215251226,10.377374791972205,0.82338671056654456,28,3,1250
2013,EUR,JPY,2012-12-31,2012-12-31,0.0020105090855038212,0.015655431196607106,0.053918875793273209,0.92769137924733269,10.205620092382539,1.2860447314473005,24,3,1250
2013,EUR,CHF,2012-12-31,2012-12-31,0.0026188393570198156,1.0639286232075677e-05,0.13149100634082736,0.86740194775473578,4.0253340822532664,0.26694965552914124,54,3,1250
2013,USD,EUR,2012-12-31,2012-12-31,0.0066825850926672693,0.005620724544902333,0.039074663652244393,0.94991688115436856,11.444320330712657,1.0560436584359332,16,3,1250
2013,USD,GBP,2012-12-31,2012-12-31,0.0025431868657420048,0.0007209080441598337,0.036610118901465927,0.96160976800519682,11.802579462002296,0.95397155799824029,39,3,1250
2013,USD,JPY,2012-12-31,2012-12-31,0.0137079589293618,0.002391966263168635,0.046166537019783488,0.95029866819775677,5.3525220244028517,0.96917290851656313,41,3,1250
2013,USD,CHF,2012-12-31,2012-12-31,0.025284891874826777,0.013106404329502422,0.0402682324369922,0.93561408211407193,6.242796732262649,1.0955267559623727,28,3,1250
2013,GBP,EUR,2012-12-31,2012-12-31,-0.00029355136805302628,0.0023533125576029501,0.050848365974603425,0.94246083336113662,10.377434641058937,0.82338671056398383,28,3,1250
2013,GBP,USD,2012-12-31,2012-12-31,-0.00254369016621244,0.00072093348490141664,0.036610650630282536,0.961609355414346,11.802567193809882,0.95397155799540345,40,3,1250
2013,GBP,JPY,2012-12-31,2012-12-31,-0.0021832354721249671,0.0060577947316994094,0.062046233903174895,0.9344003626532017,5.7546415028665177,1.2929113660556815,29,3,1250
2013,GBP,CHF,2012-12-31,2012-12-31,0.015268161417190644,0.0041614310898264936,0.080431056512427962,0.91486125024281884,6.3815037889762554,1.0145456175146474,29,3,1250
2013,JPY,EUR,2012-12-31,2012-12-31,-0.0020105324267615083,0.015655443530227194,0.053919032947008533,0.92769123081739913,10.205623901207087,1.2860447314474912,24,3,1250
2013,JPY,USD,2012-12-31,2012-12-31,-0.01370797890300378,0.0023919914186181263,0.046166793675710263,0.95029839161644436,5.3525290494907702,0.96917290851644811,42,3,1250
2013,JPY,GBP,2012-12-31,2012-12-31,0.0021831779273745041,0.0060579376450663669,0.062046600686546168,0.9343999016475788,5.7546175793430905,1.292911366054877,30,3,1250
2013,JPY,CHF,2012-12-31,2012-12-31,0.02387470457527845,0.015383704233507305,0.069559091357532465,0.91025695431963072,8.833639296651512,1.1907499053412138,24,3,1250
2013,CHF,EUR,2012-12-31,2012-12-31,-0.0026188505696095672,1.0639309484633287e-05,0.13149103275220411,0.86740192134661809,4.0253348168687806,0.26694965552913502,50,3,1250
2013,CHF,USD,2012-12-31,2012-12-31,-0.025284886921692479,0.013106388209079358,0.040268419073387317,0.93561396288934784,6.24280049938604,1.0955267559622632,29,3,1250
2013,CHF,GBP,2012-12-31,2012-12-31,-0.015268175724844003,0.0041613198124576777,0.080430879142154646,0.91486168264081302,6.381509604615518,1.0145456175146894,29,3,1250
2013,CHF,JPY,2012-12-31,2012-12-31,-0.023874700574106223,0.015383782611381767,0.069559261376962667,0.91025666200517019,8.8336642259825275,1.190749905341195,24,3,1250
2014,EUR,USD,2013-12-31,2013-12-31,-0.018514506170924667,0.0011532345179029939,0.026378500766871701,0.97027562497625996,9.8193011563159729,0.93202865013831393,20,3,1250
2014,EUR,GBP,2013-12-31,2013-12-31,0.0023692537039452931,0.00097016911822333694,0.022930771163801829,0.97277024615269569,9.2398603021958827,0.70923900330597767,15,3,1250
2014,EUR,JPY,2013-12-31,2013-12-31,-0.021572966818136568,0.013659515456868663,0.041906008792458371,0.93841928090192483,9.4356629141820179,1.2192639671622434,18,3,1250
2014,EUR,CHF,2013-12-31,2013-12-31,0.0025763044399871454,9.2175385608315004e-06,0.12415480905325507,0.87473723979535445,3.9349048453499513,0.12121642494411979,36,3,1250
2014,USD,EUR,2013-12-31,2013-12-31,0.018514613468876822,0.0011531711235774427,0.026378528873693494,0.97027583514234428,9.8191570909396226,0.93202865014664971,20,3,1250
2014,USD,GBP,2013-12-31,2013-12-31,0.011131604284164313,0.0007841756904199479,0.020828169104932365,0.97583320029526055,10.624400943605973,0.81960731994217784,29,3,1250
2014,USD,JPY,2013-12-31,2013-12-31,0.0019026706974238773,0.0046071988784667089,0.052926878996631795,0.93774843438045574,5.1342920075435341,0.91124943182372686,20,3,1250
2014,USD,CHF,2013-12-31,2013-12-31,0.033267279694804433,0.0075602873967685188,0.027085273236159765,0.95500642396604951,6.5386125474205778,0.98196715270539758,20,3,1250
2014,GBP,EUR,2013-12-31,2013-12-31,-0.0023693022351653722,0.00097010581420443691,0.022929871243403135,0.97277135512999424,9.2399304384776038,0.70923900330286183,16,3,1250
2014,GBP,USD,2013-12-31,2013-12-31,-0.011131643708124681,0.00078417807825609731,0.020828042429481025,0.97583331201832513,10.624353344296619,0.81960731994232738,26,3,1250
2014,GBP,JPY,2013-12-31,2013-12-31,-0.024380256992405747,0.0060154410397520938,0.048899986334940651,0.94384206916346891,6.0786831173472429,1.1779239056019575,31,3,1250
2014,GBP,CHF,2013-12-31,2013-12-31,0.0097419142047640139,0.0049411365627593544,0.074529725599096583,0.91400068968514181,8.0405323096446057,0.86378524034754733,32,3,1250
2014,JPY,EUR,2013-12-31,2013-12-31,0.021572892134334623,0.013658688861293034,0.04190524515973288,0.93842100781524573,9.4355022766622287,1.2192639671518721,25,3,1250
2014,JPY,USD,2013-12-31,2013-12-31,-0.001902709660460959,0.004607140726688109,0.052926738090377234,0.93774874829291388,5.1342893535453191,0.91124943182348417,20,3,1250
2014,JPY,GBP,2013-12-31,2013-12-31,0.024380166594222947,0.0060155456005579894,0.048899531858492294,0.94384229117976148,6.0786922475366172,1.1779239056023254,28,3,1250
2014,JPY,CHF,2013-12-31,2013-12-31,0.044256224130821462,0.016349576422478647,0.057476333547003051,0.91598609014098742,9.2884386229961269,1.1481771918945451,27,3,1250
2014,CHF,EUR,2013-12-31,2013-12-31,-0.0025763203536607084,9.21771925339642e-06,0.12415487282545606,0.87473717603102252,3.9349055918303737,0.12121642494413286,27,3,1250
2014,CHF,USD,2013-12-31,2013-12-31,-0.033267301683130503,0.0075602642091887511,0.027085309557465447,0.95500644116354338,6.5386189843680045,0.98196715270534352,20,3,1250
2014,CHF,GBP,2013-12-31,2013-12-31,-0.00974197285738998,0.0049411281529749213,0.074529839658098021,0.91400063930838438,8.0405484984869773,0.86378524034754756,34,3,1250
2014,CHF,JPY,2013-12-31,2013-12-31,-0.044256220006363048,0.016349571372033966,0.057476358922940361,0.91598605237639807,9.2884703565414313,1.1481771918947095,27,3,1250
2015,EUR,USD,2014-12-31,2014-12-31,0.0037016613027952574,0.00042473783721665783,0.030648147134944823,0.9682323634987654,8.4615837519191199,0.79687378072535542,27,3,1250
2015,EUR,GBP,2014-12-31,2014-12-31,0.0076014444519188276,0.0012311335297550813,0.022890740738791431,0.97040777342166085,8.6892109727938145,0.57696255948905439,17,3,1250
2015,EUR,JPY,2014-12-31,2014-12-31,-0.009730203485913887,0.0018604131183874947,0.046857341097030977,0.95141327724666125,6.5081277096471117,1.0716387620620589,28,3,1250
2015,EUR,CHF,2014-12-31,2014-12-31,0.0034542837791482219,2.0183393243612874e-05,0.13327627955620353,0.86561689483239102,4.041376534565444,-0.064701878199223045,40,3,1250
2015,USD,EUR,2014-12-31,2014-12-31,-0.0037017588502170503,0.00042473196906182988,0.030648099896171385,0.96823241073170985,8.4616376676806766,0.79687378072506931,32,3,1250
2015,USD,GBP,2014-12-31,2014-12-31,0.00069153820435281592,0.0008842335372908249,0.032444640032590885,0.96327009067959568,10.330372047597884,0.62409491960307073,16,3,1250
2015,USD,JPY,2014-12-31,2014-12-31,-0.012072816034098165,0.0037457215882557016,0.059900244272424352,0.93340823692233488,4.3803467919973951,0.78195446595621088,21,3,1250
2015,USD,CHF,2014-12-31,2014-12-31,0.010579527227230425,0.0024080140645185081,0.03748538616105395,0.95662292832986373,6.166794540348131,0.85816931139618613,28,3,1250
2015,GBP,EUR,2014-12-31,2014-12-31,-0.0076014457957270347,0.0012311404682055617,0.022890765238363333,0.97040770346536309,8.6892134557050902,0.57696255948887243,17,3,1250
2015,GBP,USD,2014-12-31,2014-12-31,-0.00069156873128492589,0.00088422035777775047,0.032444643536126763,0.96327019944230241,10.330164754988878,0.62409491960282759,16,3,1250
2015,GBP,JPY,2014-12-31,2014-12-31,-0.023714532686429621,0.0044773002672633322,0.054251289872177894,0.93986632311226115,5.0221007819762633,1.0096252160888202,32,3,1250
2015,GBP,CHF,2014-12-31,2014-12-31,0.0021234392713829482,0.0039993578159168508,0.062228968079971622,0.92420144945505645,7.3246222196004851,0.72980706136521989,25,3,1250
2015,JPY,EUR,2014-12-31,2014-12-31,0.0097307621138166874,0.0018603370407085267,0.04685751703851352,0.95141335902950308,6.5081016291413709,1.0716387620608883,29,3,1250
2015,JPY,USD,2014-12-31,2014-12-31,0.012072805066898172,0.0037458987995597423,0.059900104337749949,0.93340808750514925,4.3803126946437896,0.78195446594438978,22,3,1250
2015,JPY,GBP,2014-12-31,2014-12-31,0.023714876959475505,0.0044771197779011332,0.054251121026088985,0.93986693831028767,5.022094690193537,1.0096252160901256,28,3,1250
2015,JPY,CHF,2014-12-31,2014-12-31,0.026493819680815371,0.0041735617425969719,0.061434937140755437,0.93194968019326274,7.0917051783545064,1.0054056879312196,25,3,1250
2015,CHF,EUR,2014-12-31,2014-12-31,-0.0034542947660921599,2.0183312707640885e-05,0.1332762338405884,0.86561694054236504,4.0413755945678282,-0.064701878199213886,33,3,1250
2015,CHF,USD,2014-12-31,2014-12-31,-0.01057981901074717,0.002408030674809828,0.037485781893456006,0.95662257573557741,6.1667503910838208,0.85816931139720876,27,3,1250
2015,CHF,GBP,2014-12-31,2014-12-31,-0.0021234435331706726,0.0039993381676629207,0.06222902039236701,0.9242015077306116,7.324629911260077,0.72980706136515239,25,3,1250
2015,CHF,JPY,2014-12-31,2014-12-31,-0.026493718857996802,0.0041735036506564587,0.061434572186070339,0.93195015428180528,7.0916803243539386,1.0054056879317788,24,3,1250
2016,EUR,USD,2015-12-31,2015-12-31,0.0051867030050853037,0.00048681393266524435,0.027327278901354918,0.97155282195522763,6.2608397078547595,0.78669568536103418,26,3,1250
2016,EUR,GBP,2015-12-31,2015-12-31,0.010530572388427629,0.0017337978365324742,0.030831739938759352,0.96066030808467628,9.0181421191111255,0.57387013625570471,17,3,1250
2016,EUR,JPY,2015-12-31,2015-12-31,-0.0041432575438695666,0.0015162118741908841,0.037192997643830585,0.96115096233584985,5.5529515341279954,1.0019831545146829,28,3,1250
2016,EUR,CHF,2015-12-31,2015-12-31,0.0033036978077067591,2.6746147900540743e-05,0.1460208771044062,0.85287386989839897,3.9847468107263708,-0.10981574261520406,48,3,1250
2016,USD,EUR,2015-12-31,2015-12-31,-0.0051870026636781389,0.00048681382049579322,0.027327642978502015,0.97155245792300571,6.2608795755161699,0.78669568536363343,28,3,1250
2016,USD,GBP,2015-12-31,2015-12-31,-0.0040159851311711275,0.0014666098072306706,0.035145295065889919,0.95826311064501124,8.9725369854698052,0.5899473969423924,26,3,1250
2016,USD,JPY,2015-12-31,2015-12-31,-0.019311882964329719,0.0051921253704307604,0.064599643956628428,0.92232226896597058,4.3563341611315796,0.72668635170347329,20,3,1250
2016,USD,CHF,2015-12-31,2015-12-31,-0.0028335109967586414,0.0021406894013806816,0.007328486537638847,0.98481525622741328,4.2231868391465248,0.87791272914614271,30,3,1250
2016,GBP,EUR,2015-12-31,2015-12-31,-0.010530463900653911,0.0017337535390465682,0.030831551041130969,0.96066085216264463,9.0180429583946999,0.57387013625640304,19,3,1250
2016,GBP,USD,2015-12-31,2015-12-31,0.0040159862549306339,0.0014665953341230495,0.03514521771778558,0.95826326376022897,8.9725270410630849,0.58994739694236631,26,3,1250
2016,GBP,JPY,2015-12-31,2015-12-31,-0.023124538398625327,0.0061655329508387554,0.054865340023794458,0.93385246285352552,5.1782511451516378,0.93869432578179945,20,3,1250
2016,GBP,CHF,2015-12-31,2015-12-31,-0.0033040418439368403,0.014570210094228948,0.07809664363563204,0.86956649461102387,5.1589115390473168,0.73207535224659182,24,3,1250
2016,JPY,EUR,2015-12-31,2015-12-31,0.0041430548482568842,0.0015161072428494851,0.037192876224070553,0.96115133954694831,5.5529845426093072,1.0019831545133235,30,3,1250
2016,JPY,USD,2015-12-31,2015-12-31,0.019311857529001421,0.0051921446858706286,0.064599768467125881,0.92232214447594174,4.3563313665685772,0.72668635170338969,20,3,1250
2016,JPY,GBP,2015-12-31,2015-12-31,0.023124554748952416,0.0061655527939844515,0.054864939151885062,0.93385263724211864,5.1782665422487799,0.93869432578109335,20,3,1250
2016,JPY,CHF,2015-12-31,2015-12-31,0.0088234745971471403,0.014008942038380677,0.066625671314015464,0.90644516870367431,4.6897029677806383,0.98047548071705459,21,3,1250
2016,CHF,EUR,2015-12-31,2015-12-31,-0.0033037079322607464,2.6746128120370288e-05,0.14602086769268829,0.85287387930895542,3.9847465451597328,-0.10981574261520054,48,3,1250
2016,CHF,USD,2015-12-31,2015-12-31,0.002833471204251951,0.0021407254792398188,0.0073285108671592358,0.98481511474582728,4.2232071153297053,0.87791272914725449,32,3,1250
2016,CHF,GBP,2015-12-31,2015-12-31,0.0033040199083371209,0.014570244754424555,0.078096597115197841,0.86956638784653995,5.1589122021376195,0.7320753522466632,24,3,1250
2016,CHF,JPY,2015-12-31,2015-12-31,-0.008823468876701171,0.014008948498591528,0.066625748047582825,0.90644511544432338,4.6896973314465056,0.98047548071712898,21,3,1250
2017,EUR,USD,2016-12-30,2016-12-30,0.0083802279170229615,0.00075433728238785377,0.024689127505980551,0.97368351599008263,4.5578940472289773,0.72371736966698996,37,3,1250
2017,EUR,GBP,2016-12-30,2016-12-30,0.0081727097671992783,0.0026912150865746635,0.038714607497864685,0.95066038242150519,6.0672562000029195,0.65297865334627514,19,3,1250
2017,EUR,JPY,2016-12-30,2016-12-30,-0.010754672888405361,0.0029449261575244072,0.037680550371228916,0.95779837609311846,4.8051171672735657,0.97321745453955899,28,3,1250
2017,EUR,CHF,2016-12-30,2016-12-30,0.0028880748422341626,3.3577770031037856e-05,0.16429371928543243,0.83460328248698568,4.1609407569428942,-0.24909899380158426,51,3,1250
2017,USD,EUR,2016-12-30,2016-12-30,-0.0083798235010913383,0.00075435680876902633,0.024688760812212433,0.97368383317610785,4.5578771006491863,0.72371736966998412,46,3,1250
2017,USD,GBP,2016-12-30,2016-12-30,-0.0090559723455569032,0.0050390895076872794,0.058289330551225697,0.92397104203839553,5.3531388457463702,0.67127925982573222,17,3,1250
2017,USD,JPY,2016-12-30,2016-12-30,-0.030604562872899303,0.0032952719395825986,0.055422702804315369,0.94034357991369744,4.3087511330396531,0.81632589219176488,43,3,1250
2017,USD,CHF,2016-12-30,2016-12-30,-0.017815967549727602,0.0013757935411954456,0.0036467254514720173,0.99016999165432817,4.5273066489258813,0.77577492685163985,35,3,1250
2017,GBP,EUR,2016-12-30,2016-12-30,-0.0081727298678182306,0.0026912500094903825,0.038714526435263096,0.95066023789450893,6.0672439091878374,0.65297865334282557,19,3,1250
2017,GBP,USD,2016-12-30,2016-12-30,0.0090559308628240329,0.0050391123696872427,0.058289078986293166,0.92397121816963146,5.35312801461607,0.67127925982630421,17,3,1250
2017,GBP,JPY,2016-12-30,2016-12-30,-0.027759168826808872,0.009507185107336712,0.070737736748909985,0.91691900905039703,4.7821894319149436,1.0336251163619825,25,3,1250
2017,GBP,CHF,2016-12-30,2016-12-30,-0.001715362744839603,0.0053130754456665093,0.032611605629107698,0.94576023422198863,5.0897465037330205,0.72964721767407592,29,3,1250
2017,JPY,EUR,2016-12-30,2016-12-30,0.010754930775129507,0.0029449025029723414,0.037680589100697021,0.95779844841775663,4.8051048980997848,0.97321745453936837,34,3,1250
2017,JPY,USD,2016-12-30,2016-12-30,0.030604741205129338,0.0032953224778024949,0.055422865176583354,0.94034326792630807,4.3087435461742354,0.81632589219260066,26,3,1250
2017,JPY,GBP,2016-12-30,2016-12-30,0.027759143012052158,0.0095072198685782813,0.070737675367322631,0.91691891945702841,4.7821969922762513,1.0336251163620573,25,3,1250
2017,JPY,CHF,2016-12-30,2016-12-30,0.0053298860251106608,0.011405694304342897,0.03452045017496283,0.93816521927814467,4.4595366924542379,0.93886713656365461,29,3,1250
2017,CHF,EUR,2016-12-30,2016-12-30,-0.0028880729656373329,3.3577586887271671e-05,0.16429370798444595,0.8346032937865776,4.1609414569616341,-0.24909899380159678,64,3,1250
2017,CHF,USD,2016-12-30,2016-12-30,0.017815957543077805,0.0013757786620985028,0.0036467058493328867,0.99017005732288044,4.5273103813574966,0.77577492685157134,35,3,1250
2017,CHF,GBP,2016-12-30,2016-12-30,0.0017153434548145359,0.0053130492003541484,0.03261144602418619,0.94576047932545315,5.0897453098469621,0.729647217674121,29,3,1250
2017,CHF,JPY,2016-12-30,2016-12-30,-0.005329758458396886,0.011405831657969883,0.034520781435700823,0.93816460031072446,4.4595408828644612,0.93886713656395293,27,3,1250
2018,EUR,USD,2017-12-29,2017-12-29,0.0014504742086277841,0.0010352105936365602,0.027398633634501526,0.97017079313056287,4.2611541241803224,0.69411702035707568,33,3,1250
2018,EUR,GBP,2017-12-29,2017-12-29,0.0068466197694797733,0.0016950503252526662,0.024395434871002864,0.96919336641322851,5.6072338654750808,0.71083032609708807,22,3,1250
2018,EUR,JPY,2017-12-29,2017-12-29,-0.016020063531790786,0.0032971571985775956,0.027525819405725876,0.96358317398771987,4.5779935272899461,0.87710121580100753,28,3,1250
2018,EUR,CHF,2017-12-29,2017-12-29,0.0073691741099857619,0.00042907950651569464,0.1179884337962652,0.88090285415508407,4.520105177974683,-0.0081892555261450523,41,3,1250
2018,USD,EUR,2017-12-29,2017-12-29,-0.0014506105740842122,0.0010351947086597666,0.027398452873858562,0.9701710787002068,4.2611323419940579,0.69411702035696743,34,3,1250
2018,USD,GBP,2017-12-29,2017-12-29,-0.0050861966477161371,0.0038548046910326693,0.050481907060506058,0.9378593008753493,4.9873468208438281,0.72424311409567166,33,3,1250
2018,USD,JPY,2017-12-29,2017-12-29,-0.024378796465471048,0.0027273079793244991,0.042876836714755437,0.95095194407879979,4.6826199447062447,0.83996659507537585,33,3,1250
2018,USD,CHF,2017-12-29,2017-12-29,-0.018307092864635888,0.0015474141665255954,0.0043597797383081328,0.98896168531344786,4.0638501356565886,0.75409902085257674,29,3,1250
2018,GBP,EUR,2017-12-29,2017-12-29,-0.0068466285507925275,0.0016950623116906453,0.024395449191823251,0.96919330344982457,5.6072270304956744,0.71083032609719576,22,3,1250
2018,GBP,USD,2017-12-29,2017-12-29,0.0050860583892345448,0.0038547916602853483,0.050481765843475288,0.93785956627088396,4.9873360296298248,0.72424311409553588,22,3,1250
2018,GBP,JPY,2017-12-29,2017-12-29,-0.020229292255540272,0.0092562978831382658,0.05923114336749348,0.92558077930282856,4.8486566252148329,1.0263351307893722,21,3,1250
2018,GBP,CHF,2017-12-29,2017-12-29,-0.0090862716049253858,0.00018552732661625873,0.0036810391398192943,0.99424816941810823,4.3670373313604305,0.80007373734235421,42,3,1250
2018,JPY,EUR,2017-12-29,2017-12-29,0.016020013292211081,0.0032971963403862544,0.027525764970023629,0.96358309487404059,4.5779971050329138,0.87710121580098255,28,3,1250
2018,JPY,USD,2017-12-29,2017-12-29,0.024378770622058732,0.0027272951110711144,0.042876811949436489,0.95095203277141505,4.6826208924271917,0.8399665950753672,32,3,1250
2018,JPY,GBP,2017-12-29,2017-12-29,0.020229273385707933,0.0092562751310567605,0.059231216176027182,0.92558077519665327,4.8486595537464883,1.0263351307894191,21,3,1250
2018,JPY,CHF,2017-12-29,2017-12-29,0.00028323318846948267,0.0021431386586964257,0.0044676857726642814,0.98654605034430964,4.4116871633369046,0.81064113763660683,23,3,1250
2018,CHF,EUR,2017-12-29,2017-12-29,-0.007369180360873832,0.00042907947159884663,0.11798841278419282,0.88090287516456367,4.5201049959395192,-0.0081892555261462233,39,3,1250
2018,CHF,USD,2017-12-29,2017-12-29,0.018307164959987774,0.001547424794634473,0.0043598036357012735,0.98896161796164339,4.0638455974205199,0.75409902085259917,28,3,1250
2018,CHF,GBP,2017-12-29,2017-12-29,0.0090864576805826623,0.00018553458479077801,0.0036810470997903507,0.99424814179421228,4.3670293426599578,0.80007373734263354,43,3,1250
2018,CHF,JPY,2017-12-29,2017-12-29,-0.00028326301137503152,0.0021431313870025484,0.0044676645551163839,0.98654608799650012,4.4116920710947696,0.81064113763632906,23,3,1250
2019,EUR,USD,2018-12-31,2018-12-31,0.014642741466076147,0.0017734744217977202,0.032966620846547917,0.96230555001295004,5.0313822097740726,0.71333697997171153,30,3,1250
2019,EUR,GBP,2018-12-31,2018-12-31,0.0068123258266147577,0.0021591807040349451,0.031299899291365056,0.96171009561932119,5.3045084362799741,0.6918628905426476,22,3,1250
2019,EUR,JPY,2018-12-31,2018-12-31,-0.0022769560647652857,0.0047593642339854312,0.027476828747586213,0.95753096985531483,5.2828926052397556,0.79736742999644417,27,3,1250
2019,EUR,CHF,2018-12-31,2018-12-31,0.0067814258972573992,0.00044613725898081297,0.12748381249457985,0.87140864713499766,4.6396044728766768,0.042448785966579666,32,3,1250
2019,USD,EUR,2018-12-31,2018-12-31,-0.014642711005404646,0.0017734659199614769,0.032967085585566269,0.96230493875684064,5.0314598503638273,0.71333697997549006,22,3,1250
2019,USD,GBP,2018-12-31,2018-12-31,-0.01488270553098967,0.0051219639373897962,0.064883107561942238,0.9237736709883112,4.892618504422062,0.7622983553508913,20,3,1250
2019,USD,JPY,2018-12-31,2018-12-31,-0.017047277961474587,0.002038532318049532,0.039573635194822668,0.95419186069882689,5.5695435251281555,0.72118014284610998,25,3,1250
2019,USD,CHF,2018-12-31,2018-12-31,-0.027236623306412296,0.0029621199472550769,0.0066311494942825162,0.98193878286131242,4.1777670761058561,0.71828693038423086,32,3,1250
2019,GBP,EUR,2018-12-31,2018-12-31,-0.0068123352275548847,0.0021591915230306847,0.031299923175280707,0.96171001634810405,5.3045134270094323,0.69186289054272088,22,3,1250
2019,GBP,USD,2018-12-31,2018-12-31,0.014882590614747889,0.0051219123281838006,0.064883179274129218,0.92377393756093373,4.8926057467168196,0.76229835535100487,33,3,1250
2019,GBP,JPY,2018-12-31,2018-12-31,-0.0059799932609791396,0.0092941682407187039,0.059650653362305059,0.92386445059469369,5.0482400789048514,0.98268678649567409,20,3,1250
2019,GBP,CHF,2018-12-31,2018-12-31,-0.0071429771077344204,0.010493755503569098,0.040212420922521266,0.92671452993878611,4.6523152924183364,0.79540633873261957,34,3,1250
2019,JPY,EUR,2018-12-31,2018-12-31,0.0022768998047295133,0.0047593794801534311,0.02747683070100037,0.95753094072004197,5.2828882888184818,0.79736742999651489,27,3,1250
2019,JPY,USD,2018-12-31,2018-12-31,0.017047237337288957,0.0020385663156077278,0.039573672072388114,0.95419159006111776,5.5695511060107687,0.72118014284561727,25,3,1250
2019,JPY,GBP,2018-12-31,2018-12-31,0.0059799860456013123,0.0092941804489280327,0.059650768800112164,0.92386438992498898,5.0482310370353023,0.98268678649550401,20,3,1250
2019,JPY,CHF,2018-12-31,2018-12-31,-0.012218309099990879,0.0067009704878978824,0.011841817105241863,0.96143295591127531,4.7294044186706135,0.72631654232070564,26,3,1250
2019,CHF,EUR,2018-12-31,2018-12-31,-0.0067814456680169088,0.00044613708503145794,0.12748380631960823,0.87140865330920736,4.6396045073460961,0.042448785966577279,32,3,1250
2019,CHF,USD,2018-12-31,2018-12-31,0.027236617437773347,0.0029621291719912684,0.0066311660359229573,0.98193872725057463,4.1777708672711498,0.71828693038418201,32,3,1250
2019,CHF,GBP,2018-12-31,2018-12-31,0.0071429871737898254,0.01049358956310791,0.040212095231881503,0.9267153720532495,4.6523035485095017,0.79540633873313704,29,3,1250
2019,CHF,JPY,2018-12-31,2018-12-31,0.012218279308256254,0.0067009251904792538,0.011841589356124791,0.96143335232969607,4.7293985834716921,0.72631654232036458,30,3,1250
2020,EUR,USD,2019-12-31,2019-12-31,0.0048593702074984299,0.0009522275323553519,0.023956528311269671,0.97147937090197822,6.8410608746998189,0.67306983487251737,26,3,1250
2020,EUR,GBP,2019-12-31,2019-12-31,-0.00060403174682750705,0.0013148185618785991,0.015144781381890656,0.97961158205655963,5.4251504679269402,0.72497802692384006,25,3,1250
2020,EUR,JPY,2019-12-31,2019-12-31,0.00027700227136038532,0.0029757524020774229,0.018584450226435192,0.97055717534714592,5.8479031276935594,0.76698639828665749,19,3,1250
2020,EUR,CHF,2019-12-31,2019-12-31,0.001544405104318649,0.0036359153130649129,0.077125421938399483,0.88211052775557253,7.5868291167228534,0.15401770488944463,29,3,1250
2020,USD,EUR,2019-12-31,2019-12-31,-0.0048593367808090326,0.00095222809550927752,0.023956567113761772,0.9714793683091506,6.8410570887818682,0.67306983487261318,27,3,1250
2020,USD,GBP,2019-12-31,2019-12-31,-0.0090552318544822926,0.043247833348056666,0.05728832749004633,0.81405255084007311,5.5812962296659858,0.82761557373831163,23,3,1250
2020,USD,JPY,2019-12-31,2019-12-31,-0.0072401334548429265,0.00016884135393954611,0.014842434710898337,0.98403612558362907,5.4502424132826821,0.66550539572363088,28,3,1250
2020,USD,CHF,2019-12-31,2019-12-31,-0.012411847855605502,0.0007550452372745651,0.021859599640725626,0.97434959838303614,7.236543237206793,0.65472049722164549,21,3,1250
2020,GBP,EUR,2019-12-31,2019-12-31,0.00060404503702769297,0.001314819052789386,0.015144740971711007,0.97961161440603628,5.4251533934263598,0.72497802692392332,25,3,1250
2020,GBP,USD,2019-12-31,2019-12-31,0.0090553845678241467,0.043247849414654212,0.057288557590337637,0.81405233508806774,5.5812877403722219,0.82761557373836581,24,3,1250
2020,GBP,JPY,2019-12-31,2019-12-31,0.0076810167662923548,0.025394452589654493,0.056531840559133358,0.89398459273122,5.1538476096133312,1.0186437641074144,28,3,1250
2020,GBP,CHF,2019-12-31,2019-12-31,-0.00073886760479424771,0.010627022432479148,0.036614437447585239,0.93058185754974754,6.0849539854001691,0.82221177358594177,17,3,1250
2020,JPY,EUR,2019-12-31,2019-12-31,-0.00027688226691487898,0.0029757357363386166,0.018584363059555308,0.97055731651764743,5.8478904895901271,0.7669863982866455,28,3,1250
2020,JPY,USD,2019-12-31,2019-12-31,0.0072398005157429373,0.00016882570503532412,0.014842625746115844,0.98403593457198435,5.4503789951746722,0.66550539572404144,26,3,1250
2020,JPY,GBP,2019-12-31,2019-12-31,-0.0076812684058705887,0.025394930696809131,0.056532106700498019,0.89398327402419697,5.1538415143266558,1.0186437641063315,29,3,1250
2020,JPY,CHF,2019-12-31,2019-12-31,-0.0073678262891484049,0.0020594879211745403,0.026318970031634616,0.9632977032579354,7.8894597188755444,0.64387006948819614,20,3,1250
2020,CHF,EUR,2019-12-31,2019-12-31,-0.0015443953849950533,0.003635938761048237,0.077125737186040363,0.88211015009451277,7.5867857024547947,0.15401770488996061,30,3,1250
2020,CHF,USD,2019-12-31,2019-12-31,0.012412078968615698,0.00075505961033510416,0.021859618822891318,0.97434952507303219,7.2364940130216926,0.65472049722225789,21,3,1250
2020,CHF,GBP,2019-12-31,2019-12-31,0.00073904060451178085,0.010627347690499183,0.036614727445122459,0.93058055945349927,6.0849638634796088,0.82221177358510722,16,3,1250
2020,CHF,JPY,2019-12-31,2019-12-31,0.0073677585274263841,0.0020594592798569488,0.026319068016546165,0.96329781819260207,7.8894002660808127,0.64387006948671266,28,3,1250
2021,EUR,USD,2020-12-31,2020-12-31,0.00013834638412161895,0.0025801778609742358,0.03296048853074366,0.95440713624929341,7.6254992265123409,0.59861769729096737,26,3,1250
2021,EUR,GBP,2020-12-31,2020-12-31,-0.00076543215326547195,0.017924799254555916,0.064326756797831702,0.86807257055972209,5.3164221343710381,0.69612494280040715,20,3,1250
2021,EUR,JPY,2020-12-31,2020-12-31,-0.0037538700103379218,0.0044041140770639566,0.025016592979397616,0.95774752121053119,6.4413720734173996,0.73165109340999079,18,3,1250
2021,EUR,CHF,2020-12-31,2020-12-31,0.005492593089564359,0.0093914182798104495,0.10341457463030686,0.77386327868663829,5.5454116917987921,0.060782060433568201,38,3,1250
2021,USD,EUR,2020-12-31,2020-12-31,-0.00013826632101972961,0.002580169552596549,0.032960472324214861,0.95440721244544102,7.6254566115785076,0.59861769729054859,26,3,1250
2021,USD,GBP,2020-12-31,2020-12-31,0.0040790467448315656,0.048181146842488365,0.090525820745058994,0.77561349480412634,6.7717218517233126,0.86920105583931562,19,3,1250
2021,USD,JPY,2020-12-31,2020-12-31,-0.0037603305874755015,0.0032892872640678137,0.051259807655375411,0.93693121815699942,4.7236978939482768,0.64229834580787959,20,3,1250
2021,USD,CHF,2020-12-31,2020-12-31,0.00013484456692264678,0.0048567558756657577,0.031556868067774212,0.94297075485778581,7.12860879218396,0.56953976932892569,25,3,1250
2021,GBP,EUR,2020-12-31,2020-12-31,0.00076542664809089176,0.017924708074741211,0.064326717097794694,0.86807298864958815,5.3164201041757204,0.69612494280038717,20,3,1250
2021,GBP,USD,2020-12-31,2020-12-31,-0.004079123585828192,0.048181032506976501,0.090525236817732863,0.77561406363006136,6.7717351986911964,0.86920105583925344,21,3,1250
2021,GBP,JPY,2020-12-31,2020-12-31,-0.0043229384618203677,0.034087762044292175,0.074646521942387495,0.85792702460208536,5.2724205770451924,1.0162352058981157,31,3,1250
2021,GBP,CHF,2020-12-31,2020-12-31,0.0007212056032677303,0.043543953061246948,0.078658095090231639,0.78246052697935409,5.6717998469961959,0.79218087955261995,18,3,1250
2021,JPY,EUR,2020-12-31,2020-12-31,0.0037538595359642192,0.0044040801877972798,0.025016471251645595,0.95774776567865494,6.441380254686595,0.73165109341002699,18,3,1250
2021,JPY,USD,2020-12-31,2020-12-31,0.0037603092540523463,0.0032893283760803338,0.05125987700079921,0.93693086389379332,4.7237132532215735,0.64229834580857881,20,3,1250
2021,JPY,GBP,2020-12-31,2020-12-31,0.0043228898324177882,0.034087636343899219,0.074646217797266295,0.85792750177094657,5.2724236073565942,1.016235205898121,31,3,1250
2021,JPY,CHF,2020-12-31,2020-12-31,0.0036901538160301769,0.0044047882877397068,0.036725040047456636,0.93988673076187912,7.9595186423938005,0.57888360208445921,17,3,1250
2021,CHF,EUR,2020-12-31,2020-12-31,-0.0054924926308090229,0.0093914996982075762,0.10341436172984966,0.77386186978026938,5.5454055960414541,0.060782060434090762,34,3,1250
2021,CHF,USD,2020-12-31,2020-12-31,-0.00013468547946147858,0.0048568233692353599,0.031556618720065169,0.94297069116686461,7.1285557063195242,0.56953976933151984,17,3,1250
2021,CHF,GBP,2020-12-31,2020-12-31,-0.00072121663484497011,0.043543946650152508,0.078658310614344126,0.7824604129326721,5.6718014367831158,0.79218087955263927,20,3,1250
2021,CHF,JPY,2020-12-31,2020-12-31,-0.0036901938956065937,0.0044045001362575066,0.036723676489915175,0.93988957320525413,7.9594935210453066,0.57888360208236866,20,3,1250
2022,EUR,USD,2021-12-31,2021-12-31,0.002697099031485831,0.0016310302442868341,0.035735417733665939,0.95454745472179103,12.158531904407628,0.49743290144462027,21,3,1250
2022,EUR,GBP,2021-12-31,2021-12-31,0.0083088663071349701,0.021082476190257191,0.075401266947073192,0.8147677216911493,6.6246244573956758,0.5538073520813328,19,3,1250
2022,EUR,JPY,2021-12-31,2021-12-31,-0.0054268362570262015,0.0024129217874921966,0.025316518835805806,0.96272294925890078,8.5385168614374578,0.59940775551054426,28,3,1250
2022,EUR,CHF,2021-12-31,2021-12-31,0.0091858340004368662,0.0084083271575691905,0.10894551917647359,0.77888569770723082,5.7647405285089253,0.044140171227732165,34,3,1250
2022,USD,EUR,2021-12-31,2021-12-31,-0.0026971350880039846,0.0016310684886608035,0.035735782719111611,0.95454690566352862,12.158501212145552,0.49743290144552521,21,3,1250
2022,USD,GBP,2021-12-31,2021-12-31,0.0046388099031873728,0.031689616597431185,0.079804324621622111,0.80442989633892148,9.6730724985682688,0.747001067968039,16,3,1250
2022,USD,JPY,2021-12-31,2021-12-31,-0.012741508112852675,0.0081346515704216697,0.056928576536407108,0.89401166363952622,6.1286134015547464,0.47786930515246678,27,3,1250
2022,USD,CHF,2021-12-31,2021-12-31,0.0051519763590257336,0.0097825907866821021,0.042249194774291142,0.89910806073073068,10.872753967202538,0.51002927006509435,22,3,1250
2022,GBP,EUR,2021-12-31,2021-12-31,-0.0083088341489630426,0.02108244756840345,0.07540109622283285,0.8147680255222608,6.6246161290662817,0.55380735208125875,19,3,1250
2022,GBP,USD,2021-12-31,2021-12-31,-0.0046388243183996683,0.031689668423195781,0.079804413557102896,0.80442969288983335,9.6730389792179139,0.74700106796791732,16,3,1250
2022,GBP,JPY,2021-12-31,2021-12-31,-0.016357106243175264,0.059390020764004132,0.072074112158028794,0.76033166305848709,5.850785104379419,0.85638486671435932,15,3,1250
2022,GBP,CHF,2021-12-31,2021-12-31,-0.0050387031158088489,0.056898877050762922,0.10529852494216764,0.66687965892750967,6.7033101558978618,0.68531798158586388,22,3,1250
2022,JPY,EUR,2021-12-31,2021-12-31,0.0054268535556399955,0.0024129373082475546,0.025316587063721734,0.96272279309953879,8.5385013088548227,0.59940775551047432,38,3,1250
2022,JPY,USD,2021-12-31,2021-12-31,0.012741571242857087,0.0081346588499038308,0.056928551438115184,0.89401164492455087,6.1286091004072762,0.47786930515245657,21,3,1250
2022,JPY,GBP,2021-12-31,2021-12-31,0.016357095337334236,0.05939008302897672,0.072074059813239152,0.760331582700152,5.8507785492383153,0.85638486671442082,15,3,1250
2022,JPY,CHF,2021-12-31,2021-12-31,0.0090948377392675323,0.0071898292081377839,0.047850636730412323,0.90401738092445805,16.016478595203857,0.45356425442069187,32,3,1250
2022,CHF,EUR,2021-12-31,2021-12-31,-0.0091858573647865451,0.008408283214112142,0.10894507855605907,0.77888681169318563,5.764738615776869,0.044140171227848829,33,3,1250
2022,CHF,USD,2021-12-31,2021-12-31,-0.0051520961580174413,0.009782495239229189,0.042248924210756773,0.89910875761886133,10.872888038665046,0.51002927006421084,30,3,1250
2022,CHF,GBP,2021-12-31,2021-12-31,0.0050386953075532278,0.056898849083642782,0.10529848976845116,0.66687984279063972,6.7033078798639796,0.68531798158585822,22,3,1250
2022,CHF,JPY,2021-12-31,2021-12-31,-0.0090943812640163681,0.0071901053799351489,0.047849333223802443,0.90401707875940163,16.016845486567632,0.45356425441916964,18,3,1250
2023,EUR,USD,2022-12-30,2022-12-30,0.015856910108501415,0.0017547024675595491,0.044761814245722287,0.9474803273028688,8.8048971886975789,0.56596324094464978,22,3,1250
2023,EUR,GBP,2022-12-30,2022-12-30,0.0097942228405043363,0.016221326672957722,0.069847388609733857,0.84548279605846532,6.2578863379357239,0.54418890029998079,21,3,1250
2023,EUR,JPY,2022-12-30,2022-12-30,-0.0043466564557288938,0.00094140527467841627,0.031265202726827687,0.96659369586347599,6.7486924627290952,0.67760357281407502,27,3,1250
2023,EUR,CHF,2022-12-30,2022-12-30,0.013950081486002276,0.0020807235579255235,0.074380301660562378,0.90675235722964209,5.4454290947061841,0.1648343802999197,34,3,1250
2023,USD,EUR,2022-12-30,2022-12-30,-0.015856913607116552,0.0017547289798172413,0.04476191674637079,0.94748006384184458,8.8048994012724364,0.56596324094458417,22,3,1250
2023,USD,GBP,2022-12-30,2022-12-30,-0.012170982205087982,0.019492502643202913,0.09258788487595139,0.84835380674788086,7.9176159939313422,0.8120805399508465,33,3,1250
2023,USD,JPY,2022-12-30,2022-12-30,-0.025587726455547289,0.0060351385873876721,0.058584299731167459,0.91786882807365877,3.9933816939226321,0.5443147473715384,32,3,1250
2023,USD,CHF,2022-12-30,2022-12-30,-0.0069285232343678452,0.0043697510968105247,0.037562857895035433,0.93980117087897275,7.5994130139652247,0.56240681561679706,20,3,1250
2023,GBP,EUR,2022-12-30,2022-12-30,-0.0097942257714853254,0.016221191179236986,0.069847018314603701,0.84548383731196108,6.2578908296283462,0.54418890030003975,21,3,1250
2023,GBP,USD,2022-12-30,2022-12-30,0.012170975735820587,0.019492529937298858,0.092587958432808787,0.84835360507798863,7.9176411358627634,0.81208053995102114,33,3,1250
2023,GBP,JPY,2022-12-30,2022-12-30,-0.01974019761219983,0.044164476958052382,0.093926449519231861,0.80077567741231348,5.2982957346453237,0.90615114413461018,19,3,1250
2023,GBP,CHF,2022-12-30,2022-12-30,0.0031091682479915624,0.043914344130380707,0.11285507911063479,0.7237578078937672,6.187871296191279,0.70787018440399585,20,3,1250
2023,JPY,EUR,2022-12-30,2022-12-30,0.0043465066066562617,0.0009414554779831213,0.031265340398990545,0.96659317504289144,6.7489263750283426,0.67760357282974037,22,3,1250
2023,JPY,USD,2022-12-30,2022-12-30,0.025587727726473535,0.0060351141163768659,0.058584231598122059,0.91786892789157981,3.9933901060588282,0.544314747371626,31,3,1250
2023,JPY,GBP,2022-12-30,2022-12-30,0.019740271819519518,0.044163996872834239,0.093926091519071636,0.80077721499908716,5.2982931427767239,0.90615114413472497,19,3,1250
2023,JPY,CHF,2022-12-30,2022-12-30,0.013984297624857308,0.0017136596453823873,0.036313926745295017,0.95567411789463519,8.2786913208996431,0.53373796425127951,18,3,1250
2023,CHF,EUR,2022-12-30,2022-12-30,-0.013950101352829787,0.0020807143692350848,0.074380242750139783,0.90675250802356366,5.4454407817156776,0.16483438029996847,37,3,1250
2023,CHF,USD,2022-12-30,2022-12-30,0.0069286251116409472,0.0043696965119494873,0.037562748807524984,0.93980153506099362,7.5993671075629727,0.56240681561742734,18,3,1250
2023,CHF,GBP,2022-12-30,2022-12-30,-0.0031091917277802352,0.043914352608290075,0.11285521610707437,0.72375765918718205,6.1878779277462241,0.70787018440389327,20,3,1250
2023,CHF,JPY,2022-12-30,2022-12-30,-0.013984272605602029,0.0017136393040656152,0.036313903714864704,0.95567429488967992,8.2787131630684385,0.53373796425341058,18,3,1250
2024,EUR,USD,2023-12-29,2023-12-29,0.0080478721132310645,0.0019235791335277203,0.042144532341945817,0.95016273796786621,6.4213040711282963,0.57769429898046276,19,3,1250
2024,EUR,GBP,2023-12-29,2023-12-29,0.0085274838063253752,0.0085230822679295028,0.069939497178412927,0.88450812192719352,5.9790623109746468,0.51424150538792979,19,3,1250
2024,EUR,JPY,2023-12-29,2023-12-29,-0.013958480970013619,0.0021185090378702063,0.040553078548733031,0.95393248542985098,5.7530874240618166,0.7200512189897279,34,3,1250
2024,EUR,CHF,2023-12-29,2023-12-29,0.018923282407024077,0.0033704563243369501,0.1082266747325412,0.86487618325532933,5.7378838523191238,0.17545935283153885,20,3,1250
2024,USD,EUR,2023-12-29,2023-12-29,-0.0080478781783993938,0.0019235848796991851,0.042144663609880353,0.95016262240893778,6.4212972988473727,0.57769429898064173,19,3,1250
2024,USD,GBP,2023-12-29,2023-12-29,-0.0035894723176922846,0.017934640503838164,0.095621497119678087,0.85220518776890464,6.9477486184882524,0.81170385730549233,23,3,1250
2024,USD,JPY,2023-12-29,2023-12-29,-0.029320296453424925,0.0076495698926501068,0.098729076242214484,0.89708810427327934,3.2930264152396709,0.64344902216616084,33,3,1250
2024,USD,CHF,2023-12-29,2023-12-29,0.0024242384884506007,0.003266142574045301,0.033371993933395516,0.95307840763652796,5.7415711101596436,0.60850880417171338,25,3,1250
2024,GBP,EUR,2023-12-29,2023-12-29,-0.0085275046065405244,0.0085231126445452412,0.069939499692739229,0.88450793174569542,5.9790589551532722,0.51424150538790514,19,3,1250
2024,GBP,USD,2023-12-29,2023-12-29,0.003589452564602285,0.017934698292514865,0.095621475967974254,0.85220497282218965,6.9477524867732834,0.811703857305485,23,3,1250
2024,GBP,JPY,2023-12-29,2023-12-29,-0.030963222360844832,0.035392849751374425,0.10724710497843522,0.81718228269057036,4.8824500862894471,0.9193204990506918,21,3,1250
2024,GBP,CHF,2023-12-29,2023-12-29,0.0045536208826607314,0.031455802785832772,0.10023639263645999,0.77875272130177609,6.1556101303165471,0.68693012311848867,21,3,1250
2024,JPY,EUR,2023-12-29,2023-12-29,0.013958258602775173,0.0021185359640495832,0.040552888524048127,0.95393260566278271,5.7530340503247892,0.72005121898945168,33,3,1250
2024,JPY,USD,2023-12-29,2023-12-29,0.029320411940331081,0.007649494413623832,0.098729225065073922,0.89708858513732215,3.2930167779136683,0.64344902216613453,39,3,1250
2024,JPY,GBP,2023-12-29,2023-12-29,0.030963194904559687,0.035392793346733155,0.10724693600767142,0.81718246069263967,4.8824566680482953,0.91932049905065161,18,3,1250
2024,JPY,CHF,2023-12-29,2023-12-29,0.028177595208136074,0.0020032967095300227,0.041946087736863341,0.95076826150998373,6.0567845603787251,0.60685636544439736,24,3,1250
2024,CHF,EUR,2023-12-29,2023-12-29,-0.01892322279144662,0.0033704273463200942,0.10822557131407608,0.86487736405262428,5.7378836934549362,0.1754593528315469,31,3,1250
2024,CHF,USD,2023-12-29,2023-12-29,-0.0024242488516192113,0.0032661332572366851,0.033371917715609066,0.95307852990886133,5.7415663882080858,0.60850880417167097,26,3,1250
2024,CHF,GBP,2023-12-29,2023-12-29,-0.0045536281380052449,0.031455762108284976,0.10023635565430759,0.77875285500429769,6.1556029114667048,0.68693012311846302,20,3,1250
2024,CHF,JPY,2023-12-29,2023-12-29,-0.028177477340984018,0.0020033027162476183,0.041945677156269304,0.95076859078790976,6.0567805935583943,0.60685636544394528,19,3,1250
2025,EUR,USD,2024-12-31,2024-12-31,0.00051936248940170221,0.0012658657158134464,0.029363027186670578,0.96530151234367179,5.5715860389767267,0.60267253326215731,44,3,1250
2025,EUR,GBP,2024-12-31,2024-12-31,0.016232504386632731,0.00069931788377235377,0.043598399910473713,0.95301845629269977,5.6826288659096864,0.40738183535433153,38,3,1250
2025,EUR,JPY,2024-12-31,2024-12-31,-0.035581696999961672,0.0045105264253397139,0.056683498958344646,0.93095022108356806,5.9228383954798485,0.78536620572095039,19,3,1250
2025,EUR,CHF,2024-12-31,2024-12-31,0.0082953343643045307,0.0048596600359682423,0.11957556913298638,0.84793273854159223,5.1842487085850149,0.24813943137275452,19,3,1250
2025,USD,EUR,2024-12-31,2024-12-31,-0.00051933427321708132,0.0012658792711933663,0.029363070767232737,0.9653013923208813,5.5715876283451546,0.60267253326210046,39,3,1250
2025,USD,GBP,2024-12-31,2024-12-31,0.0059691504430307947,0.0087156349235542434,0.087118106771828407,0.88707179684271997,6.3985042587069616,0.75516919014809258,17,3,1250
2025,USD,JPY,2024-12-31,2024-12-31,-0.045264191367982841,0.008703542264178063,0.093816180964673368,0.89313072881497635,3.719993256435965,0.76714654575617947,23,3,1250
2025,USD,CHF,2024-12-31,2024-12-31,-0.0051917173233921483,0.0095661663899650248,0.044174975716293731,0.91566354707963293,5.3988693324721382,0.64457467436955596,26,3,1250
2025,GBP,EUR,2024-12-31,2024-12-31,-0.016232561363334275,0.00069932105209676379,0.04359752805711286,0.9530190377521196,5.6826501526991073,0.40738183535183659,37,3,1250
2025,GBP,USD,2024-12-31,2024-12-31,-0.0059691549784648915,0.0087156294458188583,0.087117938286560864,0.88707189213829429,6.3985134716103076,0.75516919014806905,17,3,1250
2025,GBP,JPY,2024-12-31,2024-12-31,-0.05613081917108402,0.034651621046426238,0.13598230497549529,0.79148193259029065,5.3202232125281652,0.91182873970240308,17,3,1250
2025,GBP,CHF,2024-12-31,2024-12-31,-0.00925868200667628,0.025039767995461037,0.11902467639238612,0.77907868915890621,5.7951361786875353,0.63529737053958313,20,3,1250
2025,JPY,EUR,2024-12-31,2024-12-31,0.035581680983845322,0.0045104877756332908,0.056683204814426055,0.9309505925667958,5.9228417263463973,0.78536620572142124,19,3,1250
2025,JPY,USD,2024-12-31,2024-12-31,0.04526420165266222,0.0087035214309864727,0.093815823790570241,0.89313093868695914,3.7199981206449815,0.76714654575618713,23,3,1250
2025,JPY,GBP,2024-12-31,2024-12-31,0.056130820813604702,0.034651671343572409,0.13598243112252731,0.79148179526205076,5.3202168783254695,0.9118287397023872,17,3,1250
2025,JPY,CHF,2024-12-31,2024-12-31,0.03602448717373468,0.0028239256359273075,0.042301584295896165,0.9473316713732739,5.6534073683415977,0.67083604518665763,29,3,1250
2025,CHF,EUR,2024-12-31,2024-12-31,-0.0082953031022497542,0.0048594375421380145,0.11957361572006321,0.84793630056401514,5.1842559049342523,0.24813943137401184,22,3,1250
2025,CHF,USD,2024-12-31,2024-12-31,0.0051916658924955113,0.0095660174276948062,0.044174624898103365,0.91566437551624669,5.3988793630492928,0.64457467436966709,16,3,1250
2025,CHF,GBP,2024-12-31,2024-12-31,0.0092586596647616804,0.025039831649427559,0.11902467923488637,0.77907842881460776,5.7951331146924723,0.63529737053963586,20,3,1250
2025,CHF,JPY,2024-12-31,2024-12-31,-0.036024501254907103,0.0028239276664464462,0.042301434202204349,0.94733180361220393,5.6534010840373146,0.67083604518688111,29,3,1250
