tau,model,train_reference,score,breach,mean_var,mean_es,n
0.94999999999999996,HS500,ALL_EQUIVARIANT,-5.0277342946910384,0.049714199759326116,0.0044379926231676754,0.0063240593872331014,13296
0.98999999999999999,HS500,ALL_EQUIVARIANT,-4.4887806999367816,0.0105294825511432,0.0075430231227948423,0.0098268660630108171,13296
0.94999999999999996,HS1250,ALL_EQUIVARIANT,-5.027837563910305,0.044599879663056556,0.0046557968928210534,0.006715400363361268,13296
0.98999999999999999,HS1250,ALL_EQUIVARIANT,-4.5356832830783391,0.010153429602888087,0.0077938756169334683,0.010387645350151705,13296
0.94999999999999996,EWMA_GAUSS,ALL_EQUIVARIANT,-5.1156457618034912,0.048586040914560771,0.0043467058297099485,0.0054390708369286452,13296
0.98999999999999999,EWMA_GAUSS,ALL_EQUIVARIANT,-4.5217460120604684,0.019554753309265944,0.0061335337170252162,0.007016550339096996,13296
0.94999999999999996,EWMA_RADIAL,ALL_EQUIVARIANT,-5.0973840661323875,0.041741877256317693,0.0046498292226630437,0.008287545562151338,13296
0.98999999999999999,EWMA_RADIAL,ALL_EQUIVARIANT,-4.5617266643022081,0.0089500601684717202,0.0076458057035529063,0.018581867993809197,13296
0.94999999999999996,FHS250,EUR,-4.999811745358981,0.04986462093862816,0.0043566347292747472,273.68539113911908,13296
0.98999999999999999,FHS250,EUR,-4.4162913467268394,0.013312274368231047,0.0075116483778103283,1368.4050385785608,13296
0.94999999999999996,TCOP250,EUR,-4.9815664089374865,0.053023465703971116,0.0042436704066423966,810.82647368203982,13296
0.98999999999999999,TCOP250,EUR,-4.3986259553882974,0.01549338146811071,0.006884528890480076,4054.1116222814057,13296
0.94999999999999996,FHS500,EUR,-5.0176198560247531,0.049413357400722023,0.0043706512063928608,136.57196511046163,13296
0.98999999999999999,FHS500,EUR,-4.4482131904373796,0.0091004813477737669,0.0075863536647711909,682.83823372072288,13296
0.94999999999999996,TCOP500,EUR,-5.0282413264614556,0.051895306859205778,0.0042671694385623101,40.76553295759561,13296
0.98999999999999999,TCOP500,EUR,-4.4831348175894341,0.01263537906137184,0.0070009406268659738,203.80671904165928,13296
0.94999999999999996,FHS1250,EUR,-5.0396237746760084,0.04911251504211793,0.0043638189806548379,54.567320031765014,13296
0.98999999999999999,FHS1250,EUR,-4.4764821008705793,0.010078219013237064,0.0071392973118064272,272.81504320853486,13296
0.94999999999999996,TCOP1250,EUR,-5.0595112261280768,0.048586040914560771,0.0043537276585311055,0.22570173279388267,13296
0.98999999999999999,TCOP1250,EUR,-4.5035274148768449,0.010980746089049339,0.0069993515650018778,1.107284017797181,13296
0.94999999999999996,FHS250,USD,-5.0908508160057178,0.049638989169675088,0.004377752750854059,0.0063402658314804976,13296
0.98999999999999999,FHS250,USD,-4.567910058899094,0.012484957882069795,0.0072375238057178831,0.0098158260682192581,13296
0.94999999999999996,TCOP250,USD,-5.0814784943712779,0.04986462093862816,0.0043706868116270194,0.0061644001406332173,13296
0.98999999999999999,TCOP250,USD,-4.5890914839426191,0.01180806257521059,0.0072456417146619803,0.0091352839694953149,13296
0.94999999999999996,FHS500,USD,-5.0952034764657101,0.047608303249097469,0.0043824841917495345,0.0062611772060063723,13296
0.98999999999999999,FHS500,USD,-4.6117883977206624,0.0097773766546329719,0.0073828002222367777,0.0096785742149176086,13296
0.94999999999999996,TCOP500,USD,-5.0957721819800419,0.048586040914560771,0.0043736928610952812,0.0061564557739092803,13296
0.98999999999999999,TCOP500,USD,-4.6145416356348861,0.01128158844765343,0.0071880988236293266,0.009160476801017255,13296
0.94999999999999996,FHS1250,USD,-5.103158073834785,0.047232250300842361,0.0044387125112279055,0.0063258216662284913,13296
0.98999999999999999,FHS1250,USD,-4.6406966251594284,0.0094765342960288802,0.0072463046362619297,0.0096624331360208749,13296
0.94999999999999996,TCOP1250,USD,-5.0999676459293513,0.045502406738868829,0.0044585191902137521,0.0061971583425831454,13296
0.98999999999999999,TCOP1250,USD,-4.6246767367752417,0.010303850782190132,0.00719019939510892,0.0091459674147939818,13296
0.94999999999999996,FHS250,GBP,-5.0574425096944875,0.052346570397111915,0.004414403460195236,0.0064408088856739189,13296
0.98999999999999999,FHS250,GBP,-4.5194515647944842,0.013011432009626955,0.0073540742114090885,0.01026061910516254,13296
0.94999999999999996,TCOP250,GBP,-5.0297982202428022,0.054377256317689533,0.0044561693354898593,0.0063249058341200669,13296
0.98999999999999999,TCOP250,GBP,-4.5214999668369114,0.012560168471720819,0.0073653136839858958,0.0095886422719813885,13296
0.94999999999999996,FHS500,GBP,-5.0644525923956527,0.049262936221419973,0.004464952113819508,0.0064219987770752331,13296
0.98999999999999999,FHS500,GBP,-4.5762473899932798,0.010078219013237064,0.0074295634834694417,0.010108758124695616,13296
0.94999999999999996,TCOP500,GBP,-5.054907837258301,0.051744885679903728,0.004491319269572764,0.006380051954097769,13296
0.98999999999999999,TCOP500,GBP,-4.5862193611326187,0.011507220216606499,0.0074504751742452465,0.0096976814344733615,13296
0.94999999999999996,FHS1250,GBP,-5.0672997565978344,0.048435619735258721,0.004545663486078458,0.0064894570615245464,13296
0.98999999999999999,FHS1250,GBP,-4.5933705660437854,0.01128158844765343,0.0073076684368452369,0.0099248718773753027,13296
0.94999999999999996,TCOP1250,GBP,-5.0614807603843461,0.048285198555956678,0.004589314254388281,0.0065266402788087541,13296
0.98999999999999999,TCOP1250,GBP,-4.5642250877266362,0.010604693140794224,0.0076352296858391124,0.0099532583925721584,13296
0.94999999999999996,FHS250,JPY,-5.0850154653039663,0.054452466907340555,0.0043757782118157189,0.0063881961176695543,13296
0.98999999999999999,FHS250,JPY,-4.5547093128491314,0.013086642599277979,0.0074070234851088199,0.0098976137217686635,13296
0.94999999999999996,TCOP250,JPY,-5.0714297461885982,0.054978941034897713,0.0044671611833921191,0.006267787223191182,13296
0.98999999999999999,TCOP250,JPY,-4.5870936332154786,0.012785800240673887,0.0073447991501309397,0.0091813118344660268,13296
0.94999999999999996,FHS500,JPY,-5.0910964867792732,0.050240673886883275,0.0044925165312347205,0.0063964804395629437,13296
0.98999999999999999,FHS500,JPY,-4.6125649855841298,0.010980746089049339,0.0075216985972807069,0.0098868528611433717,13296
0.94999999999999996,TCOP500,JPY,-5.0699480320860104,0.051895306859205778,0.0044793931069136523,0.0063148450268747736,13296
0.98999999999999999,TCOP500,JPY,-4.5795263126255854,0.01263537906137184,0.0073773560473802775,0.0093504107793729169,13296
0.94999999999999996,FHS1250,JPY,-5.0951998158866392,0.047382671480144405,0.0045233213866935247,0.0064342540054433467,13296
0.98999999999999999,FHS1250,JPY,-4.6255785575578781,0.010153429602888087,0.0073203305099864878,0.0098515367353549429,13296
0.94999999999999996,TCOP1250,JPY,-5.0912204254217528,0.048059566787003613,0.0045354136671995017,0.0063598262651835815,13296
0.98999999999999999,TCOP1250,JPY,-4.620789327071285,0.0096269554753309269,0.0074194201842025902,0.0094315195320817339,13296
0.94999999999999996,FHS250,CHF,-5.0203905324723639,0.049488567990373045,0.0045973532463705362,94.517323193706261,13296
0.98999999999999999,FHS250,CHF,-4.4230714480056736,0.01286101083032491,0.0082798581867301185,472.56320100470504,13296
0.94999999999999996,TCOP250,CHF,-4.985964987223853,0.050842358604091455,0.0045652680227960193,180772.56039872978,13296
0.98999999999999999,TCOP250,CHF,-4.3677767316863587,0.01338748495788207,0.0078884986142044658,903862.7791979725,13296
0.94999999999999996,FHS500,CHF,-5.029176394050868,0.049262936221419973,0.0046277728205820247,47.167440362145932,13296
0.98999999999999999,FHS500,CHF,-4.4721079759066713,0.010153429602888087,0.0081425579375121564,235.8141781291547,13296
0.94999999999999996,TCOP500,CHF,-5.0167480016222212,0.048736462093862815,0.004611004585835579,14081.415036624834,13296
0.98999999999999999,TCOP500,CHF,-4.4492904911748461,0.011432009626955475,0.007764121193102008,70407.052328311111,13296
0.94999999999999996,FHS1250,CHF,-5.0420808677607951,0.045427196149217808,0.0046616032817440936,18.848857721611896,13296
0.98999999999999999,FHS1250,CHF,-4.4951275342336148,0.0091004813477737669,0.0079327498418525089,94.220983502863191,13296
0.94999999999999996,TCOP1250,CHF,-5.0284444780511963,0.046254512635379059,0.0047412981350304076,2.8338516056409966,13296
0.98999999999999999,TCOP1250,CHF,-4.4582992559717898,0.01075511432009627,0.0079639798132012923,14.145756155207122,13296
0.94999999999999996,FHS_REF_POOL,ALL_FIVE,-5.0696814090677984,0.044148616125150419,0.004530766256280884,14.687223939796098,13296
0.98999999999999999,FHS_REF_POOL,ALL_FIVE,-4.5665011853029371,0.0084235860409145602,0.0075978089968917941,73.413466280744089,13296
0.94999999999999996,TCOP_REF_POOL,ALL_FIVE,-5.0723262153354343,0.043321299638989168,0.0045692090645012631,0.6158892242867986,13296
0.98999999999999999,TCOP_REF_POOL,ALL_FIVE,-4.5674379856292244,0.0085740072202166069,0.0076280680398065175,3.0567399592645281,13296
