origin_date,radius_variance_scale,normalized_radius_max,raw_radius_squared_max,training_reference,minimum_internal_residual_sd,maximum_centered_standardized_shock,raw_internal_maximum
2015-01-13,0.8266039842512665,4.285338306045727,15.179858394063366,,,,
2015-01-13,,,,EUR,0.899030359625216,4.355919831565659,4.21320156996573
2015-01-13,,,,USD,0.8959575175241629,4.286676686955869,4.055285142561555
2015-01-13,,,,GBP,0.915855386210338,4.3559190586939325,4.213201361179145
2015-01-13,,,,JPY,0.895955526032546,3.9959739013265314,3.5920050524162166
2015-01-13,,,,CHF,0.899030398964325,4.2866630403344645,4.055268399769326
2015-01-15,0.8285963628805751,4.484361867541063,16.66265968545609,,,,
2015-01-15,,,,EUR,0.9021586038118368,4.374210012595349,4.21320156996573
2015-01-15,,,,USD,0.8975705577462593,5.315312183480109,5.079449272794428
2015-01-15,,,,GBP,0.9154305457886681,4.37420925356812,4.213201361179145
2015-01-15,,,,JPY,0.897568568813062,4.229934511410316,3.9644931522967153
2015-01-15,,,,CHF,0.9021586443745334,5.31529152913648,5.0794231681498365
2015-01-16,0.8292869903971608,4.482494197601478,16.66265968545609,,,,
2015-01-16,,,,EUR,0.901828621020246,4.372713735436263,4.21320156996573
2015-01-16,,,,USD,0.8975344059535793,5.315987906763644,5.079449272794428
2015-01-16,,,,GBP,0.9157435132344405,4.372712977561529,4.213201361179145
2015-01-16,,,,JPY,0.8975324170367832,4.229935462490221,3.9644931522967153
2015-01-16,,,,CHF,0.9018286616975579,5.315967252237753,5.0794231681498365
2018-05-02,0.8201282427935112,4.507453739974275,16.66265968545609,,,,
2018-05-02,,,,EUR,0.868435283894597,5.183340195931693,4.982467506408845
2018-05-02,,,,USD,0.9093145207551868,13.500353588625494,13.670720846843034
2018-05-02,,,,GBP,0.900112158195088,14.273530522614394,15.25581678161049
2018-05-02,,,,JPY,0.9001120524273534,12.815997095787713,13.30501848654685
2018-05-02,,,,CHF,0.8684352817590307,14.273521786763942,15.255796801674745
2019-09-02,0.8323397746314931,4.474266393027456,16.66265968545609,,,,
2019-09-02,,,,EUR,0.8934976156179208,5.078303330270388,4.875637771365627
2019-09-02,,,,USD,0.9134159926805985,11.75249405606183,11.37362677951748
2019-09-02,,,,GBP,0.9134150710443819,5.257289899688682,4.92898639007222
2019-09-02,,,,JPY,0.92138757186188,8.915958719932668,8.709017315528333
2019-09-02,,,,CHF,0.8934976226380476,11.752480838540768,11.373614573740669
2020-03-10,0.8429710074036244,4.107237575929058,14.220415538099253,,,,
2020-03-10,,,,EUR,0.9079571664151603,5.875782854642703,5.784239918824725
2020-03-10,,,,USD,0.9093537233495558,4.880307135678308,4.93026219929773
2020-03-10,,,,GBP,0.909353426617951,5.875786772492314,5.784244913143077
2020-03-10,,,,JPY,0.9132309206103147,5.793621492765748,5.631156253122138
2020-03-10,,,,CHF,0.9079562500625388,5.119472672413119,4.909438180859955
2020-03-17,0.8482144863054415,4.094522867413665,14.220415538099253,,,,
2020-03-17,,,,EUR,0.9075586538935858,5.832795022792965,5.784239918824725
2020-03-17,,,,USD,0.9155427335820657,4.830582862274212,4.93026219929773
2020-03-17,,,,GBP,0.9155424265096955,5.832798894495946,5.784244913143077
2020-03-17,,,,JPY,0.9184757993585916,5.751920308930425,5.631156253122138
2020-03-17,,,,CHF,0.9075577338536082,5.095575529731244,4.909438180859955
2021-06-01,0.8338603416278123,4.073926040733876,13.839474511077835,,,,
2021-06-01,,,,EUR,0.8727069486965376,4.22635784405755,3.9183463083094145
2021-06-01,,,,USD,0.8754513163125185,4.027634261725766,3.838276595875236
2021-06-01,,,,GBP,0.8626002426235402,3.8888695950966876,3.415760812226533
2021-06-01,,,,JPY,0.8626005903903011,4.226361173428983,3.918350033653352
2021-06-01,,,,CHF,0.8727078177882216,4.027638973568082,3.838279995245279
2022-09-22,0.8557433161101297,4.124160243129204,14.555079381932359,,,,
2022-09-22,,,,EUR,0.8998678359360612,3.6538521287144365,3.6221288448106486
2022-09-22,,,,USD,0.9305702603632019,3.692579985528341,3.561974374620553
2022-09-22,,,,GBP,0.8912546070367889,3.6538548301798888,3.3372270796525947
2022-09-22,,,,JPY,0.9257000265858664,4.081541218405812,3.965030123392941
2022-09-22,,,,CHF,0.8912545864015121,4.081588259112465,3.9650756016117428
2023-04-03,0.8517092049805178,4.13391572454072,14.555079381932359,,,,
2023-04-03,,,,EUR,0.9074908993521517,3.720227692368829,3.56602901385145
2023-04-03,,,,USD,0.8950832836062916,4.038902899104508,3.703388563147616
2023-04-03,,,,GBP,0.8811602813302509,3.7202341346746612,3.3820695907046465
2023-04-03,,,,JPY,0.8933908081403793,4.257696080882819,4.073399985782377
2023-04-03,,,,CHF,0.8811601937740612,4.257696071078504,4.0733985128968575
2024-08-01,0.8370227758980177,4.170024930430356,14.555079381932359,,,,
2024-08-01,,,,EUR,0.8808236564603196,3.8781356692465834,3.406299431043555
2024-08-01,,,,USD,0.8195012578902118,4.012712154884169,3.785265400797761
2024-08-01,,,,GBP,0.8628746340438717,3.8781355859569424,3.406299350071136
2024-08-01,,,,JPY,0.8195000895663455,4.161905472660443,3.8905008076846443
2024-08-01,,,,CHF,0.8722401558851747,4.1619165621218555,3.890513170084699
2025-10-01,0.8303303370441476,4.186796345022696,14.555079381932359,,,,
2025-10-01,,,,EUR,0.8584297337143237,4.36322503456854,4.148186006928156
2025-10-01,,,,USD,0.8575098483397195,4.363224350766829,4.148185623076964
2025-10-01,,,,GBP,0.8461193169784162,3.947036467665559,3.6854297446002273
2025-10-01,,,,JPY,0.8465192180142453,4.179070998502163,3.905541429474688
2025-10-01,,,,CHF,0.8461192403026238,4.190729593158011,3.9206166420815203
