fit_year,book,report,tau,model,selected_optimizer_success,selected_message,failed_starts,objective,best_converged_minus_selected,ridge_var,ridge_spacing
2018,funded_assets,EUR,0.95,TAYLOR_OPT,True,Optimization terminated successfully,0,-4.89601741209746,-8.881784197001252e-16,0.0,0.0
2018,funded_assets,EUR,0.95,TW_MIN_RIDGE,True,Optimization terminated successfully,0,-4.535159583762003,0.0,1.0,1.0
2019,funded_assets,EUR,0.95,TAYLOR_OPT,True,Optimization terminated successfully,0,-4.941797948911922,-1.7763568394002505e-15,0.0,0.0
2019,funded_assets,EUR,0.95,TW_MIN_RIDGE,True,Optimization terminated successfully,0,-4.589649586381089,8.881784197001252e-16,1.0,1.0
2020,funded_assets,EUR,0.95,TAYLOR_OPT,True,Optimization terminated successfully,0,-5.123785393351265,0.0,0.0,0.0
2020,funded_assets,EUR,0.95,TW_MIN_RIDGE,True,Optimization terminated successfully,0,-4.940822446560298,0.0,1.0,0.0
2021,funded_assets,EUR,0.95,TAYLOR_OPT,True,Optimization terminated successfully,0,-5.1054458339894015,0.0,0.0,0.0
2021,funded_assets,EUR,0.95,TW_MIN_RIDGE,True,Optimization terminated successfully,0,-4.766506672878114,8.881784197001252e-16,1.0,1.0
2022,funded_assets,EUR,0.95,TAYLOR_OPT,True,Optimization terminated successfully,0,-5.223468496444443,8.881784197001252e-16,0.0,0.0
2022,funded_assets,EUR,0.95,TW_MIN_RIDGE,True,Optimization terminated successfully,0,-5.217360991918082,0.0,0.01,0.01
2023,funded_assets,EUR,0.95,TAYLOR_OPT,True,Optimization terminated successfully,0,-5.055661353786559,0.0,0.0,0.0
2023,funded_assets,EUR,0.95,TW_MIN_RIDGE,True,Optimization terminated successfully,0,-5.049529319954079,-8.881784197001252e-16,0.01,0.01
2024,funded_assets,EUR,0.95,TAYLOR_OPT,True,Optimization terminated successfully,0,-5.110359609976072,0.0,0.0,0.0
2024,funded_assets,EUR,0.95,TW_MIN_RIDGE,True,Optimization terminated successfully,0,-4.9373220871558745,8.881784197001252e-16,1.0,0.001
2025,funded_assets,EUR,0.95,TAYLOR_OPT,True,Optimization terminated successfully,0,-5.118466860245523,8.881784197001252e-16,0.0,0.0
2025,funded_assets,EUR,0.95,TW_MIN_RIDGE,True,Optimization terminated successfully,0,-4.946428174006087,0.0,1.0,0.01
2018,funded_assets,EUR,0.99,TAYLOR_OPT,True,Optimization terminated successfully,0,-4.458657413561109,0.0,0.0,0.0
2018,funded_assets,EUR,0.99,TW_MIN_RIDGE,True,Optimization terminated successfully,0,-4.272752569430925,-8.881784197001252e-16,1.0,0.0
2019,funded_assets,EUR,0.99,TAYLOR_OPT,True,Optimization terminated successfully,0,-4.531058932259693,0.0,0.0,0.0
2019,funded_assets,EUR,0.99,TW_MIN_RIDGE,True,Optimization terminated successfully,0,-4.174789683190229,0.0,1.0,1.0
2020,funded_assets,EUR,0.99,TAYLOR_OPT,True,Optimization terminated successfully,0,-4.753743862523338,0.0,0.0,0.0
2020,funded_assets,EUR,0.99,TW_MIN_RIDGE,True,Optimization terminated successfully,0,-4.753224052799159,-8.881784197001252e-16,0.001,0.0
2021,funded_assets,EUR,0.99,TAYLOR_OPT,True,Optimization terminated successfully,0,-4.794633717547848,0.0,0.0,0.0
2021,funded_assets,EUR,0.99,TW_MIN_RIDGE,True,Optimization terminated successfully,0,-4.442885752971071,-8.881784197001252e-16,1.0,1.0
2022,funded_assets,EUR,0.99,TAYLOR_OPT,True,Optimization terminated successfully,0,-4.877926365860757,0.0,0.0,0.0
2022,funded_assets,EUR,0.99,TW_MIN_RIDGE,True,Optimization terminated successfully,0,-4.694086084818489,0.0,1.0,0.001
2023,funded_assets,EUR,0.99,TAYLOR_OPT,True,Optimization terminated successfully,0,-4.6535436142857804,0.0,0.0,0.0
2023,funded_assets,EUR,0.99,TW_MIN_RIDGE,True,Optimization terminated successfully,0,-4.447939070710491,1.7763568394002505e-15,0.1,1.0
2024,funded_assets,EUR,0.99,TAYLOR_OPT,True,Optimization terminated successfully,0,-4.742868598524595,0.0,0.0,0.0
2024,funded_assets,EUR,0.99,TW_MIN_RIDGE,True,Optimization terminated successfully,0,-4.7141986910556195,-8.881784197001252e-16,0.1,0.01
2025,funded_assets,EUR,0.99,TAYLOR_OPT,True,Optimization terminated successfully,0,-4.753002200902466,8.881784197001252e-16,0.0,0.0
2025,funded_assets,EUR,0.99,TW_MIN_RIDGE,True,Optimization terminated successfully,0,-4.572624094326653,0.0,0.0,1.0
2018,funded_assets,USD,0.95,TAYLOR_OPT,True,Optimization terminated successfully,0,-4.884765395523121,0.0,0.0,0.0
2018,funded_assets,USD,0.95,TW_MIN_RIDGE,True,Optimization terminated successfully,0,-4.523557289542553,0.0,1.0,1.0
2019,funded_assets,USD,0.95,TAYLOR_OPT,True,Optimization terminated successfully,0,-4.932988757775556,0.0,0.0,0.0
2019,funded_assets,USD,0.95,TW_MIN_RIDGE,True,Optimization terminated successfully,0,-4.579671999169165,0.0,1.0,1.0
2020,funded_assets,USD,0.95,TAYLOR_OPT,True,Optimization terminated successfully,0,-5.118228952539615,0.0,0.0,0.0
2020,funded_assets,USD,0.95,TW_MIN_RIDGE,True,Optimization terminated successfully,0,-4.9342330140935475,0.0,1.0,0.0
2021,funded_assets,USD,0.95,TAYLOR_OPT,True,Optimization terminated successfully,0,-5.098080219059568,-8.881784197001252e-16,0.0,0.0
2021,funded_assets,USD,0.95,TW_MIN_RIDGE,True,Optimization terminated successfully,0,-4.759578397778074,8.881784197001252e-16,1.0,1.0
2022,funded_assets,USD,0.95,TAYLOR_OPT,True,Optimization terminated successfully,0,-5.2183668935014484,1.7763568394002505e-15,0.0,0.0
2022,funded_assets,USD,0.95,TW_MIN_RIDGE,True,Optimization terminated successfully,0,-5.215724416394084,0.0,0.0,0.01
2023,funded_assets,USD,0.95,TAYLOR_OPT,True,Optimization terminated successfully,0,-5.04976622341831,0.0,0.0,0.0
2023,funded_assets,USD,0.95,TW_MIN_RIDGE,True,Optimization terminated successfully,0,-5.043791016377233,8.881784197001252e-16,0.01,0.01
2024,funded_assets,USD,0.95,TAYLOR_OPT,True,Optimization terminated successfully,0,-5.104907769796908,-8.881784197001252e-16,0.0,0.0
2024,funded_assets,USD,0.95,TW_MIN_RIDGE,True,Optimization terminated successfully,0,-4.932231224825199,0.0,1.0,0.0
2025,funded_assets,USD,0.95,TAYLOR_OPT,True,Optimization terminated successfully,0,-5.114082971899791,0.0,0.0,0.0
2025,funded_assets,USD,0.95,TW_MIN_RIDGE,True,Optimization terminated successfully,0,-4.942302248944135,-8.881784197001252e-16,1.0,0.01
2018,funded_assets,USD,0.99,TAYLOR_OPT,True,Optimization terminated successfully,0,-4.4439572633869,0.0,0.0,0.0
2018,funded_assets,USD,0.99,TW_MIN_RIDGE,True,Optimization terminated successfully,0,-4.254359308864928,0.0,1.0,0.0
2019,funded_assets,USD,0.99,TAYLOR_OPT,True,Optimization terminated successfully,0,-4.518524561634716,0.0,0.0,0.0
2019,funded_assets,USD,0.99,TW_MIN_RIDGE,True,Optimization terminated successfully,0,-4.161436605150746,0.0,1.0,1.0
2020,funded_assets,USD,0.99,TAYLOR_OPT,True,Optimization terminated successfully,0,-4.749359332896922,0.0,0.0,0.0
2020,funded_assets,USD,0.99,TW_MIN_RIDGE,True,Optimization terminated successfully,0,-4.74843862547541,-8.881784197001252e-16,0.001,0.001
2021,funded_assets,USD,0.99,TAYLOR_OPT,True,Optimization terminated successfully,0,-4.788137828085884,-1.7763568394002505e-15,0.0,0.0
2021,funded_assets,USD,0.99,TW_MIN_RIDGE,True,Optimization terminated successfully,0,-4.436451459442292,0.0,1.0,1.0
2022,funded_assets,USD,0.99,TAYLOR_OPT,True,Optimization terminated successfully,0,-4.871094759473904,-8.881784197001252e-16,0.0,0.0
2022,funded_assets,USD,0.99,TW_MIN_RIDGE,True,Optimization terminated successfully,0,-4.68795835298821,0.0,1.0,0.001
2023,funded_assets,USD,0.99,TAYLOR_OPT,True,Optimization terminated successfully,0,-4.644480316810892,0.0,0.0,0.0
2023,funded_assets,USD,0.99,TW_MIN_RIDGE,True,Optimization terminated successfully,0,-4.438782682536637,0.0,0.1,1.0
2024,funded_assets,USD,0.99,TAYLOR_OPT,True,Optimization terminated successfully,0,-4.736319919972812,0.0,0.0,0.0
2024,funded_assets,USD,0.99,TW_MIN_RIDGE,True,Optimization terminated successfully,0,-4.558188035460738,8.881784197001252e-16,0.0,1.0
2025,funded_assets,USD,0.99,TAYLOR_OPT,True,Optimization terminated successfully,0,-4.746471345334297,0.0,0.0,0.0
2025,funded_assets,USD,0.99,TW_MIN_RIDGE,True,Optimization terminated successfully,0,-4.563480398654977,-8.881784197001252e-16,0.01,1.0
2018,net_cashflows,EUR,0.95,TAYLOR_OPT,True,Optimization terminated successfully,0,-5.081651022217657,-8.881784197001252e-16,0.0,0.0
2018,net_cashflows,EUR,0.95,TW_MIN_RIDGE,True,Optimization terminated successfully,0,-4.718309675473303,0.0,1.0,1.0
2019,net_cashflows,EUR,0.95,TAYLOR_OPT,True,Optimization terminated successfully,0,-5.245269583578224,8.881784197001252e-16,0.0,0.0
2019,net_cashflows,EUR,0.95,TW_MIN_RIDGE,True,Optimization terminated successfully,0,-5.054009126182741,8.881784197001252e-16,0.1,1.0
2020,net_cashflows,EUR,0.95,TAYLOR_OPT,True,Optimization terminated successfully,0,-5.417288282408797,8.881784197001252e-16,0.0,0.0
2020,net_cashflows,EUR,0.95,TW_MIN_RIDGE,True,Optimization terminated successfully,0,-5.080373360297046,-8.881784197001252e-16,1.0,1.0
2021,net_cashflows,EUR,0.95,TAYLOR_OPT,True,Optimization terminated successfully,0,-5.503878538193265,0.0,0.0,0.0
2021,net_cashflows,EUR,0.95,TW_MIN_RIDGE,True,Optimization terminated successfully,0,-5.3076764429879555,8.881784197001252e-16,0.1,1.0
2022,net_cashflows,EUR,0.95,TAYLOR_OPT,True,Optimization terminated successfully,0,-5.563748237875102,0.0,0.0,0.0
2022,net_cashflows,EUR,0.95,TW_MIN_RIDGE,True,Optimization terminated successfully,0,-5.367794858042389,-8.881784197001252e-16,0.1,1.0
2023,net_cashflows,EUR,0.95,TAYLOR_OPT,True,Optimization terminated successfully,0,-5.341865382796214,-8.881784197001252e-16,0.0,0.0
2023,net_cashflows,EUR,0.95,TW_MIN_RIDGE,True,Optimization terminated successfully,0,-5.337446585817257,0.0,0.01,0.0
2024,net_cashflows,EUR,0.95,TAYLOR_OPT,True,Optimization terminated successfully,0,-5.328125262912851,-8.881784197001252e-16,0.0,0.0
2024,net_cashflows,EUR,0.95,TW_MIN_RIDGE,True,Optimization terminated successfully,0,-5.124902357500234,0.0,1.0,0.0
2025,net_cashflows,EUR,0.95,TAYLOR_OPT,True,Optimization terminated successfully,0,-5.104937682439583,0.0,0.0,0.0
2025,net_cashflows,EUR,0.95,TW_MIN_RIDGE,True,Optimization terminated successfully,0,-4.915982540714441,8.881784197001252e-16,1.0,0.01
2018,net_cashflows,EUR,0.99,TAYLOR_OPT,True,Optimization terminated successfully,0,-4.429591616245753,0.0,0.0,0.0
2018,net_cashflows,EUR,0.99,TW_MIN_RIDGE,True,Optimization terminated successfully,0,-3.9967047207501905,1.3322676295501878e-15,1.0,1.0
2019,net_cashflows,EUR,0.99,TAYLOR_OPT,True,Optimization terminated successfully,0,-4.848231007108741,0.0,0.0,0.0
2019,net_cashflows,EUR,0.99,TW_MIN_RIDGE,True,Optimization terminated successfully,0,-4.674059457723413,8.881784197001252e-16,0.01,1.0
2020,net_cashflows,EUR,0.99,TAYLOR_OPT,True,Optimization terminated successfully,0,-5.041816984378429,0.0,0.0,0.0
2020,net_cashflows,EUR,0.99,TW_MIN_RIDGE,True,Optimization terminated successfully,0,-4.687573301726599,0.0,1.0,1.0
2021,net_cashflows,EUR,0.99,TAYLOR_OPT,True,Optimization terminated successfully,0,-5.073099350589321,0.0,0.0,0.0
2021,net_cashflows,EUR,0.99,TW_MIN_RIDGE,True,Optimization terminated successfully,0,-5.053639369476895,0.0,0.0,0.1
2022,net_cashflows,EUR,0.99,TAYLOR_OPT,True,Optimization terminated successfully,0,-5.1329803820444875,0.0,0.0,0.0
2022,net_cashflows,EUR,0.99,TW_MIN_RIDGE,True,Optimization terminated successfully,0,-4.9130542596506865,0.0,1.0,0.0
2023,net_cashflows,EUR,0.99,TAYLOR_OPT,True,Optimization terminated successfully,0,-4.772930397280023,0.0,0.0,0.0
2023,net_cashflows,EUR,0.99,TW_MIN_RIDGE,True,Optimization terminated successfully,0,-4.5725651959527776,0.0,1.0,0.0
2024,net_cashflows,EUR,0.99,TAYLOR_OPT,True,Optimization terminated successfully,0,-4.840512392760119,8.881784197001252e-16,0.0,0.0
2024,net_cashflows,EUR,0.99,TW_MIN_RIDGE,True,Optimization terminated successfully,0,-4.653777900591795,-8.881784197001252e-16,1.0,0.001
2025,net_cashflows,EUR,0.99,TAYLOR_OPT,True,Optimization terminated successfully,0,-4.5720525439814255,0.0,0.0,0.0
2025,net_cashflows,EUR,0.99,TW_MIN_RIDGE,True,Optimization terminated successfully,0,-4.348331705776379,-8.881784197001252e-16,1.0,0.1
2018,net_cashflows,USD,0.95,TAYLOR_OPT,True,Optimization terminated successfully,0,-5.073007400505592,0.0,0.0,0.0
2018,net_cashflows,USD,0.95,TW_MIN_RIDGE,True,Optimization terminated successfully,0,-4.710878853163288,0.0,1.0,1.0
2019,net_cashflows,USD,0.95,TAYLOR_OPT,True,Optimization terminated successfully,0,-5.236587052398519,0.0,0.0,0.0
2019,net_cashflows,USD,0.95,TW_MIN_RIDGE,True,Optimization terminated successfully,0,-5.04545160739701,0.0,0.1,1.0
2020,net_cashflows,USD,0.95,TAYLOR_OPT,True,Optimization terminated successfully,0,-5.413848160832304,0.0,0.0,0.0
2020,net_cashflows,USD,0.95,TW_MIN_RIDGE,True,Optimization terminated successfully,0,-5.077228382384341,-8.881784197001252e-16,1.0,1.0
2021,net_cashflows,USD,0.95,TAYLOR_OPT,True,Optimization terminated successfully,0,-5.497127383198563,0.0,0.0,0.0
2021,net_cashflows,USD,0.95,TW_MIN_RIDGE,True,Optimization terminated successfully,0,-5.470870435380658,-8.881784197001252e-16,0.1,0.0
2022,net_cashflows,USD,0.95,TAYLOR_OPT,True,Optimization terminated successfully,0,-5.556901274250165,0.0,0.0,0.0
2022,net_cashflows,USD,0.95,TW_MIN_RIDGE,True,Optimization terminated successfully,0,-5.511016003730382,-8.881784197001252e-16,0.1,0.1
2023,net_cashflows,USD,0.95,TAYLOR_OPT,True,Optimization terminated successfully,0,-5.3338220402266945,0.0,0.0,0.0
2023,net_cashflows,USD,0.95,TW_MIN_RIDGE,True,Optimization terminated successfully,0,-5.311818646896818,0.0,0.001,0.1
2024,net_cashflows,USD,0.95,TAYLOR_OPT,True,Optimization terminated successfully,0,-5.320593805978952,0.0,0.0,0.0
2024,net_cashflows,USD,0.95,TW_MIN_RIDGE,True,Optimization terminated successfully,0,-5.117458700452102,8.881784197001252e-16,1.0,0.0
2025,net_cashflows,USD,0.95,TAYLOR_OPT,True,Optimization terminated successfully,0,-5.098890114033425,8.881784197001252e-16,0.0,0.0
2025,net_cashflows,USD,0.95,TW_MIN_RIDGE,True,Optimization terminated successfully,0,-4.908813675021276,0.0,1.0,0.01
2018,net_cashflows,USD,0.99,TAYLOR_OPT,True,Optimization terminated successfully,0,-4.4179926583755735,0.0,0.0,0.0
2018,net_cashflows,USD,0.99,TW_MIN_RIDGE,True,Optimization terminated successfully,0,-3.9888846697078977,8.881784197001252e-16,1.0,1.0
2019,net_cashflows,USD,0.99,TAYLOR_OPT,True,Optimization terminated successfully,0,-4.836669663543387,-8.881784197001252e-16,0.0,0.0
2019,net_cashflows,USD,0.99,TW_MIN_RIDGE,True,Optimization terminated successfully,0,-4.667453826035218,8.881784197001252e-16,0.0,1.0
2020,net_cashflows,USD,0.99,TAYLOR_OPT,True,Optimization terminated successfully,0,-5.04165460105812,0.0,0.0,0.0
2020,net_cashflows,USD,0.99,TW_MIN_RIDGE,True,Optimization terminated successfully,0,-4.687068146397221,-1.7763568394002505e-15,1.0,1.0
2021,net_cashflows,USD,0.99,TAYLOR_OPT,True,Optimization terminated successfully,0,-5.06514703128095,0.0,0.0,0.0
2021,net_cashflows,USD,0.99,TW_MIN_RIDGE,True,Optimization terminated successfully,0,-5.0454331358759275,-8.881784197001252e-16,0.0,0.1
2022,net_cashflows,USD,0.99,TAYLOR_OPT,True,Optimization terminated successfully,0,-5.123793415402687,-8.881784197001252e-16,0.0,0.0
2022,net_cashflows,USD,0.99,TW_MIN_RIDGE,True,Optimization terminated successfully,0,-4.90270783310831,0.0,1.0,0.001
2023,net_cashflows,USD,0.99,TAYLOR_OPT,True,Optimization terminated successfully,0,-4.762390873197822,-8.881784197001252e-16,0.0,0.0
2023,net_cashflows,USD,0.99,TW_MIN_RIDGE,True,Optimization terminated successfully,0,-4.560858984448989,-8.881784197001252e-16,1.0,0.001
2024,net_cashflows,USD,0.99,TAYLOR_OPT,True,Optimization terminated successfully,0,-4.830341248070049,0.0,0.0,0.0
2024,net_cashflows,USD,0.99,TW_MIN_RIDGE,True,Optimization terminated successfully,0,-4.6443417399727025,0.0,1.0,0.0
2025,net_cashflows,USD,0.99,TAYLOR_OPT,True,Optimization terminated successfully,0,-4.564122688892683,-8.881784197001252e-16,0.0,0.0
2025,net_cashflows,USD,0.99,TW_MIN_RIDGE,True,Optimization terminated successfully,0,-4.336324533735917,0.0,1.0,0.1
