horizon,tau,model_key,book,report,n,breaches,nominal_expected,lags,breach_rate,rate_low,rate_high,es_identification_mean,es_identification_low,es_identification_high,fewer_than_30_breaches,no_asymptotic_tail_pvalues,normal_intervals_descriptive,rate_interval_withheld_degenerate_empirical_sample,coverage_interval_not_confidence_evidence_for_zero_events
1,0.94999999999999996,EWMA_GAUSS,funded_assets,EUR,189,5,9.4500000000000082,20,0.026455026455026454,0.0087011997353470469,0.04420885317470586,0.038389833869989731,-0.15217101055579899,0.22895067829577845,True,True,True,False,False
1,0.94999999999999996,EWMA_GAUSS,funded_assets,EUR,189,5,9.4500000000000082,60,0.026455026455026454,0.011563549126019229,0.041346503784033678,0.038389833869989731,-0.1310692499698651,0.20784891770984457,True,True,True,False,False
1,0.94999999999999996,EWMA_GAUSS,funded_assets,USD,189,5,9.4500000000000082,20,0.026455026455026454,0.0087011997353470469,0.04420885317470586,0.03684685808094279,-0.15627344646741015,0.22996716262929573,True,True,True,False,False
1,0.94999999999999996,EWMA_GAUSS,funded_assets,USD,189,5,9.4500000000000082,60,0.026455026455026454,0.011563549126019229,0.041346503784033678,0.03684685808094279,-0.13442457328853494,0.20811828945042052,True,True,True,False,False
1,0.94999999999999996,EWMA_GAUSS,net_cashflows,EUR,189,11,9.4500000000000082,20,0.058201058201058198,0.023691937827860436,0.092710178574255953,-0.84873257858713513,-1.5846702523492435,-0.11279490482502674,True,True,True,False,False
1,0.94999999999999996,EWMA_GAUSS,net_cashflows,EUR,189,11,9.4500000000000082,60,0.058201058201058198,0.03967725169290099,0.076724864709215412,-0.84873257858713513,-1.4201836130760563,-0.27728154409821393,True,True,True,False,False
1,0.94999999999999996,EWMA_GAUSS,net_cashflows,USD,189,11,9.4500000000000082,20,0.058201058201058198,0.023691937827860436,0.092710178574255953,-0.85626366945479526,-1.6001803202047313,-0.11234701870485919,True,True,True,False,False
1,0.94999999999999996,EWMA_GAUSS,net_cashflows,USD,189,11,9.4500000000000082,60,0.058201058201058198,0.03967725169290099,0.076724864709215412,-0.85626366945479526,-1.4327624925197338,-0.27976484638985666,True,True,True,False,False
1,0.94999999999999996,EWMA_SELFNORMALIZED,funded_assets,EUR,189,5,9.4500000000000082,20,0.026455026455026454,0.0087011997353470469,0.04420885317470586,0.051464112750000179,-0.13539024642273981,0.23831847192274017,True,True,True,False,False
1,0.94999999999999996,EWMA_SELFNORMALIZED,funded_assets,EUR,189,5,9.4500000000000082,60,0.026455026455026454,0.011563549126019229,0.041346503784033678,0.051464112750000179,-0.11434427000579658,0.21727249550579694,True,True,True,False,False
1,0.94999999999999996,EWMA_SELFNORMALIZED,funded_assets,USD,189,5,9.4500000000000082,20,0.026455026455026454,0.0087011997353470469,0.04420885317470586,0.050058274634753271,-0.13912531067783318,0.23924185994733971,True,True,True,False,False
1,0.94999999999999996,EWMA_SELFNORMALIZED,funded_assets,USD,189,5,9.4500000000000082,60,0.026455026455026454,0.011563549126019229,0.041346503784033678,0.050058274634753271,-0.11742056807052653,0.21753711734003306,True,True,True,False,False
1,0.94999999999999996,EWMA_SELFNORMALIZED,net_cashflows,EUR,189,11,9.4500000000000082,20,0.058201058201058198,0.023691937827860436,0.092710178574255953,-0.82029286364160447,-1.5439943340050886,-0.096591393278120496,True,True,True,False,False
1,0.94999999999999996,EWMA_SELFNORMALIZED,net_cashflows,EUR,189,11,9.4500000000000082,60,0.058201058201058198,0.03967725169290099,0.076724864709215412,-0.82029286364160447,-1.3817197077259937,-0.25886601955721533,True,True,True,False,False
1,0.94999999999999996,EWMA_SELFNORMALIZED,net_cashflows,USD,189,11,9.4500000000000082,20,0.058201058201058198,0.023691937827860436,0.092710178574255953,-0.82759495565472185,-1.5591312882285933,-0.096058623080850447,True,True,True,False,False
1,0.94999999999999996,EWMA_SELFNORMALIZED,net_cashflows,USD,189,11,9.4500000000000082,60,0.058201058201058198,0.03967725169290099,0.076724864709215412,-0.82759495565472185,-1.3939313952097612,-0.26125851609968254,True,True,True,False,False
1,0.94999999999999996,HS1250,funded_assets,EUR,189,1,9.4500000000000082,20,0.0052910052910052907,-0.0046152650657608242,0.015197275647771406,0.27104159566014219,0.25387911075124814,0.28820408056903624,True,True,True,False,False
1,0.94999999999999996,HS1250,funded_assets,EUR,189,1,9.4500000000000082,60,0.0052910052910052907,-0.004346838730560772,0.014928849312571353,0.27104159566014219,0.25436880966666764,0.28771438165361674,True,True,True,False,False
1,0.94999999999999996,HS1250,funded_assets,USD,189,1,9.4500000000000082,20,0.0052910052910052907,-0.0046152650657608242,0.015197275647771406,0.276462133372056,0.2577397751417364,0.29518449160237559,True,True,True,False,False
1,0.94999999999999996,HS1250,funded_assets,USD,189,1,9.4500000000000082,60,0.0052910052910052907,-0.004346838730560772,0.014928849312571353,0.276462133372056,0.25826975485951026,0.29465451188460173,True,True,True,False,False
1,0.94999999999999996,HS1250,net_cashflows,EUR,189,6,9.4500000000000082,20,0.031746031746031744,0.010242435080166489,0.053249628411896996,0.064734253015922713,-0.13950019959722831,0.26896870562907377,True,True,True,False,False
1,0.94999999999999996,HS1250,net_cashflows,EUR,189,6,9.4500000000000082,60,0.031746031746031744,0.018018949762665399,0.045473113729398093,0.064734253015922713,-0.084632509408607573,0.21410101544045301,True,True,True,False,False
1,0.94999999999999996,HS1250,net_cashflows,USD,189,6,9.4500000000000082,20,0.031746031746031744,0.010242435080166489,0.053249628411896996,0.065410836423008489,-0.14061395554621928,0.27143562839223623,True,True,True,False,False
1,0.94999999999999996,HS1250,net_cashflows,USD,189,6,9.4500000000000082,60,0.031746031746031744,0.018018949762665399,0.045473113729398093,0.065410836423008489,-0.084353378043058064,0.21517505088907504,True,True,True,False,False
1,0.94999999999999996,IN_FHS1250@CHF,funded_assets,EUR,189,1,9.4500000000000082,20,0.0052910052910052907,-0.0046152650657608242,0.015197275647771406,0.16518427828083396,0.067890365073196693,0.26247819148847124,True,True,True,False,False
1,0.94999999999999996,IN_FHS1250@CHF,funded_assets,EUR,189,1,9.4500000000000082,60,0.0052910052910052907,-0.004346838730560772,0.014928849312571353,0.16518427828083396,0.069770484031356092,0.26059807253031181,True,True,True,False,False
1,0.94999999999999996,IN_FHS1250@CHF,funded_assets,USD,189,1,9.4500000000000082,20,0.0052910052910052907,-0.0046152650657608242,0.015197275647771406,0.1659023112566394,0.067003408166130748,0.26480121434714804,True,True,True,False,False
1,0.94999999999999996,IN_FHS1250@CHF,funded_assets,USD,189,1,9.4500000000000082,60,0.0052910052910052907,-0.004346838730560772,0.014928849312571353,0.1659023112566394,0.069232727509352221,0.26257189500392658,True,True,True,False,False
1,0.94999999999999996,IN_FHS1250@CHF,net_cashflows,EUR,189,6,9.4500000000000082,20,0.031746031746031744,0.010242435080166489,0.053249628411896996,-0.10425584495657862,-0.41604831579890261,0.20753662588574534,True,True,True,False,False
1,0.94999999999999996,IN_FHS1250@CHF,net_cashflows,EUR,189,6,9.4500000000000082,60,0.031746031746031744,0.018018949762665399,0.045473113729398093,-0.10425584495657862,-0.33854962503885949,0.13003793512570222,True,True,True,False,False
1,0.94999999999999996,IN_FHS1250@CHF,net_cashflows,USD,189,6,9.4500000000000082,20,0.031746031746031744,0.010242435080166489,0.053249628411896996,-0.10256554766771384,-0.41488608259009485,0.20975498725466715,True,True,True,False,False
1,0.94999999999999996,IN_FHS1250@CHF,net_cashflows,USD,189,6,9.4500000000000082,60,0.031746031746031744,0.018018949762665399,0.045473113729398093,-0.10256554766771384,-0.33707929555583549,0.13194820022040785,True,True,True,False,False
1,0.94999999999999996,IN_FHS1250@EUR,funded_assets,EUR,189,3,9.4500000000000082,20,0.015873015873015872,0.0010387046657352687,0.030707327080296477,0.19914545833170805,0.10223637431014891,0.29605454235326717,True,True,True,False,False
1,0.94999999999999996,IN_FHS1250@EUR,funded_assets,EUR,189,3,9.4500000000000082,60,0.015873015873015872,0.0063401247467669494,0.025405906999264795,0.19914545833170805,0.10516148915403918,0.29312942750937693,True,True,True,False,False
1,0.94999999999999996,IN_FHS1250@EUR,funded_assets,USD,189,3,9.4500000000000082,20,0.015873015873015872,0.0010387046657352687,0.030707327080296477,0.19798048072794791,0.10000819372691525,0.2959527677289806,True,True,True,False,False
1,0.94999999999999996,IN_FHS1250@EUR,funded_assets,USD,189,3,9.4500000000000082,60,0.015873015873015872,0.0063401247467669494,0.025405906999264795,0.19798048072794791,0.10330203815446801,0.29265892330142784,True,True,True,False,False
1,0.94999999999999996,IN_FHS1250@EUR,net_cashflows,EUR,189,8,9.4500000000000082,20,0.042328042328042326,0.014957839555972206,0.069698245100112438,-0.34157887082240845,-0.7855087383004451,0.10235099665562813,True,True,True,False,False
1,0.94999999999999996,IN_FHS1250@EUR,net_cashflows,EUR,189,8,9.4500000000000082,60,0.042328042328042326,0.025748887279233208,0.058907197376851447,-0.34157887082240845,-0.67561853947365758,-0.0075392021711593316,True,True,True,False,False
1,0.94999999999999996,IN_FHS1250@EUR,net_cashflows,USD,189,8,9.4500000000000082,20,0.042328042328042326,0.014957839555972206,0.069698245100112438,-0.3449490539015731,-0.79377433750887916,0.10387622970573296,True,True,True,False,False
1,0.94999999999999996,IN_FHS1250@EUR,net_cashflows,USD,189,8,9.4500000000000082,60,0.042328042328042326,0.025748887279233208,0.058907197376851447,-0.3449490539015731,-0.68248311923460592,-0.0074149885685402261,True,True,True,False,False
1,0.94999999999999996,IN_FHS1250@GBP,funded_assets,EUR,189,1,9.4500000000000082,20,0.0052910052910052907,-0.0046152650657608242,0.015197275647771406,0.21653276517926615,0.14051308628644282,0.29255244407208947,True,True,True,False,False
1,0.94999999999999996,IN_FHS1250@GBP,funded_assets,EUR,189,1,9.4500000000000082,60,0.0052910052910052907,-0.004346838730560772,0.014928849312571353,0.21653276517926615,0.14601012740874292,0.28705540294978937,True,True,True,False,False
1,0.94999999999999996,IN_FHS1250@GBP,funded_assets,USD,189,2,9.4500000000000082,20,0.010582010582010581,-0.0025132731254733226,0.023677294289494485,0.21470798110288228,0.13648778556949098,0.29292817663627357,True,True,True,False,False
1,0.94999999999999996,IN_FHS1250@GBP,funded_assets,USD,189,2,9.4500000000000082,60,0.010582010582010581,-0.0014242290183037049,0.022588250182324868,0.21470798110288228,0.14185995352062458,0.28755600868513997,True,True,True,False,False
1,0.94999999999999996,IN_FHS1250@GBP,net_cashflows,EUR,189,7,9.4500000000000082,20,0.037037037037037035,0.012239743585762939,0.061834330488311134,-0.26398566847249816,-0.64771933696511885,0.11974800002012248,True,True,True,False,False
1,0.94999999999999996,IN_FHS1250@GBP,net_cashflows,EUR,189,7,9.4500000000000082,60,0.037037037037037035,0.021530317311882308,0.052543756762191765,-0.26398566847249816,-0.5553438294926375,0.027372492547641181,True,True,True,False,False
1,0.94999999999999996,IN_FHS1250@GBP,net_cashflows,USD,189,8,9.4500000000000082,20,0.042328042328042326,0.014957839555972206,0.069698245100112438,-0.26501109414409935,-0.65049908349560048,0.12047689520740179,True,True,True,False,False
1,0.94999999999999996,IN_FHS1250@GBP,net_cashflows,USD,189,8,9.4500000000000082,60,0.042328042328042326,0.025748887279233208,0.058907197376851447,-0.26501109414409935,-0.55761496641121999,0.027592778123021244,True,True,True,False,False
1,0.94999999999999996,IN_FHS1250@JPY,funded_assets,EUR,189,3,9.4500000000000082,20,0.015873015873015872,0.0010387046657352687,0.030707327080296477,0.18511493060063591,0.096535289986888068,0.27369457121438379,True,True,True,False,False
1,0.94999999999999996,IN_FHS1250@JPY,funded_assets,EUR,189,3,9.4500000000000082,60,0.015873015873015872,0.0063401247467669494,0.025405906999264795,0.18511493060063591,0.10394186453698161,0.26628799666429021,True,True,True,False,False
1,0.94999999999999996,IN_FHS1250@JPY,funded_assets,USD,189,3,9.4500000000000082,20,0.015873015873015872,0.0010387046657352687,0.030707327080296477,0.184901320438426,0.09387264710212731,0.27592999377472471,True,True,True,False,False
1,0.94999999999999996,IN_FHS1250@JPY,funded_assets,USD,189,3,9.4500000000000082,60,0.015873015873015872,0.0063401247467669494,0.025405906999264795,0.184901320438426,0.10230805597921726,0.26749458489763472,True,True,True,False,False
1,0.94999999999999996,IN_FHS1250@JPY,net_cashflows,EUR,189,10,9.4500000000000082,20,0.052910052910052907,0.02238389515676437,0.083436210663341448,-0.45119882377110754,-0.95466460436501377,0.052266956822798694,True,True,True,False,False
1,0.94999999999999996,IN_FHS1250@JPY,net_cashflows,EUR,189,10,9.4500000000000082,60,0.052910052910052907,0.034360469957337894,0.07145963586276792,-0.45119882377110754,-0.81014880309145676,-0.092248844450758261,True,True,True,False,False
1,0.94999999999999996,IN_FHS1250@JPY,net_cashflows,USD,189,10,9.4500000000000082,20,0.052910052910052907,0.02238389515676437,0.083436210663341448,-0.45660163498598794,-0.96633735187142389,0.053134081899448016,True,True,True,False,False
1,0.94999999999999996,IN_FHS1250@JPY,net_cashflows,USD,189,10,9.4500000000000082,60,0.052910052910052907,0.034360469957337894,0.07145963586276792,-0.45660163498598794,-0.81770382341967141,-0.095499446552304468,True,True,True,False,False
1,0.94999999999999996,IN_FHS1250@USD,funded_assets,EUR,189,1,9.4500000000000082,20,0.0052910052910052907,-0.0046152650657608242,0.015197275647771406,0.22376286219509459,0.14584474175955123,0.30168098263063792,True,True,True,False,False
1,0.94999999999999996,IN_FHS1250@USD,funded_assets,EUR,189,1,9.4500000000000082,60,0.0052910052910052907,-0.004346838730560772,0.014928849312571353,0.22376286219509459,0.14558904613902535,0.30193667825116383,True,True,True,False,False
1,0.94999999999999996,IN_FHS1250@USD,funded_assets,USD,189,1,9.4500000000000082,20,0.0052910052910052907,-0.0046152650657608242,0.015197275647771406,0.22250268953046695,0.14288364231664635,0.30212173674428755,True,True,True,False,False
1,0.94999999999999996,IN_FHS1250@USD,funded_assets,USD,189,1,9.4500000000000082,60,0.0052910052910052907,-0.004346838730560772,0.014928849312571353,0.22250268953046695,0.14283672054026092,0.30216865852067298,True,True,True,False,False
1,0.94999999999999996,IN_FHS1250@USD,net_cashflows,EUR,189,7,9.4500000000000082,20,0.037037037037037035,0.012239743585762939,0.061834330488311134,-0.27956107198685853,-0.68951942488324902,0.13039728090953195,True,True,True,False,False
1,0.94999999999999996,IN_FHS1250@USD,net_cashflows,EUR,189,7,9.4500000000000082,60,0.037037037037037035,0.021530317311882308,0.052543756762191765,-0.27956107198685853,-0.57599537054832295,0.016873226574605937,True,True,True,False,False
1,0.94999999999999996,IN_FHS1250@USD,net_cashflows,USD,189,8,9.4500000000000082,20,0.042328042328042326,0.014957839555972206,0.069698245100112438,-0.28309776913351165,-0.69778800144804654,0.13159246318102324,True,True,True,False,False
1,0.94999999999999996,IN_FHS1250@USD,net_cashflows,USD,189,8,9.4500000000000082,60,0.042328042328042326,0.025748887279233208,0.058907197376851447,-0.28309776913351165,-0.5839241239767754,0.017728585709752054,True,True,True,False,False
1,0.94999999999999996,IN_FHS_REF_POOL,funded_assets,EUR,189,2,9.4500000000000082,20,0.010582010582010581,-0.0025132731254733209,0.023677294289494485,0.21122177030317366,0.12260529852198561,0.29983824208436172,True,True,True,False,False
1,0.94999999999999996,IN_FHS_REF_POOL,funded_assets,EUR,189,2,9.4500000000000082,60,0.010582010582010581,-9.3372335354013208e-05,0.021257393499375176,0.21122177030317366,0.12462607418527477,0.29781746642107254,True,True,True,False,False
1,0.94999999999999996,IN_FHS_REF_POOL,funded_assets,USD,189,2,9.4500000000000082,20,0.010582010582010581,-0.0025132731254733209,0.023677294289494485,0.21064436191608424,0.1210335029399541,0.30025522089221435,True,True,True,False,False
1,0.94999999999999996,IN_FHS_REF_POOL,funded_assets,USD,189,2,9.4500000000000082,60,0.010582010582010581,-9.3372335354013208e-05,0.021257393499375176,0.21064436191608424,0.12343831665949269,0.2978504071726758,True,True,True,False,False
1,0.94999999999999996,IN_FHS_REF_POOL,net_cashflows,EUR,189,7,9.4500000000000082,20,0.037037037037037035,0.012239743585762939,0.061834330488311134,-0.26581310471153885,-0.6637864425994795,0.13216023317640185,True,True,True,False,False
1,0.94999999999999996,IN_FHS_REF_POOL,net_cashflows,EUR,189,7,9.4500000000000082,60,0.037037037037037035,0.021530317311882308,0.052543756762191765,-0.26581310471153885,-0.56120466789666912,0.029578458473591418,True,True,True,False,False
1,0.94999999999999996,IN_FHS_REF_POOL,net_cashflows,USD,189,8,9.4500000000000082,20,0.042328042328042326,0.014957839555972206,0.069698245100112438,-0.26860828988381774,-0.67041077943672334,0.13319419966908791,True,True,True,False,False
1,0.94999999999999996,IN_FHS_REF_POOL,net_cashflows,USD,189,8,9.4500000000000082,60,0.042328042328042326,0.025748887279233208,0.058907197376851447,-0.26860828988381774,-0.56626802976745505,0.029051449999819567,True,True,True,False,False
1,0.98999999999999999,EWMA_GAUSS,funded_assets,EUR,189,1,1.8900000000000017,20,0.0052910052910052907,-0.0046152650657608242,0.015197275647771406,-0.13052206039488112,-0.61481344809335692,0.35376932730359467,True,True,True,False,False
1,0.98999999999999999,EWMA_GAUSS,funded_assets,EUR,189,1,1.8900000000000017,60,0.0052910052910052907,-0.004346838730560772,0.014928849312571353,-0.13052206039488112,-0.60177756155758666,0.34073344076782436,True,True,True,False,False
1,0.98999999999999999,EWMA_GAUSS,funded_assets,USD,189,1,1.8900000000000017,20,0.0052910052910052907,-0.0046152650657608242,0.015197275647771406,-0.13308797021987839,-0.62333390080948436,0.35715796036972758,True,True,True,False,False
1,0.98999999999999999,EWMA_GAUSS,funded_assets,USD,189,1,1.8900000000000017,60,0.0052910052910052907,-0.004346838730560772,0.014928849312571353,-0.13308797021987839,-0.61013731441565544,0.34396137397589865,True,True,True,False,False
1,0.98999999999999999,EWMA_GAUSS,net_cashflows,EUR,189,6,1.8900000000000017,20,0.031746031746031744,0.010242435080166489,0.053249628411896996,-2.7377129624975316,-5.0360683299719327,-0.4393575950231301,True,True,True,False,False
1,0.98999999999999999,EWMA_GAUSS,net_cashflows,EUR,189,6,1.8900000000000017,60,0.031746031746031744,0.018018949762665399,0.045473113729398093,-2.7377129624975316,-4.6312729931983956,-0.84415293179666806,True,True,True,False,False
1,0.98999999999999999,EWMA_GAUSS,net_cashflows,USD,189,6,1.8900000000000017,20,0.031746031746031744,0.010242435080166489,0.053249628411896996,-2.7466567093072984,-5.0577674138655482,-0.43554600474904825,True,True,True,False,False
1,0.98999999999999999,EWMA_GAUSS,net_cashflows,USD,189,6,1.8900000000000017,60,0.031746031746031744,0.018018949762665399,0.045473113729398093,-2.7466567093072984,-4.6523808902513366,-0.84093252836326049,True,True,True,False,False
1,0.98999999999999999,EWMA_SELFNORMALIZED,funded_assets,EUR,189,1,1.8900000000000017,20,0.0052910052910052907,-0.0046152650657608242,0.015197275647771406,-0.11669692727284611,-0.57566770202056305,0.34227384747487088,True,True,True,False,False
1,0.98999999999999999,EWMA_SELFNORMALIZED,funded_assets,EUR,189,1,1.8900000000000017,60,0.0052910052910052907,-0.004346838730560772,0.014928849312571353,-0.11669692727284611,-0.56323322372394302,0.32983936917825074,True,True,True,False,False
1,0.98999999999999999,EWMA_SELFNORMALIZED,funded_assets,USD,189,1,1.8900000000000017,20,0.0052910052910052907,-0.0046152650657608242,0.015197275647771406,-0.11975738248151038,-0.58566422265548101,0.34614945769246031,True,True,True,False,False
1,0.98999999999999999,EWMA_SELFNORMALIZED,funded_assets,USD,189,1,1.8900000000000017,60,0.0052910052910052907,-0.004346838730560772,0.014928849312571353,-0.11975738248151038,-0.57297894668057769,0.33346418171755687,True,True,True,False,False
1,0.98999999999999999,EWMA_SELFNORMALIZED,net_cashflows,EUR,189,6,1.8900000000000017,20,0.031746031746031744,0.010242435080166489,0.053249628411896996,-2.6137790506757894,-4.8134313439776433,-0.41412675737393556,True,True,True,False,False
1,0.98999999999999999,EWMA_SELFNORMALIZED,net_cashflows,EUR,189,6,1.8900000000000017,60,0.031746031746031744,0.018018949762665399,0.045473113729398093,-2.6137790506757894,-4.4190863592025771,-0.80847174214900153,True,True,True,False,False
1,0.98999999999999999,EWMA_SELFNORMALIZED,net_cashflows,USD,189,6,1.8900000000000017,20,0.031746031746031744,0.010242435080166489,0.053249628411896996,-2.6198704209000137,-4.83222571725556,-0.40751512454446726,True,True,True,False,False
1,0.98999999999999999,EWMA_SELFNORMALIZED,net_cashflows,USD,189,6,1.8900000000000017,60,0.031746031746031744,0.018018949762665399,0.045473113729398093,-2.6198704209000137,-4.4405190999514721,-0.79922174184855521,True,True,True,False,False
1,0.98999999999999999,HS1250,funded_assets,EUR,189,0,1.8900000000000017,20,0,,,0.19053402408909711,0.19053402408909709,0.19053402408909714,True,True,True,True,True
1,0.98999999999999999,HS1250,funded_assets,EUR,189,0,1.8900000000000017,60,0,,,0.19053402408909711,0.19053402408909709,0.19053402408909714,True,True,True,True,True
1,0.98999999999999999,HS1250,funded_assets,USD,189,0,1.8900000000000017,20,0,,,0.19849498575390115,0.19849498575390112,0.19849498575390118,True,True,True,True,True
1,0.98999999999999999,HS1250,funded_assets,USD,189,0,1.8900000000000017,60,0,,,0.19849498575390115,0.19849498575390109,0.1984949857539012,True,True,True,True,True
1,0.98999999999999999,HS1250,net_cashflows,EUR,189,2,1.8900000000000017,20,0.010582010582010581,-0.0023759894501839251,0.02354001061420509,0.16341591968169211,-0.041701286673771265,0.36853312603715549,True,True,True,False,False
1,0.98999999999999999,HS1250,net_cashflows,EUR,189,2,1.8900000000000017,60,0.010582010582010581,-0.0009841838535165192,0.022148205017537684,0.16341591968169211,-0.027258462959780017,0.35409030232316424,True,True,True,False,False
1,0.98999999999999999,HS1250,net_cashflows,USD,189,2,1.8900000000000017,20,0.010582010582010581,-0.0023759894501839251,0.02354001061420509,0.16598405838982627,-0.045203314225922053,0.3771714310055746,True,True,True,False,False
1,0.98999999999999999,HS1250,net_cashflows,USD,189,2,1.8900000000000017,60,0.010582010582010581,-0.0009841838535165192,0.022148205017537684,0.16598405838982627,-0.030720922590244726,0.36268903936989727,True,True,True,False,False
1,0.98999999999999999,IN_FHS1250@CHF,funded_assets,EUR,189,1,1.8900000000000017,20,0.0052910052910052907,-0.0046152650657608242,0.015197275647771406,0.12751810774981176,0.02556066080109827,0.22947555469852526,True,True,True,False,False
1,0.98999999999999999,IN_FHS1250@CHF,funded_assets,EUR,189,1,1.8900000000000017,60,0.0052910052910052907,-0.004346838730560772,0.014928849312571353,0.12751810774981176,0.027177824422324692,0.22785839107729883,True,True,True,False,False
1,0.98999999999999999,IN_FHS1250@CHF,funded_assets,USD,189,1,1.8900000000000017,20,0.0052910052910052907,-0.0046152650657608242,0.015197275647771406,0.12941353619034121,0.022221611178327924,0.23660546120235448,True,True,True,False,False
1,0.98999999999999999,IN_FHS1250@CHF,funded_assets,USD,189,1,1.8900000000000017,60,0.0052910052910052907,-0.004346838730560772,0.014928849312571353,0.12941353619034121,0.023922652620428864,0.23490441976025356,True,True,True,False,False
1,0.98999999999999999,IN_FHS1250@CHF,net_cashflows,EUR,189,4,1.8900000000000017,20,0.021164021164021163,0.0057792295783046146,0.036548812749737709,-0.31643149986093816,-0.87769764898957892,0.24483464926770265,True,True,True,False,False
1,0.98999999999999999,IN_FHS1250@CHF,net_cashflows,EUR,189,4,1.8900000000000017,60,0.021164021164021163,0.010831673338293279,0.031496368989749043,-0.31643149986093816,-0.79885071498863514,0.16598771526675882,True,True,True,False,False
1,0.98999999999999999,IN_FHS1250@CHF,net_cashflows,USD,189,4,1.8900000000000017,20,0.021164021164021163,0.0057792295783046146,0.036548812749737709,-0.30919906163687499,-0.87437684829944806,0.25597872502569813,True,True,True,False,False
1,0.98999999999999999,IN_FHS1250@CHF,net_cashflows,USD,189,4,1.8900000000000017,60,0.021164021164021163,0.010831673338293279,0.031496368989749043,-0.30919906163687499,-0.79808419478586856,0.17968607151211863,True,True,True,False,False
1,0.98999999999999999,IN_FHS1250@EUR,funded_assets,EUR,189,1,1.8900000000000017,20,0.0052910052910052907,-0.0046152650657608242,0.015197275647771406,0.14491350332711164,0.062564026949733564,0.22726297970448972,True,True,True,False,False
1,0.98999999999999999,IN_FHS1250@EUR,funded_assets,EUR,189,1,1.8900000000000017,60,0.0052910052910052907,-0.004346838730560772,0.014928849312571353,0.14491350332711164,0.065353605469875981,0.2244734011843473,True,True,True,False,False
1,0.98999999999999999,IN_FHS1250@EUR,funded_assets,USD,189,1,1.8900000000000017,20,0.0052910052910052907,-0.0046152650657608242,0.015197275647771406,0.14601275435767405,0.064001404037687726,0.22802410467766038,True,True,True,False,False
1,0.98999999999999999,IN_FHS1250@EUR,funded_assets,USD,189,1,1.8900000000000017,60,0.0052910052910052907,-0.004346838730560772,0.014928849312571353,0.14601275435767405,0.066290754499009938,0.22573475421633815,True,True,True,False,False
1,0.98999999999999999,IN_FHS1250@EUR,net_cashflows,EUR,189,5,1.8900000000000017,20,0.026455026455026454,0.0055085049337162892,0.047401547976336618,-1.0291298972616927,-2.0478287184524326,-0.010431076070952505,True,True,True,False,False
1,0.98999999999999999,IN_FHS1250@EUR,net_cashflows,EUR,189,5,1.8900000000000017,60,0.026455026455026454,0.010205983203238608,0.042704069706814299,-1.0291298972616927,-1.8717336909657778,-0.18652610355760757,True,True,True,False,False
1,0.98999999999999999,IN_FHS1250@EUR,net_cashflows,USD,189,5,1.8900000000000017,20,0.026455026455026454,0.0055085049337162892,0.047401547976336618,-1.0224569175859246,-2.0425704445254707,-0.0023433906463785625,True,True,True,False,False
1,0.98999999999999999,IN_FHS1250@EUR,net_cashflows,USD,189,5,1.8900000000000017,60,0.026455026455026454,0.010205983203238608,0.042704069706814299,-1.0224569175859246,-1.8666877147631862,-0.17822612040866292,True,True,True,False,False
1,0.98999999999999999,IN_FHS1250@GBP,funded_assets,EUR,189,0,1.8900000000000017,20,0,,,0.18652911473440886,0.17805861847308682,0.1949996109957309,True,True,True,True,True
1,0.98999999999999999,IN_FHS1250@GBP,funded_assets,EUR,189,0,1.8900000000000017,60,0,,,0.18652911473440886,0.174871229680263,0.19818699978855472,True,True,True,True,True
1,0.98999999999999999,IN_FHS1250@GBP,funded_assets,USD,189,0,1.8900000000000017,20,0,,,0.19157210746280381,0.18355581098292126,0.19958840394268637,True,True,True,True,True
1,0.98999999999999999,IN_FHS1250@GBP,funded_assets,USD,189,0,1.8900000000000017,60,0,,,0.19157210746280381,0.18067772638920104,0.20246648853640659,True,True,True,True,True
1,0.98999999999999999,IN_FHS1250@GBP,net_cashflows,EUR,189,5,1.8900000000000017,20,0.026455026455026454,0.0055085049337162892,0.047401547976336618,-0.82883608381379237,-1.6998369930353987,0.042164825407813855,True,True,True,False,False
1,0.98999999999999999,IN_FHS1250@GBP,net_cashflows,EUR,189,5,1.8900000000000017,60,0.026455026455026454,0.010205983203238608,0.042704069706814299,-0.82883608381379237,-1.5569846744630149,-0.10068749316456982,True,True,True,False,False
1,0.98999999999999999,IN_FHS1250@GBP,net_cashflows,USD,189,5,1.8900000000000017,20,0.026455026455026454,0.0055085049337162892,0.047401547976336618,-0.81773697287789693,-1.6915663101217644,0.056092364365970537,True,True,True,False,False
1,0.98999999999999999,IN_FHS1250@GBP,net_cashflows,USD,189,5,1.8900000000000017,60,0.026455026455026454,0.010205983203238608,0.042704069706814299,-0.81773697287789693,-1.5549483226148064,-0.080525623140987546,True,True,True,False,False
1,0.98999999999999999,IN_FHS1250@JPY,funded_assets,EUR,189,1,1.8900000000000017,20,0.0052910052910052907,-0.0046152650657608242,0.015197275647771406,0.20154540178648558,0.16472662203825528,0.23836418153471589,True,True,True,False,False
1,0.98999999999999999,IN_FHS1250@JPY,funded_assets,EUR,189,1,1.8900000000000017,60,0.0052910052910052907,-0.004346838730560772,0.014928849312571353,0.20154540178648558,0.16637083188583388,0.23671997168713729,True,True,True,False,False
1,0.98999999999999999,IN_FHS1250@JPY,funded_assets,USD,189,1,1.8900000000000017,20,0.0052910052910052907,-0.0046152650657608242,0.015197275647771406,0.19982296247398779,0.15677441568206457,0.242871509265911,True,True,True,False,False
1,0.98999999999999999,IN_FHS1250@JPY,funded_assets,USD,189,1,1.8900000000000017,60,0.0052910052910052907,-0.004346838730560772,0.014928849312571353,0.19982296247398779,0.15891497252495573,0.24073095242301984,True,True,True,False,False
1,0.98999999999999999,IN_FHS1250@JPY,net_cashflows,EUR,189,5,1.8900000000000017,20,0.026455026455026454,0.0055085049337162892,0.047401547976336618,-1.4466034192727493,-2.6882519798756133,-0.20495485866988528,True,True,True,False,False
1,0.98999999999999999,IN_FHS1250@JPY,net_cashflows,EUR,189,5,1.8900000000000017,60,0.026455026455026454,0.010205983203238608,0.042704069706814299,-1.4466034192727493,-2.368852684500808,-0.52435415404469043,True,True,True,False,False
1,0.98999999999999999,IN_FHS1250@JPY,net_cashflows,USD,189,5,1.8900000000000017,20,0.026455026455026454,0.0055085049337162892,0.047401547976336618,-1.4402225003931444,-2.6879983602820352,-0.19244664050425353,True,True,True,False,False
1,0.98999999999999999,IN_FHS1250@JPY,net_cashflows,USD,189,5,1.8900000000000017,60,0.026455026455026454,0.010205983203238608,0.042704069706814299,-1.4402225003931444,-2.3665756597390306,-0.5138693410472579,True,True,True,False,False
1,0.98999999999999999,IN_FHS1250@USD,funded_assets,EUR,189,0,1.8900000000000017,20,0,,,0.19954176854944791,0.18828977404439326,0.21079376305450256,True,True,True,True,True
1,0.98999999999999999,IN_FHS1250@USD,funded_assets,EUR,189,0,1.8900000000000017,60,0,,,0.19954176854944791,0.18643943683643233,0.2126441002624635,True,True,True,True,True
1,0.98999999999999999,IN_FHS1250@USD,funded_assets,USD,189,0,1.8900000000000017,20,0,,,0.19922014052742376,0.18794490817315895,0.21049537288168857,True,True,True,True,True
1,0.98999999999999999,IN_FHS1250@USD,funded_assets,USD,189,0,1.8900000000000017,60,0,,,0.19922014052742376,0.18576902616344743,0.2126712548914001,True,True,True,True,True
1,0.98999999999999999,IN_FHS1250@USD,net_cashflows,EUR,189,5,1.8900000000000017,20,0.026455026455026454,0.0055085049337162892,0.047401547976336618,-0.89801168778970752,-1.7660422735428525,-0.029981102036562457,True,True,True,False,False
1,0.98999999999999999,IN_FHS1250@USD,net_cashflows,EUR,189,5,1.8900000000000017,60,0.026455026455026454,0.010205983203238608,0.042704069706814299,-0.89801168778970752,-1.5750727672975073,-0.22095060828190782,True,True,True,False,False
1,0.98999999999999999,IN_FHS1250@USD,net_cashflows,USD,189,5,1.8900000000000017,20,0.026455026455026454,0.0055085049337162892,0.047401547976336618,-0.89531779727691163,-1.7689558901563709,-0.021679704397452482,True,True,True,False,False
1,0.98999999999999999,IN_FHS1250@USD,net_cashflows,USD,189,5,1.8900000000000017,60,0.026455026455026454,0.010205983203238608,0.042704069706814299,-0.89531779727691163,-1.5781514920590489,-0.21248410249477434,True,True,True,False,False
1,0.98999999999999999,IN_FHS_REF_POOL,funded_assets,EUR,189,1,1.8900000000000017,20,0.0052910052910052907,-0.0046152650657608242,0.015197275647771406,0.19212805708514355,0.15525967428215889,0.22899643988812821,True,True,True,False,False
1,0.98999999999999999,IN_FHS_REF_POOL,funded_assets,EUR,189,1,1.8900000000000017,60,0.0052910052910052907,-0.004346838730560772,0.014928849312571353,0.19212805708514355,0.15580497747564953,0.22845113669463757,True,True,True,False,False
1,0.98999999999999999,IN_FHS_REF_POOL,funded_assets,USD,189,1,1.8900000000000017,20,0.0052910052910052907,-0.0046152650657608242,0.015197275647771406,0.19259720683628184,0.15128903686454853,0.23390537680801515,True,True,True,False,False
1,0.98999999999999999,IN_FHS_REF_POOL,funded_assets,USD,189,1,1.8900000000000017,60,0.0052910052910052907,-0.004346838730560772,0.014928849312571353,0.19259720683628184,0.15197661601962179,0.2332177976529419,True,True,True,False,False
1,0.98999999999999999,IN_FHS_REF_POOL,net_cashflows,EUR,189,5,1.8900000000000017,20,0.026455026455026454,0.0055085049337162892,0.047401547976336618,-0.78686184477453702,-1.6013858335822722,0.027662144033198111,True,True,True,False,False
1,0.98999999999999999,IN_FHS_REF_POOL,net_cashflows,EUR,189,5,1.8900000000000017,60,0.026455026455026454,0.010205983203238608,0.042704069706814299,-0.78686184477453702,-1.4416950809964904,-0.13202860855258369,True,True,True,False,False
1,0.98999999999999999,IN_FHS_REF_POOL,net_cashflows,USD,189,5,1.8900000000000017,20,0.026455026455026454,0.0055085049337162892,0.047401547976336618,-0.78390995076889569,-1.6052081198131001,0.037388218275308804,True,True,True,False,False
1,0.98999999999999999,IN_FHS_REF_POOL,net_cashflows,USD,189,5,1.8900000000000017,60,0.026455026455026454,0.010205983203238608,0.042704069706814299,-0.78390995076889569,-1.4492422895137582,-0.11857761202403316,True,True,True,False,False
