year,training_reference,node,cutoff_date,mu,omega,alpha,beta,nu,nll,iterations,converged_starts,train_n
2026,EUR,USD,2025-12-31,0.001797241586020171,0.0015589524768006493,0.031868452590586675,0.9623506515024739,4.5711381190674691,0.5899960210965739,28,3,1250
2026,EUR,GBP,2025-12-31,0.010881114919598558,0.00035382948036579229,0.029720851137138758,0.96750697214540426,6.4397921454045672,0.27918956800529332,57,3,1250
2026,EUR,JPY,2025-12-31,-0.04427285635465307,0.0054866459704677453,0.071825279904369724,0.9144024011937778,5.9362113588034013,0.77847652584827742,18,3,1250
2026,EUR,CHF,2025-12-31,0.0081138114226273466,0.003620830154546447,0.098627623348949117,0.87489566301767563,5.3484281134971994,0.25606848855986553,22,3,1250
2026,USD,EUR,2025-12-31,-0.0017972475607889171,0.0015589525340441064,0.031868530730284068,0.96235062355088818,4.5711301574490975,0.58999602109652616,48,3,1250
2026,USD,GBP,2025-12-31,0.0081627389330223774,0.0071284263160670555,0.058300597210817547,0.91677866117574158,5.1170285009720331,0.68430081531065312,19,3,1250
2026,USD,JPY,2025-12-31,-0.058269595032009458,0.0053793388144672116,0.06185531540929954,0.93291637082709999,3.7411724741834709,0.84045011321213459,26,3,1250
2026,USD,CHF,2025-12-31,-0.013356020312867973,0.0039722026842555352,0.021882013380386822,0.96198477259147441,4.5187035570896281,0.6490316244243004,20,3,1250
2026,GBP,EUR,2025-12-31,-0.010880966942719542,0.0003538302220586349,0.029721067519496974,0.96750678438311788,6.439788864676208,0.27918956800571199,39,3,1250
2026,GBP,USD,2025-12-31,-0.0081627473922839897,0.0071283749867995325,0.05830047219725186,0.91677899076785652,5.1170295413016813,0.6843008153104827,19,3,1250
2026,GBP,JPY,2025-12-31,-0.0529991486498382,0.012939208076698837,0.089867869659977312,0.88309817807759139,5.2859521875625495,0.87676626490190979,22,3,1250
2026,GBP,CHF,2025-12-31,-0.0048406549900079105,0.019411942190393824,0.1029727690737214,0.80130042584020467,5.6471926626588154,0.5488401045787642,25,3,1250
2026,JPY,EUR,2025-12-31,0.044272800638409493,0.0054867032059212617,0.071826086387309918,0.91440155407370127,5.9362750239723923,0.7784765258483225,19,3,1250
2026,JPY,USD,2025-12-31,0.058269620895136091,0.0053794597505736333,0.0618559902077392,0.93291542678278994,3.7411774527863928,0.8404501132134703,25,3,1250
2026,JPY,GBP,2025-12-31,0.052999118363648928,0.012939194710463996,0.089867916023300257,0.88309815932132718,5.2859572796735304,0.87676626490192289,22,3,1250
2026,JPY,CHF,2025-12-31,0.0463111622490733,0.0028519003110075085,0.043927307174235881,0.94642082092838276,5.3974318523493618,0.68363096098687748,28,3,1250
2026,CHF,EUR,2025-12-31,-0.0081138230916382604,0.0036208442903573005,0.098627783071793151,0.87489539635586944,5.3484280960007888,0.25606848855986852,22,3,1250
2026,CHF,USD,2025-12-31,0.01335596742599636,0.0039721321633551963,0.021881999753717532,0.96198509380478681,4.5186900403181678,0.64903162442500428,28,3,1250
2026,CHF,GBP,2025-12-31,0.0048406303514034561,0.019411976706914413,0.10297298161008001,0.80130021220762393,5.6471790915526494,0.5488401045788468,25,3,1250
2026,CHF,JPY,2025-12-31,-0.046311237951544716,0.0028519463170600238,0.043927697292975978,0.94642029603633637,5.3974236814292613,0.68363096098689324,35,3,1250
