horizon,tau,n_dates,sign,block_primary,contrast,block,delta,point_low,point_high,simultaneous_low,simultaneous_high,family_size,critical
1,0.94999999999999996,189,mixture minus comparator; lower is better,True,IN_FHS1250@EUR,20,0.021865755939800276,-0.0052105228417614292,0.049214318002637265,-0.0098967163015752611,0.05362822818117581,4,2.268545643290103
1,0.94999999999999996,189,mixture minus comparator; lower is better,True,HS1250,20,-0.065125526951426385,-0.18730946733403508,0.062364621007594774,-0.20924727881148741,0.078996224908634657,4,2.268545643290103
1,0.94999999999999996,189,mixture minus comparator; lower is better,True,EWMA_GAUSS,20,-0.053158196387966421,-0.29029474090301033,0.14169891981489391,-0.30533949223159979,0.19902309945566693,4,2.268545643290103
1,0.94999999999999996,189,mixture minus comparator; lower is better,True,EWMA_SELFNORMALIZED,20,-0.048473374446778489,-0.27804628152432209,0.13968460787838036,-0.29267445447918933,0.19572770558563235,4,2.268545643290103
1,0.94999999999999996,189,mixture minus comparator; lower is better,True,IN_FHS1250@EUR,60,0.021865755939800276,0.0047978967903083442,0.038193946812453798,0.0024928011614436876,0.041238710718156865,4,2.2701054416887825
1,0.94999999999999996,189,mixture minus comparator; lower is better,True,HS1250,60,-0.065125526951426385,-0.17095681583382683,0.035742163989942476,-0.18611927249394905,0.05586821859109628,4,2.2701054416887825
1,0.94999999999999996,189,mixture minus comparator; lower is better,True,EWMA_GAUSS,60,-0.053158196387966421,-0.20378027432948204,0.094027518411198718,-0.22678970417248739,0.12047331139655454,4,2.2701054416887825
1,0.94999999999999996,189,mixture minus comparator; lower is better,True,EWMA_SELFNORMALIZED,60,-0.048473374446778489,-0.19424573336455345,0.093304443481001337,-0.21590488718736564,0.11895813829380866,4,2.2701054416887825
1,0.98999999999999999,189,mixture minus comparator; lower is better,True,IN_FHS1250@EUR,20,-0.069527522256668958,-0.18639725548511937,0.041068129575401631,-0.19553718206663406,0.056482137553296133,4,2.1332611857302375
1,0.98999999999999999,189,mixture minus comparator; lower is better,True,HS1250,20,0.12056446878220384,-0.21593886630545614,0.48582755751045276,-0.26419390493528772,0.50532284249969539,4,2.1332611857302375
1,0.98999999999999999,189,mixture minus comparator; lower is better,True,EWMA_GAUSS,20,-0.69758932952435038,-1.621605893623639,0.071264940147021713,-1.6406485285785113,0.24546986952981065,4,2.1332611857302375
1,0.98999999999999999,189,mixture minus comparator; lower is better,True,EWMA_SELFNORMALIZED,20,-0.65050915213387261,-1.5163085503007487,0.070529571709280578,-1.534960729373462,0.23394242510571672,4,2.1332611857302375
1,0.98999999999999999,189,mixture minus comparator; lower is better,True,IN_FHS1250@EUR,60,-0.069527522256668958,-0.17853528142546427,0.025784935531409241,-0.18233519377922924,0.043280149265891341,4,2.0689608980605816
1,0.98999999999999999,189,mixture minus comparator; lower is better,True,HS1250,60,0.12056446878220384,-0.15446994695036692,0.41198919217680607,-0.18696930776131704,0.42809824532572471,4,2.0689608980605816
1,0.98999999999999999,189,mixture minus comparator; lower is better,True,EWMA_GAUSS,60,-0.69758932952435038,-1.4280446262672704,-0.059635626967612959,-1.4420605909658004,0.046881931917099662,4,2.0689608980605816
1,0.98999999999999999,189,mixture minus comparator; lower is better,True,EWMA_SELFNORMALIZED,60,-0.65050915213387261,-1.3305891875963591,-0.053553263229698125,-1.3472058206718391,0.046187516404093909,4,2.0689608980605816
