horizon,tau,model_key,book,report,n,mean_score,breaches,breach_rate,mean_var,mean_es,median_es
1,0.94999999999999996,EWMA_GAUSS,funded_assets,EUR,189,-5.7163396416658996,5,0.026455026455026454,0.0027460219816579433,0.0034416956347076335,0.0034435596374132399
1,0.94999999999999996,EWMA_GAUSS,funded_assets,USD,189,-5.7104041290292846,5,0.026455026455026454,0.0027552925616854138,0.0034572247955709512,0.0034609503794245551
1,0.94999999999999996,EWMA_GAUSS,net_cashflows,EUR,189,-4.7525773826076421,11,0.058201058201058198,0.0030256233576624789,0.0037925523230526816,0.0037194525485466476
1,0.94999999999999996,EWMA_GAUSS,net_cashflows,USD,189,-4.7398504097635028,11,0.058201058201058198,0.003037488977535269,0.0038125679132840163,0.0037452116761262249
1,0.94999999999999996,EWMA_SELFNORMALIZED,funded_assets,EUR,189,-5.7130398147226833,5,0.026455026455026454,0.0027604757159348983,0.0034982768652894653,0.0035049740482586502
1,0.94999999999999996,EWMA_SELFNORMALIZED,funded_assets,USD,189,-5.7071556417263967,5,0.026455026455026454,0.0027701980864173275,0.0035143618796910051,0.0035164964893484949
1,0.94999999999999996,EWMA_SELFNORMALIZED,net_cashflows,EUR,189,-4.765149913818945,11,0.058201058201058198,0.0030400297007955987,0.0038532167177544128,0.0037781799843862431
1,0.94999999999999996,EWMA_SELFNORMALIZED,net_cashflows,USD,189,-4.7525654805630566,11,0.058201058201058198,0.0030524525566608869,0.0038738836554633458,0.0038051239675054261
1,0.94999999999999996,HS1250,funded_assets,EUR,189,-5.319687157424327,1,0.0052910052910052907,0.0046190776156642948,0.0064180207927229853,0.0064179953622449642
1,0.94999999999999996,HS1250,funded_assets,USD,189,-5.3187341014523408,1,0.0052910052910052907,0.0046083188020817839,0.0064590573277553799,0.0064590547485376213
1,0.94999999999999996,HS1250,net_cashflows,EUR,189,-5.120488766304689,6,0.031746031746031744,0.0042123571613418096,0.0063728826827766467,0.0063806797366337291
1,0.94999999999999996,HS1250,net_cashflows,USD,189,-5.1123922156311323,6,0.031746031746031744,0.0042339402042762143,0.0064290382779450548,0.006437432061529122
1,0.94999999999999996,IN_FHS1250@CHF,funded_assets,EUR,189,-5.536646110324301,1,0.0052910052910052907,0.0036488338828800219,0.004658488249285192,0.004676248264622972
1,0.94999999999999996,IN_FHS1250@CHF,funded_assets,USD,189,-5.5324310047668517,1,0.0052910052910052907,0.0036597903802017395,0.0046815187041777534,0.0047003568904092161
1,0.94999999999999996,IN_FHS1250@CHF,net_cashflows,EUR,189,-5.1290048302022058,6,0.031746031746031744,0.0036253118727783817,0.0053444734001621419,0.0053736172649414791
1,0.94999999999999996,IN_FHS1250@CHF,net_cashflows,USD,189,-5.1226394070888981,6,0.031746031746031744,0.0036474802354940767,0.0053877388437830308,0.0054192114594292708
1,0.94999999999999996,IN_FHS1250@EUR,funded_assets,EUR,189,-5.5654775633804556,3,0.015873015873015872,0.0034937409268607023,0.0046854658387684807,0.0046662717752669535
1,0.94999999999999996,IN_FHS1250@EUR,funded_assets,USD,189,-5.559807660052912,3,0.015873015873015872,0.0035056034839545886,0.0047066314879550238,0.0046937520249587181
1,0.94999999999999996,IN_FHS1250@EUR,net_cashflows,EUR,189,-5.0521286898308686,8,0.042328042328042326,0.0032592026613364944,0.0045667585461399767,0.0045658402742024462
1,0.94999999999999996,IN_FHS1250@EUR,net_cashflows,USD,189,-5.0418534591131596,8,0.042328042328042326,0.0032747062081773387,0.0045982665411048113,0.0045969183935553066
1,0.94999999999999996,IN_FHS1250@GBP,funded_assets,EUR,189,-5.5552129966180361,1,0.0052910052910052907,0.0035691973689686127,0.0048193341674417798,0.0047389663756311675
1,0.94999999999999996,IN_FHS1250@GBP,funded_assets,USD,189,-5.5489796348149616,2,0.010582010582010581,0.0035842357628194845,0.0048407007723024727,0.0047609883815436056
1,0.94999999999999996,IN_FHS1250@GBP,net_cashflows,EUR,189,-5.0536820811501215,7,0.037037037037037035,0.0035504873667330373,0.0049317803202325013,0.0048634342684184678
1,0.94999999999999996,IN_FHS1250@GBP,net_cashflows,USD,189,-5.0455895320131594,8,0.042328042328042326,0.0035664518580369106,0.0049667080739814263,0.0048941139700706621
1,0.94999999999999996,IN_FHS1250@JPY,funded_assets,EUR,189,-5.507039787033615,3,0.015873015873015872,0.003719068810207104,0.0049807872430082155,0.0045847732806001962
1,0.94999999999999996,IN_FHS1250@JPY,funded_assets,USD,189,-5.5007833838722613,3,0.015873015873015872,0.0037288316394368695,0.0050122532106006553,0.0046086570708681321
1,0.94999999999999996,IN_FHS1250@JPY,net_cashflows,EUR,189,-4.9103898999906903,10,0.052910052910052907,0.0035216081687613264,0.004822574293389662,0.0045692626193578863
1,0.94999999999999996,IN_FHS1250@JPY,net_cashflows,USD,189,-4.8979258708855236,10,0.052910052910052907,0.0035319467461750144,0.0048587230426663129,0.0045986189375352661
1,0.94999999999999996,IN_FHS1250@USD,funded_assets,EUR,189,-5.4761924174037757,1,0.0052910052910052907,0.0038700848432731715,0.0052563346243251008,0.0052035286145290655
1,0.94999999999999996,IN_FHS1250@USD,funded_assets,USD,189,-5.4714157518725219,1,0.0052910052910052907,0.0038847379874370151,0.0052751039537004361,0.0052257895668141891
1,0.94999999999999996,IN_FHS1250@USD,net_cashflows,EUR,189,-5.0178247191861693,7,0.037037037037037035,0.0036055774277685007,0.0050715426310590428,0.0049386785208303599
1,0.94999999999999996,IN_FHS1250@USD,net_cashflows,USD,189,-5.0082595507910606,8,0.042328042328042326,0.0036204091160855134,0.0051021249656534933,0.0049657966265230728
1,0.94999999999999996,IN_FHS_REF_POOL,funded_assets,EUR,189,-5.5291878338186304,2,0.010582010582010581,0.0036470912595207481,0.0049204256229131793,0.0049055826961260105
1,0.94999999999999996,IN_FHS_REF_POOL,funded_assets,USD,189,-5.523869269090218,2,0.010582010582010581,0.0036611743798217532,0.0049439147293483645,0.0049342976794209412
1,0.94999999999999996,IN_FHS_REF_POOL,net_cashflows,EUR,189,-5.0443111534760705,7,0.037037037037037035,0.003525339608553054,0.0049784778096269959,0.0048582644042307905
1,0.94999999999999996,IN_FHS_REF_POOL,net_cashflows,USD,189,-5.0344360922332765,8,0.042328042328042326,0.0035398949873900582,0.0050138856092147186,0.0048914685545576831
1,0.98999999999999999,EWMA_GAUSS,funded_assets,EUR,189,-5.2903413529932095,1,0.0052910052910052907,0.0038797636552010883,0.0044505675213750619,0.0044591460638127682
1,0.98999999999999999,EWMA_GAUSS,funded_assets,USD,189,-5.2821957221952163,1,0.0052910052910052907,0.0038991353043559243,0.0044760836081854253,0.0044800181351635198
1,0.98999999999999999,EWMA_GAUSS,net_cashflows,EUR,189,-2.6068876716946865,6,0.031746031746031744,0.0042796589847224403,0.0049023870054728212,0.0048068913303186672
1,0.98999999999999999,EWMA_GAUSS,net_cashflows,USD,189,-2.5913609421900614,6,0.031746031746031744,0.0043043414676397374,0.0049351973899097448,0.0048489563881897076
1,0.98999999999999999,EWMA_SELFNORMALIZED,funded_assets,EUR,189,-5.2820392430949337,1,0.0052910052910052907,0.0039654912317877546,0.0045496960574025903,0.0045515523470965212
1,0.98999999999999999,EWMA_SELFNORMALIZED,funded_assets,USD,189,-5.2732716974742777,1,0.0052910052910052907,0.0039857874821113467,0.0045763623941659426,0.0045823351013436547
1,0.98999999999999999,EWMA_SELFNORMALIZED,net_cashflows,EUR,189,-2.7083051346315088,6,0.031746031746031744,0.0043698160839171947,0.0050154493305084166,0.0049194815686819278
1,0.98999999999999999,EWMA_SELFNORMALIZED,net_cashflows,USD,189,-2.6954903234343659,6,0.031746031746031744,0.004395741572319898,0.0050497095491904946,0.0049586000190829085
1,0.98999999999999999,HS1250,funded_assets,EUR,189,-4.8342565119153029,0,0,0.0077885308941614273,0.0096218137956902879,0.0096218137956902879
1,0.98999999999999999,HS1250,funded_assets,USD,189,-4.8279327471761508,0,0,0.0078228854250427561,0.009760245146315169,0.009760245146315169
1,0.98999999999999999,HS1250,net_cashflows,EUR,189,-4.6959394604600204,2,0.010582010582010581,0.0074329172845420764,0.010753624584566491,0.010764170908035758
1,0.98999999999999999,HS1250,net_cashflows,USD,189,-4.6852721627479168,2,0.010582010582010581,0.0074809782485060995,0.01089690420795234,0.01090830360444825
1,0.98999999999999999,IN_FHS1250@CHF,funded_assets,EUR,189,-5.1850296197014378,1,0.0052910052910052907,0.0052177134152207464,0.0063750579207462951,0.0063963210202430971
1,0.98999999999999999,IN_FHS1250@CHF,funded_assets,USD,189,-5.1764598612945774,1,0.0052910052910052907,0.0052419743316889757,0.0064420188024937432,0.0064618282652402683
1,0.98999999999999999,IN_FHS1250@CHF,net_cashflows,EUR,189,-4.4785004298785864,4,0.021164021164021163,0.0060016130967685101,0.0082891713260596269,0.008322253637449423
1,0.98999999999999999,IN_FHS1250@CHF,net_cashflows,USD,189,-4.4734833097004216,4,0.021164021164021163,0.0060336639967049736,0.0083913840530884121,0.0084293021064152322
1,0.98999999999999999,IN_FHS1250@EUR,funded_assets,EUR,189,-5.1886484602310361,1,0.0052910052910052907,0.0052448039860095164,0.0064679338225466752,0.0064637030852506723
1,0.98999999999999999,IN_FHS1250@EUR,funded_assets,USD,189,-5.1819998542292343,1,0.0052910052910052907,0.005279937680305098,0.0065183174796329246,0.0065179722851051673
1,0.98999999999999999,IN_FHS1250@EUR,net_cashflows,EUR,189,-3.9582393624097705,5,0.026455026455026454,0.0051002760368854018,0.006861220288700641,0.0068711487311625538
1,0.98999999999999999,IN_FHS1250@EUR,net_cashflows,USD,189,-3.9541452412738587,5,0.026455026455026454,0.0051282337632959051,0.0069353017493164479,0.006960642206472618
1,0.98999999999999999,IN_FHS1250@GBP,funded_assets,EUR,189,-5.1747314058195384,0,0,0.0055613766139397886,0.0068435635510107583,0.0067959358892849967
1,0.98999999999999999,IN_FHS1250@GBP,funded_assets,USD,189,-5.1722871952094183,0,0,0.0055700489826269548,0.0068953999651809872,0.0068591385444678179
1,0.98999999999999999,IN_FHS1250@GBP,net_cashflows,EUR,189,-4.1016642708452196,5,0.026455026455026454,0.0055436304159366167,0.0072644880249821452,0.0071932405070598334
1,0.98999999999999999,IN_FHS1250@GBP,net_cashflows,USD,189,-4.1014188398443645,5,0.026455026455026454,0.0055735199358000172,0.0073475122447095942,0.0072829986196454007
1,0.98999999999999999,IN_FHS1250@JPY,funded_assets,EUR,189,-5.1276994916597358,1,0.0052910052910052907,0.0057743764957972118,0.007388846402494282,0.0067549510030783869
1,0.98999999999999999,IN_FHS1250@JPY,funded_assets,USD,189,-5.1150758785762367,1,0.0052910052910052907,0.0058261112081428677,0.0074734341132005585,0.0068264282241247767
1,0.98999999999999999,IN_FHS1250@JPY,net_cashflows,EUR,189,-3.613258788570445,5,0.026455026455026454,0.0055417667061877568,0.0065107828111905441,0.0061598523962597034
1,0.98999999999999999,IN_FHS1250@JPY,net_cashflows,USD,189,-3.6097232773909447,5,0.026455026455026454,0.0055894973310824025,0.0065789316721833616,0.0062220424343735602
1,0.98999999999999999,IN_FHS1250@USD,funded_assets,EUR,189,-5.0966199195417419,0,0,0.0060044517126290626,0.0074964550145045069,0.0074322295973778801
1,0.98999999999999999,IN_FHS1250@USD,funded_assets,USD,189,-5.0902014323876053,0,0,0.0060445134642775214,0.0075428942914118335,0.0074731379373307446
1,0.98999999999999999,IN_FHS1250@USD,net_cashflows,EUR,189,-4.0574725217770267,5,0.026455026455026454,0.0058204322053041994,0.0071311821177004785,0.006933538745858581
1,0.98999999999999999,IN_FHS1250@USD,net_cashflows,USD,189,-4.0512397513440019,5,0.026455026455026454,0.0058475574229460191,0.0071952071953169531,0.00700341459746384
1,0.98999999999999999,IN_FHS_REF_POOL,funded_assets,EUR,189,-5.1510466061810796,1,0.0052910052910052907,0.005554253553665638,0.0070477685030252528,0.0070554073401304972
1,0.98999999999999999,IN_FHS_REF_POOL,funded_assets,USD,189,-5.1431267001346628,1,0.0052910052910052907,0.0055806542416326713,0.0071074796077227557,0.00711590506082555
1,0.98999999999999999,IN_FHS_REF_POOL,net_cashflows,EUR,189,-4.1373768355973581,5,0.026455026455026454,0.0057246029845116272,0.0073184897331224881,0.0071656328267912083
1,0.98999999999999999,IN_FHS_REF_POOL,net_cashflows,USD,189,-4.1295928652574752,5,0.026455026455026454,0.0057644875313163282,0.0073978205922320709,0.0072503859572265461
