origin_date,book,report,tau,model,train_reference,higher_power,var_difference,es_difference,score_difference,var_relative_difference,es_relative_difference
2020-03-10,funded_assets,EUR,0.94999999999999996,TCOP1250,EUR,14,3.4285713053999745e-05,1.387516293599976e-05,0.0055727557568721053,0.0068818335660914762,0.0020377312850623072
2020-03-10,funded_assets,EUR,0.98999999999999999,TCOP1250,EUR,14,0.00013152642335880014,-5.6994138715699832e-05,0.012152448010642303,0.016860061357481811,-0.0057573095116405263
2020-03-10,funded_assets,USD,0.94999999999999996,TCOP1250,EUR,14,5.422882219109984e-05,1.5431640211499911e-05,0.008486036357240323,0.010835535500904266,0.0022459507232183394
2020-03-10,funded_assets,USD,0.98999999999999999,TCOP1250,EUR,14,6.2190005968101175e-05,-4.3618985810600294e-05,0.0053123462967477053,0.0078965331493861014,-0.0043555707394070491
2020-03-10,net_cashflows,EUR,0.94999999999999996,TCOP1250,EUR,14,-2.824288853689981e-05,2.7434353497800268e-05,-0.0045554106519540838,-0.0085000646234152741,0.0060431779102110969
2020-03-10,net_cashflows,EUR,0.98999999999999999,TCOP1250,EUR,14,0,0.00024714336093490004,0.0075236871962776064,0,0.038036729303266861
2020-03-10,net_cashflows,USD,0.94999999999999996,TCOP1250,EUR,14,-2.0314093819800028e-05,2.7544315418400606e-05,-0.0027848231840730264,-0.0060952269096027798,0.0060325495988958885
2020-03-10,net_cashflows,USD,0.98999999999999999,TCOP1250,EUR,14,1.9514644999599727e-05,0.00026557354216200004,0.010947538986264327,0.0036737963028214225,0.040666977727124236
2020-03-10,funded_assets,EUR,0.94999999999999996,TCOP1250,USD,14,-2.5589513351999271e-05,3.2058721776600033e-05,-0.0024063529858855404,-0.0050658657479336804,0.0046178010041821168
2020-03-10,funded_assets,EUR,0.98999999999999999,TCOP1250,USD,14,-0.00019369864263459914,0.00055382567275080036,-0.0098599519981661388,-0.023303331938310138,0.057318472475502709
2020-03-10,funded_assets,USD,0.94999999999999996,TCOP1250,USD,14,-2.2524489754800411e-05,3.7728978546199693e-05,-0.0017165402515093575,-0.0044343711949674496,0.0053910395586516252
2020-03-10,funded_assets,USD,0.98999999999999999,TCOP1250,USD,14,-0.00022491969733270077,0.0005779274360177989,-0.01252764078073465,-0.026625645959408351,0.059125176601837304
2020-03-10,net_cashflows,EUR,0.94999999999999996,TCOP1250,USD,14,-2.8738568988299559e-05,-0.00013989031733510019,-0.01240659189091442,-0.0071342759757794805,-0.023693815571777261
2020-03-10,net_cashflows,EUR,0.98999999999999999,TCOP1250,USD,14,-2.6850905479600291e-05,-0.00031096387174750148,-0.012701211749815755,-0.00411665291461969,-0.033529538878787526
2020-03-10,net_cashflows,USD,0.94999999999999996,TCOP1250,USD,14,-5.1565683469700051e-05,-0.0001381227630468003,-0.016098339511679605,-0.012665823538941308,-0.02327526708053098
2020-03-10,net_cashflows,USD,0.98999999999999999,TCOP1250,USD,14,0,-0.00031305792817420096,-0.0098210473464996895,0,-0.033519528792721104
2020-03-10,funded_assets,EUR,0.94999999999999996,TCOP1250,GBP,14,-1.5616939834600316e-05,1.9969520499400414e-05,-0.0011652045993191251,-0.0029036609229331793,0.0025289893868091985
2020-03-10,funded_assets,EUR,0.98999999999999999,TCOP1250,GBP,14,0.00016184838446510127,0.00035317480658439947,0.020131630829437697,0.0175173674914266,0.028767369427552977
2020-03-10,funded_assets,USD,0.94999999999999996,TCOP1250,GBP,14,0,1.567118158089971e-05,0.00063606662988568985,0,0.0019612992340146589
2020-03-10,funded_assets,USD,0.98999999999999999,TCOP1250,GBP,14,0.00015587313428640052,0.00036186833424049943,0.019609825365556333,0.016670634156783323,0.028989060859682392
2020-03-10,net_cashflows,EUR,0.94999999999999996,TCOP1250,GBP,14,-3.4285262561600284e-05,-0.00014753137830460054,-0.013284112074956944,-0.0082764381861671898,-0.024963769325879858
2020-03-10,net_cashflows,EUR,0.98999999999999999,TCOP1250,GBP,14,-9.2711146996399957e-05,-0.00026499923094819994,-0.017617681120910333,-0.013710288354461872,-0.02992726416957768
2020-03-10,net_cashflows,USD,0.94999999999999996,TCOP1250,GBP,14,-5.2111743762500023e-05,-0.00014554283957809999,-0.016144051530450731,-0.012479977866467285,-0.024498755458616257
2020-03-10,net_cashflows,USD,0.98999999999999999,TCOP1250,GBP,14,-0.00011258767589109996,-0.00024652893829280043,-0.019320610222007595,-0.016546176192132989,-0.027696220070701372
2020-03-10,funded_assets,EUR,0.94999999999999996,TCOP1250,JPY,14,3.143590169200558e-06,3.9735462948600406e-05,0.0019415185726172624,0.00060000981165241648,0.0055255339786609656
2020-03-10,funded_assets,EUR,0.98999999999999999,TCOP1250,JPY,14,-7.8480377720199432e-05,0.00035776777267399959,-0.0010917432990300568,-0.0092250852690587189,0.034915867755172587
2020-03-10,funded_assets,USD,0.94999999999999996,TCOP1250,JPY,14,-1.1541811426299745e-05,3.8124297105500415e-05,-0.00014056543064988603,-0.0021828997077104075,0.0052408068486983804
2020-03-10,funded_assets,USD,0.98999999999999999,TCOP1250,JPY,14,-0.0001323312266690007,0.00034935658521829949,-0.0060664609750764598,-0.015372113193686801,0.033481697643441347
2020-03-10,net_cashflows,EUR,0.94999999999999996,TCOP1250,JPY,14,-5.570072768600054e-05,7.153052530220038e-05,-0.0054934918164519786,-0.012688987560659106,0.01154386165029897
2020-03-10,net_cashflows,EUR,0.98999999999999999,TCOP1250,JPY,14,8.0698975642003526e-06,0.0003563243807301001,0.010494896568852496,0.0011319585903135422,0.037543845363886157
2020-03-10,net_cashflows,USD,0.94999999999999996,TCOP1250,JPY,14,-6.7251941062200331e-05,7.4444091690099856e-05,-0.0070968903973964714,-0.015193792681270959,0.011885936094905571
2020-03-10,net_cashflows,USD,0.98999999999999999,TCOP1250,JPY,14,7.6846241573999725e-05,0.00035445186315379885,0.017573439610072406,0.010773207524331382,0.036693588750700008
2020-03-10,funded_assets,EUR,0.94999999999999996,TCOP1250,CHF,14,-1.7590015613499696e-05,3.6496619273200005e-05,-0.0011698382624079073,-0.00341592664738634,0.0052714156290532719
2020-03-10,funded_assets,EUR,0.98999999999999999,TCOP1250,CHF,14,-9.4560637360600538e-05,5.6567343504199466e-05,-0.0084509532156209488,-0.011739203232506351,0.0057264447284156592
2020-03-10,funded_assets,USD,0.94999999999999996,TCOP1250,CHF,14,-4.9706811007001195e-06,3.2525411052900313e-05,0.00051344978005918307,-0.00096204801730599156,0.00464922780570339
2020-03-10,funded_assets,USD,0.98999999999999999,TCOP1250,CHF,14,-0.00018735202314290079,5.4196762633599779e-05,-0.017615183573125748,-0.022832385711837367,0.005410507397355129
2020-03-10,net_cashflows,EUR,0.94999999999999996,TCOP1250,CHF,14,-5.9207005967499855e-05,4.5272610856400032e-05,-0.0094459955931736062,-0.01607854259566292,0.0091207746487093171
2020-03-10,net_cashflows,EUR,0.98999999999999999,TCOP1250,CHF,14,6.6020621023199846e-05,0.00032049236360500062,0.017793395850295823,0.011505306794592938,0.046048394823819762
2020-03-10,net_cashflows,USD,0.94999999999999996,TCOP1250,CHF,14,-7.1532378425399976e-05,4.7231011222199394e-05,-0.011718406389535474,-0.019293154010599053,0.0094505776012765857
2020-03-10,net_cashflows,USD,0.98999999999999999,TCOP1250,CHF,14,0.00011484760824630007,0.00033477421720029977,0.024804903794389155,0.019921189266201383,0.047748051594030269
2020-03-10,funded_assets,EUR,0.94999999999999996,TCOP_REF_POOL,ALL_FIVE,14,2.814542065310028e-05,2.8531582703599824e-05,0.0050483364207174475,0.0054844578203593584,0.0039863891471334043
2020-03-10,funded_assets,EUR,0.98999999999999999,TCOP_REF_POOL,ALL_FIVE,14,-6.1067237467200136e-05,0.00026412319117909838,-0.00060235086263560333,-0.0072585084129422788,0.025295653125145878
2020-03-10,funded_assets,USD,0.94999999999999996,TCOP_REF_POOL,ALL_FIVE,14,2.8933626456900327e-05,2.7826225165000253e-05,0.0050893093820869595,0.0056033630276852535,0.0038481047632822102
2020-03-10,funded_assets,USD,0.98999999999999999,TCOP_REF_POOL,ALL_FIVE,14,-3.8129548491699569e-05,0.00027008180556099999,0.0017501813434668279,-0.0044921026299204391,0.025488196041754164
2020-03-10,net_cashflows,EUR,0.94999999999999996,TCOP_REF_POOL,ALL_FIVE,14,-3.0857381852999761e-05,-3.0749199136100025e-05,-0.0072405729894589044,-0.0079306187569111349,-0.0055399541242125445
2020-03-10,net_cashflows,EUR,0.98999999999999999,TCOP_REF_POOL,ALL_FIVE,14,7.9331832696300127e-05,5.4318982460398874e-05,0.011052388022902981,0.012631750489840041,0.0064947155892339783
2020-03-10,net_cashflows,USD,0.94999999999999996,TCOP_REF_POOL,ALL_FIVE,14,-4.5823805953300583e-05,-2.8667873774100398e-05,-0.0097619170639156039,-0.011668179521512115,-0.0051301817889090459
2020-03-10,net_cashflows,USD,0.98999999999999999,TCOP_REF_POOL,ALL_FIVE,14,0.00010775047505620031,6.1957662712700326e-05,0.014548979921388927,0.01710524505946345,0.0073411884238099214
2020-03-10,funded_assets,EUR,0.94999999999999996,EWMA_RADIAL,ALL_EQUIVARIANT,14,0.00015598703956120046,0.00025806898152130019,0.031280684671947334,0.030134026948216767,0.03601374048674285
2020-03-10,funded_assets,EUR,0.98999999999999999,EWMA_RADIAL,ALL_EQUIVARIANT,14,0.00038363839720369913,0.00043807200029510017,0.044693811694942021,0.046658238355607985,0.042098399672425672
2020-03-10,funded_assets,USD,0.94999999999999996,EWMA_RADIAL,ALL_EQUIVARIANT,14,0.00014208484054329968,0.00026444848436150015,0.029398296959740833,0.027207222071218277,0.036614195471510062
2020-03-10,funded_assets,USD,0.98999999999999999,EWMA_RADIAL,ALL_EQUIVARIANT,14,0.00041465439349469904,0.00046868675907900045,0.047639075240146767,0.049898550925012802,0.044579049398535346
2020-03-10,net_cashflows,EUR,0.94999999999999996,EWMA_RADIAL,ALL_EQUIVARIANT,14,2.0849169590499497e-05,0.0001932086840499992,0.0078998203654716548,0.0030885899766345025,0.021033282962451456
2020-03-10,net_cashflows,EUR,0.98999999999999999,EWMA_RADIAL,ALL_EQUIVARIANT,14,0.00013597549300739878,0.0005167051268845993,0.018022270297209708,0.012662866290477295,0.037989341422343691
2020-03-10,net_cashflows,USD,0.94999999999999996,EWMA_RADIAL,ALL_EQUIVARIANT,14,1.7024270551000038e-05,0.00020435503746089878,0.0077881652307496552,0.002498837710082919,0.021939344017416852
2020-03-10,net_cashflows,USD,0.98999999999999999,EWMA_RADIAL,ALL_EQUIVARIANT,14,0.00026647856742110024,0.00056149852027220087,0.027814178350795693,0.02464306270450433,0.04051079325765878
2020-03-17,funded_assets,EUR,0.94999999999999996,TCOP1250,EUR,14,5.9287157865997933e-06,1.2143128607301074e-05,0.0011422419068605194,0.0010077926367307232,0.0015202003518052923
2020-03-17,funded_assets,EUR,0.98999999999999999,TCOP1250,EUR,14,0.00013840829158029942,-0.00010189306242690092,0.010160958071277371,0.01506109462724476,-0.0087462779334125176
2020-03-17,funded_assets,USD,0.94999999999999996,TCOP1250,EUR,14,3.3341106306900015e-05,1.3529684841499454e-05,0.0045748783186674302,0.0056570505598029491,0.001675309377952504
2020-03-17,funded_assets,USD,0.98999999999999999,TCOP1250,EUR,14,6.6266322255901372e-05,-8.065377853939959e-05,0.0042177477348950276,0.0071149174482663131,-0.0068278901505749385
2020-03-17,net_cashflows,EUR,0.94999999999999996,TCOP1250,EUR,14,-2.5972869954199798e-05,3.3941130263099792e-05,-0.00309516434385948,-0.0066184559817982986,0.0063201645548188173
2020-03-17,net_cashflows,EUR,0.98999999999999999,TCOP1250,EUR,14,0.00014589672027280013,0.00033248792794310107,0.027572164753832951,0.023897356363050484,0.043524959192049434
2020-03-17,net_cashflows,USD,0.94999999999999996,TCOP1250,EUR,14,-2.036866876640054e-05,3.4545942313299847e-05,-0.001994111439541868,-0.0051745837447826452,0.0063871583992810106
2020-03-17,net_cashflows,USD,0.98999999999999999,TCOP1250,EUR,14,8.3871445694700016e-05,0.0003566359842094996,0.019848632819144285,0.01346051655336873,0.04636522074043338
2020-03-17,funded_assets,EUR,0.94999999999999996,TCOP1250,USD,14,-5.2046216136599974e-05,3.7363907498099563e-05,-0.0050289869154003242,-0.0085952676375201532,0.0045063512744496432
2020-03-17,funded_assets,EUR,0.98999999999999999,TCOP1250,USD,14,-0.00016641011146839926,0.00054769654472730002,-0.0057665700424180955,-0.016874251525788871,0.047073802875829011
2020-03-17,funded_assets,USD,0.94999999999999996,TCOP1250,USD,14,-3.9505564859899749e-05,4.5615301073900771e-05,-0.0032047366688647827,-0.0064918802799515387,0.0054534251475030007
2020-03-17,funded_assets,USD,0.98999999999999999,TCOP1250,USD,14,-0.0002082303996273991,0.00057308476136449897,-0.0086447513179450652,-0.020850801487308075,0.048608390822027475
2020-03-17,net_cashflows,EUR,0.94999999999999996,TCOP1250,USD,14,-1.4179392814200019e-05,-0.00018221839548479991,-0.0096234075604915148,-0.0028048690687767128,-0.024709855081743018
2020-03-17,net_cashflows,EUR,0.98999999999999999,TCOP1250,USD,14,-0.00010466076008440114,-0.0004006956564687001,-0.019298387426911923,-0.012824280260266677,-0.034708741456578325
2020-03-17,net_cashflows,USD,0.94999999999999996,TCOP1250,USD,14,-2.0587633121600148e-05,-0.0001807196531788003,-0.010396284105926412,-0.0040496917831854256,-0.024359825559217632
2020-03-17,net_cashflows,USD,0.98999999999999999,TCOP1250,USD,14,-0.0002552819703980011,-0.00040394428981890135,-0.032166230810801721,-0.030472437620360282,-0.034708224172316608
2020-03-17,funded_assets,EUR,0.94999999999999996,TCOP1250,GBP,14,-2.2558851831099361e-05,7.8621994130043116e-07,-0.0023550889089287708,-0.0035153788064178149,8.3019171013365523e-05
2020-03-17,funded_assets,EUR,0.98999999999999999,TCOP1250,GBP,14,0,8.5947648077899785e-05,0.0014419320777330213,0,0.0057860778081437088
2020-03-17,funded_assets,USD,0.94999999999999996,TCOP1250,GBP,14,-2.4050431961000242e-05,-7.9610992083003346e-06,-0.0027747803950743943,-0.0037231176231931379,-0.00082790148490345455
2020-03-17,funded_assets,USD,0.98999999999999999,TCOP1250,GBP,14,1.291295234399914e-06,7.5598573081800402e-05,0.0013570554925710354,0.00011401661624821794,0.0049762953589384106
2020-03-17,net_cashflows,EUR,0.94999999999999996,TCOP1250,GBP,14,-7.8865405075899918e-05,-0.00022131185306729917,-0.018238734393195344,-0.014052180381499038,-0.027558924053228
2020-03-17,net_cashflows,EUR,0.98999999999999999,TCOP1250,GBP,14,-0.0001715304857679012,-0.00030444337983250025,-0.020310572438448027,-0.018553552072050387,-0.025469374464423801
2020-03-17,net_cashflows,USD,0.94999999999999996,TCOP1250,GBP,14,-0.00014188004487120012,-0.00021569280502600069,-0.025748174980392058,-0.02488321171330098,-0.026710935864955203
2020-03-17,net_cashflows,USD,0.98999999999999999,TCOP1250,GBP,14,-3.7712295515995864e-06,-0.00027117601071620021,-0.0055648578448117547,-0.00041208001937142547,-0.022563353201070221
2020-03-17,funded_assets,EUR,0.94999999999999996,TCOP1250,JPY,14,-5.8626475778700282e-05,6.626894134590007e-05,-0.0046146001259028679,-0.0092370071039487092,0.007617279392727298
2020-03-17,funded_assets,EUR,0.98999999999999999,TCOP1250,JPY,14,0.0002191666411782995,0.00041448820916690013,0.023648319407651996,0.021703957165814414,0.033358259405235534
2020-03-17,funded_assets,USD,0.94999999999999996,TCOP1250,JPY,14,-6.8142354296999927e-05,6.1987967202300348e-05,-0.0057288975761267125,-0.010646417338105278,0.0070254239000894338
2020-03-17,funded_assets,USD,0.98999999999999999,TCOP1250,JPY,14,0.00026197398741279951,0.00039448097525440068,0.026338367195972268,0.025620183785409721,0.031036237687115213
2020-03-17,net_cashflows,EUR,0.94999999999999996,TCOP1250,JPY,14,-9.1555451373500317e-05,8.9125953686600839e-05,-0.0081433763691869387,-0.016060968456501776,0.011178202937630322
2020-03-17,net_cashflows,EUR,0.98999999999999999,TCOP1250,JPY,14,0.00020178404119409847,0.0004823265402375005,0.027153439133801527,0.022853869013156926,0.039843122829212513
2020-03-17,net_cashflows,USD,0.94999999999999996,TCOP1250,JPY,14,-0.00013534183992209951,9.4315019669199626e-05,-0.013216110515172907,-0.02338358220410704,0.011672249036043317
2020-03-17,net_cashflows,USD,0.98999999999999999,TCOP1250,JPY,14,8.8397259120799945e-05,0.00047305137165610037,0.017255673470716104,0.0096913676755878853,0.038227436359926995
2020-03-17,funded_assets,EUR,0.94999999999999996,TCOP1250,CHF,14,1.8004757999998122e-06,5.5593126008600738e-05,0.0019607042903198035,0.00029179073520607662,0.0066620615465263844
2020-03-17,funded_assets,EUR,0.98999999999999999,TCOP1250,CHF,14,4.0763578682007778e-06,0.00013763294794520015,0.0025830509531195034,0.00042392646210891985,0.011594059391887191
2020-03-17,funded_assets,USD,0.94999999999999996,TCOP1250,CHF,14,-2.816734453499857e-06,5.0898868644899675e-05,0.0012468547050232814,-0.00045066693416239122,0.0060207997598148962
2020-03-17,funded_assets,USD,0.98999999999999999,TCOP1250,CHF,14,-2.9831038270700105e-05,0.00013142286774269971,-0.00036868170762272001,-0.0030371970054625997,0.01087447355300623
2020-03-17,net_cashflows,EUR,0.94999999999999996,TCOP1250,CHF,14,-8.1973373006599508e-05,7.1833542315599859e-05,-0.010244035535480478,-0.01771454624987466,0.011676730343041395
2020-03-17,net_cashflows,EUR,0.98999999999999999,TCOP1250,CHF,14,0.00010194591571799968,0.00038222731486359934,0.019149014400394293,0.014132576876051482,0.044426156004294434
2020-03-17,net_cashflows,USD,0.94999999999999996,TCOP1250,CHF,14,-9.7765187089300307e-05,7.5063894678599648e-05,-0.012525380553229937,-0.020924246627910419,0.012087229742593259
2020-03-17,net_cashflows,USD,0.98999999999999999,TCOP1250,CHF,14,6.9046201761300066e-05,0.0003956832302458007,0.015528294762533257,0.0094457504884258772,0.045456582926900524
2020-03-17,funded_assets,EUR,0.94999999999999996,TCOP_REF_POOL,ALL_FIVE,14,-1.3551148747199988e-05,3.2481795330999846e-05,-0.00051328525457794427,-0.0021946519306316366,0.0037908238401905144
2020-03-17,funded_assets,EUR,0.98999999999999999,TCOP_REF_POOL,ALL_FIVE,14,8.4239922043399806e-05,0.00021393875077299965,0.010236371543107303,0.0084775803943194263,0.017022358332380555
2020-03-17,funded_assets,USD,0.94999999999999996,TCOP_REF_POOL,ALL_FIVE,14,-1.6748162891699718e-05,3.1418150851799873e-05,-0.00089505952491553131,-0.0026929447394275444,0.0036211255590466603
2020-03-17,funded_assets,USD,0.98999999999999999,TCOP_REF_POOL,ALL_FIVE,14,-5.8720161760002915e-06,0.00021566749734050136,0.0031012964938437193,-0.0005777031618982557,0.016845946279366069
2020-03-17,net_cashflows,EUR,0.94999999999999996,TCOP_REF_POOL,ALL_FIVE,14,-1.1108938242599189e-05,-4.2281296927400118e-05,-0.0034062987725871352,-0.0022646184418660294,-0.0059676699072734605
2020-03-17,net_cashflows,EUR,0.98999999999999999,TCOP_REF_POOL,ALL_FIVE,14,4.4711268850500252e-05,3.2496992322798499e-05,0.0049095433039134662,0.0055414895072527755,0.0030305116154565417
2020-03-17,net_cashflows,USD,0.94999999999999996,TCOP_REF_POOL,ALL_FIVE,14,-2.0372617111099472e-05,-3.8898834105599578e-05,-0.004541657782134223,-0.0041241834731812806,-0.0054455559239896508
2020-03-17,net_cashflows,USD,0.98999999999999999,TCOP_REF_POOL,ALL_FIVE,14,7.2808952802400073e-05,4.5040724472299523e-05,0.0077275914819727731,0.0089455136604831061,0.0041542701122094169
2020-03-17,funded_assets,EUR,0.94999999999999996,EWMA_RADIAL,ALL_EQUIVARIANT,14,-0.00010067151751949957,-7.1738127370899428e-05,-0.015527319893406499,-0.017868612219222514,-0.0091623985894752243
2020-03-17,funded_assets,EUR,0.98999999999999999,EWMA_RADIAL,ALL_EQUIVARIANT,14,0.00012985281744829977,-0.00023729325637929927,0.006207315992038609,0.014575500432949451,-0.019925088528077908
2020-03-17,funded_assets,USD,0.94999999999999996,EWMA_RADIAL,ALL_EQUIVARIANT,14,-4.583225297510006e-05,-6.2279372076699466e-05,-0.0081163428531381143,-0.0081606999655252886,-0.0078929068496302532
2020-03-17,funded_assets,USD,0.98999999999999999,EWMA_RADIAL,ALL_EQUIVARIANT,14,0.00013832599911970007,-0.00019681147508259986,0.0076497551907701578,0.015381405403115889,-0.016377771856643044
2020-03-17,net_cashflows,EUR,0.94999999999999996,EWMA_RADIAL,ALL_EQUIVARIANT,14,7.2791619643200467e-05,0.00015738251062759855,0.0096403810165881509,0.0083735884623175032,0.01318103165438687
2020-03-17,net_cashflows,EUR,0.98999999999999999,EWMA_RADIAL,ALL_EQUIVARIANT,14,0.00017785508775120147,0.00083038689086250075,0.019706382413618329,0.012772491118595821,0.048338160186617199
2020-03-17,net_cashflows,USD,0.94999999999999996,EWMA_RADIAL,ALL_EQUIVARIANT,14,8.344783155950046e-05,0.00017592486332240059,0.010837100863863469,0.0095078171529511812,0.014531622630846768
2020-03-17,net_cashflows,USD,0.98999999999999999,EWMA_RADIAL,ALL_EQUIVARIANT,14,-5.3987310815999806e-06,0.00085488551345129851,0.0094423869385034109,-0.00037725872926100212,0.048626667232508677
2020-02-17,funded_assets,EUR,0.94999999999999996,TCOP1250,EUR,14,1.0743986013900426e-05,1.4221999748500157e-05,0.0027205917654997691,0.0027458508853936817,0.0026650483087891125
2020-02-17,funded_assets,EUR,0.98999999999999999,TCOP1250,EUR,14,-3.5656512999918816e-07,-4.5661736280199795e-05,-0.0011934845830126051,-5.7303006280876938e-05,-0.0058975771449490729
2020-02-17,funded_assets,USD,0.94999999999999996,TCOP1250,EUR,14,2.2636112818300198e-05,1.439846148320028e-05,0.0049319504583253959,0.0057768420121228764,0.0026826377806802065
2020-02-17,funded_assets,USD,0.98999999999999999,TCOP1250,EUR,14,2.8280398425800483e-05,-3.8333800149599993e-05,0.0026655274931002282,0.0045357936702595664,-0.0049151444212147946
2020-02-17,net_cashflows,EUR,0.94999999999999996,TCOP1250,EUR,14,1.9886693792998955e-06,1.8733582358299982e-05,0.0021027394630870333,0.0008037479471752955,0.0054686488891284059
2020-02-17,net_cashflows,EUR,0.98999999999999999,TCOP1250,EUR,14,-3.9788504482199741e-05,7.0909794794299895e-05,-0.0049259838812067969,-0.0098918903377245727,0.014104582962049327
2020-02-17,net_cashflows,USD,0.94999999999999996,TCOP1250,EUR,14,5.2867775790022345e-07,1.9254972199699884e-05,0.0017159118969507503,0.00021303558142856627,0.0056051184634901153
2020-02-17,net_cashflows,USD,0.98999999999999999,TCOP1250,EUR,14,-2.8348261263500506e-05,7.7733243094399614e-05,-0.0024084719131369781,-0.0070209120396055842,0.015430147054421356
2020-02-17,funded_assets,EUR,0.94999999999999996,TCOP1250,USD,14,-1.852879800890014e-05,4.1078553844999324e-05,-0.0016920518168834775,-0.0054431956582818054,0.0089741539680915517
2020-02-17,funded_assets,EUR,0.98999999999999999,TCOP1250,USD,14,-8.9527411367000195e-05,0.00031298536263359936,-0.0054387048115565051,-0.016427385619005384,0.049066769746791639
2020-02-17,funded_assets,USD,0.94999999999999996,TCOP1250,USD,14,-1.0167893455799958e-05,4.3630709301100724e-05,0.00028254182935683048,-0.0029804249381706061,0.0094845209012618947
2020-02-17,funded_assets,USD,0.98999999999999999,TCOP1250,USD,14,-8.2612997123699718e-05,0.00032521941408219981,-0.003828618321397137,-0.015132437053970072,0.050653486598644014
2020-02-17,net_cashflows,EUR,0.94999999999999996,TCOP1250,USD,14,-5.4983308602003962e-06,-5.6595406003100059e-05,-0.0070739358102276384,-0.002495904803044196,-0.018086755976863052
2020-02-17,net_cashflows,EUR,0.98999999999999999,TCOP1250,USD,14,-4.884437366149989e-05,-7.0213765789999515e-05,-0.014178103678488263,-0.013768691698189478,-0.015066413145236188
2020-02-17,net_cashflows,USD,0.94999999999999996,TCOP1250,USD,14,-6.3426553205000145e-06,-5.6235880702200369e-05,-0.0073149422800682373,-0.0028751841535956777,-0.017915795384914297
2020-02-17,net_cashflows,USD,0.98999999999999999,TCOP1250,USD,14,-3.3819854461000255e-05,-6.9562429810800241e-05,-0.010880787785167101,-0.009539327093766467,-0.014869515931322273
2020-02-17,funded_assets,EUR,0.94999999999999996,TCOP1250,GBP,14,-3.8372209052800303e-05,3.1998591473000014e-05,-0.0041635031907061304,-0.0080781862285069558,0.0046865723276729044
2020-02-17,funded_assets,EUR,0.98999999999999999,TCOP1250,GBP,14,3.5219401907199757e-05,0.00038535379028420066,0.011973444702668701,0.0043700970190324439,0.037024243361992261
2020-02-17,funded_assets,USD,0.94999999999999996,TCOP1250,GBP,14,-4.8369288709500247e-05,2.9653320742099691e-05,-0.0056706771112171594,-0.010078253906550835,0.0042988637094869189
2020-02-17,funded_assets,USD,0.98999999999999999,TCOP1250,GBP,14,1.0426286702201054e-05,0.00039605786174379959,0.0098550502105183568,0.001278890067810394,0.037520959433706889
2020-02-17,net_cashflows,EUR,0.94999999999999996,TCOP1250,GBP,14,-3.0072144070299872e-05,-8.540124850400007e-05,-0.013362662226362509,-0.010254709817090004,-0.020277948188581217
2020-02-17,net_cashflows,EUR,0.98999999999999999,TCOP1250,GBP,14,-0.00017584182796359996,-0.00011085710492520027,-0.032068375387958703,-0.035366322748891239,-0.017634837201541416
2020-02-17,net_cashflows,USD,0.94999999999999996,TCOP1250,GBP,14,-1.7365498050499802e-05,-8.2908764818000191e-05,-0.010132594047027155,-0.0059238614258709972,-0.019572955278338928
2020-02-17,net_cashflows,USD,0.98999999999999999,TCOP1250,GBP,14,-0.00014279178092270039,-0.00010296600291800038,-0.026260115451919752,-0.028533652893038334,-0.016268101813552708
2020-02-17,funded_assets,EUR,0.94999999999999996,TCOP1250,JPY,14,-4.8707555590100232e-05,7.9446618349299225e-05,-0.0048634470048316558,-0.011598071606759103,0.014078935226394178
2020-02-17,funded_assets,EUR,0.98999999999999999,TCOP1250,JPY,14,-4.9489829112995057e-06,0.00055293528562390046,0.011638055941824099,-0.0007401001379509066,0.070088822448974908
2020-02-17,funded_assets,USD,0.94999999999999996,TCOP1250,JPY,14,-5.184544018610026e-05,8.0617754445099984e-05,-0.0053234700248676603,-0.012248537029724067,0.014182381392391736
2020-02-17,funded_assets,USD,0.98999999999999999,TCOP1250,JPY,14,-3.486860915909943e-05,0.00056032364068580101,0.0082822761427863156,-0.0051700450191640296,0.070285929202211855
2020-02-17,net_cashflows,EUR,0.94999999999999996,TCOP1250,JPY,14,-2.5946062983000541e-06,5.1403928742199678e-05,0.003959921520854337,-0.0011671249453961386,0.016506964047719109
2020-02-17,net_cashflows,EUR,0.98999999999999999,TCOP1250,JPY,14,1.7073920721399991e-05,0.00020825713194640074,0.013514402375678358,0.0046766330647326909,0.04513830435589717
2020-02-17,net_cashflows,USD,0.94999999999999996,TCOP1250,JPY,14,6.6354253482002988e-06,5.2492918319900061e-05,0.0069965844077417572,0.0029857830799910308,0.01680321021638366
2020-02-17,net_cashflows,USD,0.98999999999999999,TCOP1250,JPY,14,2.6137140835400061e-05,0.00020612623811840005,0.015305761061686241,0.0071396794464682663,0.04441055274024009
2020-02-17,funded_assets,EUR,0.94999999999999996,TCOP1250,CHF,14,-2.2606496525599817e-05,2.6626764674899869e-05,-0.0029283064866332253,-0.0057055290154692457,0.0049926358614787751
2020-02-17,funded_assets,EUR,0.98999999999999999,TCOP1250,CHF,14,-3.6864608976699964e-05,0.00015622571836980056,-0.0011530131614989614,-0.0058995392943264943,0.020775932764048658
2020-02-17,funded_assets,USD,0.94999999999999996,TCOP1250,CHF,14,-2.3270688755600011e-05,2.5316692396900285e-05,-0.0030867787238673117,-0.005846519647595391,0.0047137880044728457
2020-02-17,funded_assets,USD,0.98999999999999999,TCOP1250,CHF,14,-5.7286072071599699e-05,0.00016086202684999999,-0.0036682530248679512,-0.0090850589301450617,0.021202147944878128
2020-02-17,net_cashflows,EUR,0.94999999999999996,TCOP1250,CHF,14,-1.7246965228299906e-05,3.6391736936100018e-05,-0.0021830420562709563,-0.0067667976037121659,0.010567377795004685
2020-02-17,net_cashflows,EUR,0.98999999999999999,TCOP1250,CHF,14,7.3501939366200399e-05,0.00021965250214690032,0.023214442441801708,0.018543947510247159,0.045898007883942431
2020-02-17,net_cashflows,USD,0.94999999999999996,TCOP1250,CHF,14,-1.5900567669299703e-05,3.7632880906199664e-05,-0.0016816203876013347,-0.0062231395264086276,0.010885525114918524
2020-02-17,net_cashflows,USD,0.98999999999999999,TCOP1250,CHF,14,5.4280625270099886e-05,0.00022425152368730009,0.019310489844339251,0.013573951333678658,0.046638158448900562
2020-02-17,funded_assets,EUR,0.94999999999999996,TCOP_REF_POOL,ALL_FIVE,14,-2.548476047549951e-05,3.3776205187199815e-05,-0.0028296363287143578,-0.0062961997316018413,0.0060196733057040199
2020-02-17,funded_assets,EUR,0.98999999999999999,TCOP_REF_POOL,ALL_FIVE,14,-1.4722139752001637e-06,0.00023418760300309913,0.0059002381632575762,-0.00022455936976193075,0.0283542212103285
2020-02-17,funded_assets,USD,0.94999999999999996,TCOP_REF_POOL,ALL_FIVE,14,-2.5985501836999977e-05,3.3731408338399937e-05,-0.0028919242614984242,-0.0063842849258538281,0.0059677160213080695
2020-02-17,funded_assets,USD,0.98999999999999999,TCOP_REF_POOL,ALL_FIVE,14,-8.1510612914004188e-06,0.00023991991182550042,0.0052450455595636214,-0.0012322137346303258,0.028745198905548861
2020-02-17,net_cashflows,EUR,0.94999999999999996,TCOP_REF_POOL,ALL_FIVE,14,-1.3276766169299879e-05,-5.7470047833000151e-06,-0.0042801546401758372,-0.0053465384237452746,-0.0016441726610563327
2020-02-17,net_cashflows,EUR,0.98999999999999999,TCOP_REF_POOL,ALL_FIVE,14,1.0910390188499826e-05,4.3367735057000395e-05,0.0039565411611643952,0.0026992362511399047,0.0083415924571861987
2020-02-17,net_cashflows,USD,0.94999999999999996,TCOP_REF_POOL,ALL_FIVE,14,-1.210748343409996e-05,-4.6323589307996522e-06,-0.0038381002983136625,-0.0048636178669814872,-0.0013200946011797221
2020-02-17,net_cashflows,USD,0.98999999999999999,TCOP_REF_POOL,ALL_FIVE,14,2.1229481849099896e-05,4.7088748353099792e-05,0.0060703168525897411,0.0052377576486950343,0.0090094934465859838
2020-02-17,funded_assets,EUR,0.94999999999999996,EWMA_RADIAL,ALL_EQUIVARIANT,14,-5.5746836591700176e-05,-5.8683222301002605e-06,-0.011059245382133653,-0.014610450945769453,-0.0011314434541027354
2020-02-17,funded_assets,EUR,0.98999999999999999,EWMA_RADIAL,ALL_EQUIVARIANT,14,3.47290594884999e-05,3.9389369984600166e-05,0.0056446661852014302,0.0057932449171664109,0.0051703833770854815
2020-02-17,funded_assets,USD,0.94999999999999996,EWMA_RADIAL,ALL_EQUIVARIANT,14,-6.0004738085000023e-05,-5.9076378211998098e-06,-0.011821339735184289,-0.015666627483397495,-0.0011329790021380899
2020-02-17,funded_assets,USD,0.98999999999999999,EWMA_RADIAL,ALL_EQUIVARIANT,14,5.2673194985800552e-05,4.2250052603399688e-05,0.0080087425026036385,0.0087263304383558647,0.0055037959125992884
2020-02-17,net_cashflows,EUR,0.94999999999999996,EWMA_RADIAL,ALL_EQUIVARIANT,14,0,4.0168596439999968e-07,3.7323901835861761e-05,0,0.00014098097295784189
2020-02-17,net_cashflows,EUR,0.98999999999999999,EWMA_RADIAL,ALL_EQUIVARIANT,14,-2.0506830500999565e-06,3.4866300527100318e-05,0.0014278168323222928,-0.00063595885210360984,0.0083596155102960302
2020-02-17,net_cashflows,USD,0.94999999999999996,EWMA_RADIAL,ALL_EQUIVARIANT,14,0,-6.9037261499985819e-08,-6.4069258680632402e-06,0,-2.4154546129942098e-05
2020-02-17,net_cashflows,USD,0.98999999999999999,EWMA_RADIAL,ALL_EQUIVARIANT,14,0,3.1986211034500112e-05,0.0017450973952213289,0,0.0076290633568543631
2020-03-10,funded_assets,EUR,0.94999999999999996,TCOP1250,EUR,16,4.6383489487001814e-06,6.2587689154699686e-05,0.0031606391313179216,0.00093101011013350401,0.0091917401502641799
2020-03-10,funded_assets,EUR,0.98999999999999999,TCOP1250,EUR,16,0.00023304787661340091,6.2772175727799501e-05,0.024748744513253484,0.02987385651181319,0.0063409826436148647
2020-03-10,funded_assets,USD,0.94999999999999996,TCOP1250,EUR,16,1.3574359855599884e-05,6.4680371779099813e-05,0.0045339224386005128,0.0027123115010515989,0.0094137062414819325
2020-03-10,funded_assets,USD,0.98999999999999999,TCOP1250,EUR,16,0.00023524518058110067,7.5498054212400426e-05,0.024940871857633162,0.029870094684422473,0.007538852857275383
2020-03-10,net_cashflows,EUR,0.94999999999999996,TCOP1250,EUR,16,-2.2541584843299711e-05,-8.9358194092000603e-06,-0.00550199995614431,-0.0067841831274414706,-0.0019683622749718977
2020-03-10,net_cashflows,EUR,0.98999999999999999,TCOP1250,EUR,16,-6.1320904282300207e-05,7.223615541140059e-05,-0.0072218695678927247,-0.011601868231049658,0.011117543594528973
2020-03-10,net_cashflows,USD,0.94999999999999996,TCOP1250,EUR,16,-1.9200429612099834e-05,-9.3965936681997264e-06,-0.0047686415917622682,-0.0057610728928275193,-0.0020579715452364441
2020-03-10,net_cashflows,USD,0.98999999999999999,TCOP1250,EUR,16,-4.5116755506200562e-05,8.8438949167699878e-05,-0.0042329843439130599,-0.0084936092651123011,0.013542556787600583
2020-03-10,funded_assets,EUR,0.94999999999999996,TCOP1250,USD,16,-1.6058655899100008e-05,1.1375669757300068e-05,-0.0018623921577063385,-0.0031790754969847068,0.001638573727129912
2020-03-10,funded_assets,EUR,0.98999999999999999,TCOP1250,USD,16,-0.00019522707042609992,0.00041297037834030041,-0.012785490439348735,-0.023487212732127939,0.042740581429758652
2020-03-10,funded_assets,USD,0.94999999999999996,TCOP1250,USD,16,-1.5189802181799807e-05,1.6058664157599795e-05,-0.0015351298888983678,-0.0029903994268226045,0.0022945994582575747
2020-03-10,funded_assets,USD,0.98999999999999999,TCOP1250,USD,16,-0.00026976645093470045,0.00042541080789009963,-0.019890104259271624,-0.031934535300786902,0.043521881082762406
2020-03-10,net_cashflows,EUR,0.94999999999999996,TCOP1250,USD,16,-6.0090676102996995e-06,-0.00010016507719199947,-0.0063713844527057972,-0.0014917356082152081,-0.01696538338700716
2020-03-10,net_cashflows,EUR,0.98999999999999999,TCOP1250,USD,16,5.5665268699199924e-05,-0.00013422687708510017,0.0018396302347136739,0.0085343338163306071,-0.014472952335303761
2020-03-10,net_cashflows,USD,0.94999999999999996,TCOP1250,USD,16,-3.6814553530100692e-05,-9.6839957764300634e-05,-0.011378691294312127,-0.0090425765218675666,-0.016318641701858511
2020-03-10,net_cashflows,USD,0.98999999999999999,TCOP1250,USD,16,8.323287983379949e-05,-0.00013136055558540111,0.0048583373705897159,0.012733476776348661,-0.014064949419592932
2020-03-10,funded_assets,EUR,0.94999999999999996,TCOP1250,GBP,16,6.0441868578499543e-05,6.0567159179004265e-06,0.0078933330606796304,0.011237969394721919,0.00076703745970006722
2020-03-10,funded_assets,EUR,0.98999999999999999,TCOP1250,GBP,16,-1.3354924027299264e-05,-5.8531108632001519e-05,-0.0022668462475188278,-0.0014454460746052633,-0.0047675711676751272
2020-03-10,funded_assets,USD,0.94999999999999996,TCOP1250,GBP,16,7.2691173332800098e-05,-5.9193870989918129e-07,0.009074210937539462,0.013457194574984082,-7.4083050618461166e-05
2020-03-10,funded_assets,USD,0.98999999999999999,TCOP1250,GBP,16,-3.6605813685499505e-05,-6.2460761572600415e-05,-0.004196676989035808,-0.0039149923478222909,-0.0050036951212394255
2020-03-10,net_cashflows,EUR,0.94999999999999996,TCOP1250,GBP,16,-9.2818665410900579e-05,-0.00010794332266300059,-0.021390801375342328,-0.022406360325099309,-0.018265078508685886
2020-03-10,net_cashflows,EUR,0.98999999999999999,TCOP1250,GBP,16,-1.5710226071699931e-05,6.1765610020900197e-05,-0.00010076328755914687,-0.0023232560111154129,0.0069754003476784456
2020-03-10,net_cashflows,USD,0.94999999999999996,TCOP1250,GBP,16,-0.00010709413670380048,-0.00010253663518530048,-0.023409399476790327,-0.025647432981385471,-0.017259660167658366
2020-03-10,net_cashflows,USD,0.98999999999999999,TCOP1250,GBP,16,-2.8150956187400315e-05,9.889476340929973e-05,-0.00047870419499318473,-0.0041371373675416871,0.01111030271006485
2020-03-10,funded_assets,EUR,0.94999999999999996,TCOP1250,JPY,16,1.3225442985400487e-05,5.2858446884700497e-05,0.0038330888539555019,0.0025243098265280419,0.0073503898695848969
2020-03-10,funded_assets,EUR,0.98999999999999999,TCOP1250,JPY,16,-0.00011241089647799976,0.00032780833946730037,-0.0048777348430757428,-0.013213495338644059,0.031992016900617801
2020-03-10,funded_assets,USD,0.94999999999999996,TCOP1250,JPY,16,-1.2527589175999679e-06,5.1662854002499856e-05,0.0017802866813250162,-0.00023693395898232003,0.0071019024516137865
2020-03-10,funded_assets,USD,0.98999999999999999,TCOP1250,JPY,16,-0.00012515977067380051,0.00031415288810899937,-0.0060947174565200157,-0.014539048798406123,0.030107839549973994
2020-03-10,net_cashflows,EUR,0.94999999999999996,TCOP1250,JPY,16,-4.946305297580042e-05,9.8661517044199877e-05,-0.0031634974019567608,-0.011268004746011601,0.015922361791069106
2020-03-10,net_cashflows,EUR,0.98999999999999999,TCOP1250,JPY,16,8.0698975642003526e-06,0.0004670019751704009,0.013615901624618232,0.0011319585903135422,0.049205305302157921
2020-03-10,net_cashflows,USD,0.94999999999999996,TCOP1250,JPY,16,-6.1345565947799885e-05,0.00010064075307819956,-0.0048751077824462641,-0.013859403850723763,0.01606856276264745
2020-03-10,net_cashflows,USD,0.98999999999999999,TCOP1250,JPY,16,9.0004453849899801e-05,0.00046444786846200001,0.021975000787494814,0.012617880062557874,0.048080602341449959
2020-03-10,funded_assets,EUR,0.94999999999999996,TCOP1250,CHF,16,3.2561172160026214e-07,4.064361529030041e-05,0.0015593071697113103,6.3232789609467675e-05,0.0058703900012964912
2020-03-10,funded_assets,EUR,0.98999999999999999,TCOP1250,CHF,16,-4.8946709157801291e-05,8.4647754031007966e-06,-0.0047923637292548449,-0.0060764751846439967,0.00085690904825167424
2020-03-10,funded_assets,USD,0.94999999999999996,TCOP1250,CHF,16,9.9618783780995937e-06,3.5757112836099815e-05,0.0027592412128205623,0.0019280668278929148,0.005111171784389943
2020-03-10,funded_assets,USD,0.98999999999999999,TCOP1250,CHF,16,-0.00013664648851510058,4.1995342716996675e-06,-0.0135599450567776,-0.016652957782928291,0.0004192429609880603
2020-03-10,net_cashflows,EUR,0.94999999999999996,TCOP1250,CHF,16,-5.4141345075199923e-05,4.6158718411899551e-05,-0.0083859029583335243,-0.014702887078193632,0.0092992929001497974
2020-03-10,net_cashflows,EUR,0.98999999999999999,TCOP1250,CHF,16,6.6020621023199846e-05,0.00035645906029490009,0.018802222166831584,0.011505306794592938,0.051216095642196514
2020-03-10,net_cashflows,USD,0.94999999999999996,TCOP1250,CHF,16,-6.3425446221599801e-05,4.7812006668099608e-05,-0.010079477982219309,-0.017106615620511578,0.0095668305123488666
2020-03-10,net_cashflows,USD,0.98999999999999999,TCOP1250,CHF,16,8.1011282986299948e-05,0.00037445658652039953,0.021310364922785929,0.014052021854968604,0.053407853694428672
2020-03-10,funded_assets,EUR,0.94999999999999996,TCOP_REF_POOL,ALL_FIVE,16,4.2641329263099804e-05,3.6770641930200174e-05,0.007386855042196494,0.0083091517668173621,0.0051375379153146047
2020-03-10,funded_assets,EUR,0.98999999999999999,TCOP_REF_POOL,ALL_FIVE,16,-4.1205647315700061e-05,0.00015112304811449977,-0.0010159560948368451,-0.0048977414094159176,0.014473383375589148
2020-03-10,funded_assets,USD,0.94999999999999996,TCOP_REF_POOL,ALL_FIVE,16,4.5699216775400321e-05,3.5207754701600466e-05,0.0076862986292525193,0.0088502318247211074,0.0048689007498620646
2020-03-10,funded_assets,USD,0.98999999999999999,TCOP_REF_POOL,ALL_FIVE,16,-2.4676579771100438e-05,0.00014920390159110092,0.0005634098680253885,-0.0029071870313736518,0.014080690426551721
2020-03-10,net_cashflows,EUR,0.94999999999999996,TCOP_REF_POOL,ALL_FIVE,16,-2.9733069213599798e-05,-1.7695347526499629e-05,-0.0063251683242242507,-0.00764166051187484,-0.0031880964793556364
2020-03-10,net_cashflows,EUR,0.98999999999999999,TCOP_REF_POOL,ALL_FIVE,16,7.2774744968400612e-05,0.00016112201019940001,0.013425648996181927,0.011587686672029342,0.019264750258782281
2020-03-10,net_cashflows,USD,0.94999999999999996,TCOP_REF_POOL,ALL_FIVE,16,-4.8292429825500405e-05,-1.4768391503799938e-05,-0.0094489967139281816,-0.01229676865575541,-0.0026428375449567506
2020-03-10,net_cashflows,USD,0.98999999999999999,TCOP_REF_POOL,ALL_FIVE,16,0.00010358583663320001,0.00017514196353760059,0.0173896687947801,0.01644411423129474,0.020752076481768487
2020-03-10,funded_assets,EUR,0.94999999999999996,EWMA_RADIAL,ALL_EQUIVARIANT,16,0.00014983476153869989,0.00020299623384160016,0.028368049277518459,0.028945512105929397,0.028328292855118491
2020-03-10,funded_assets,EUR,0.98999999999999999,EWMA_RADIAL,ALL_EQUIVARIANT,16,0.0002424618039382001,0.00058036487096800073,0.034601215711550282,0.029488290856017969,0.055772640747156023
2020-03-10,funded_assets,USD,0.94999999999999996,EWMA_RADIAL,ALL_EQUIVARIANT,16,0.00012758869105259935,0.00020996805036210039,0.025396573378374754,0.024431416032636207,0.029071110985157328
2020-03-10,funded_assets,USD,0.98999999999999999,EWMA_RADIAL,ALL_EQUIVARIANT,16,0.00023206759618499967,0.00061371963333810113,0.033995363483633412,0.027926477924634725,0.058373822860267002
2020-03-10,net_cashflows,EUR,0.94999999999999996,EWMA_RADIAL,ALL_EQUIVARIANT,16,4.1597487753299543e-05,0.00023134519872949899,0.011237280466844801,0.0061622398518242092,0.025184939542483971
2020-03-10,net_cashflows,EUR,0.98999999999999999,EWMA_RADIAL,ALL_EQUIVARIANT,16,0.00011047458730439885,0.00048559930311269962,0.015707083638509367,0.010288066596347211,0.035702370192507472
2020-03-10,net_cashflows,USD,0.94999999999999996,EWMA_RADIAL,ALL_EQUIVARIANT,16,3.7626496905400313e-05,0.0002331566381669984,0.010802706092468028,0.0055228509840622502,0.025031453876780126
2020-03-10,net_cashflows,USD,0.98999999999999999,EWMA_RADIAL,ALL_EQUIVARIANT,16,0.00021272492990819999,0.00051122309671009988,0.023269405908069807,0.019672102853416851,0.036883540083637666
2020-03-17,funded_assets,EUR,0.94999999999999996,TCOP1250,EUR,16,-4.7392696044699575e-05,6.775322263240062e-05,-0.0036312235173863172,-0.0080560465078488332,0.0084820375549501913
2020-03-17,funded_assets,EUR,0.98999999999999999,TCOP1250,EUR,16,0.00026071722033190088,4.327592734250027e-05,0.02308496386974479,0.028370314245898056,0.003714711083840624
2020-03-17,funded_assets,USD,0.94999999999999996,TCOP1250,EUR,16,-1.6638587178200402e-05,7.0275910686999621e-05,0.00032599510069353244,-0.0028231015505112171,0.0087018946558872663
2020-03-17,funded_assets,USD,0.98999999999999999,TCOP1250,EUR,16,0.00025666643227770063,6.2031873178000976e-05,0.022733773026652138,0.027557896910964403,0.0052514193825015003
2020-03-17,net_cashflows,EUR,0.94999999999999996,TCOP1250,EUR,16,-1.8599376979299993e-05,-9.2473662171004695e-06,-0.0039323152382602089,-0.0047395285173891435,-0.0017219484365341719
2020-03-17,net_cashflows,EUR,0.98999999999999999,TCOP1250,EUR,16,7.7304462458199601e-05,0.00012378241608010029,0.013288616226564187,0.01266219202435398,0.016203970597999089
2020-03-17,net_cashflows,USD,0.94999999999999996,TCOP1250,EUR,16,-1.343598050400005e-05,-9.4154043949997226e-06,-0.0029616901227500492,-0.0034133603481196696,-0.0017408029782125065
2020-03-17,net_cashflows,USD,0.98999999999999999,TCOP1250,EUR,16,2.2018228908500179e-05,0.00014462648094529934,0.0064874733095070525,0.0035337024686276169,0.018802473701032298
2020-03-17,funded_assets,EUR,0.94999999999999996,TCOP1250,USD,16,-2.7464306186799486e-05,1.7144261151100931e-05,-0.0027469136783295767,-0.0045356431202370874,0.0020677190438845496
2020-03-17,funded_assets,EUR,0.98999999999999999,TCOP1250,USD,16,-0.00016022196365919963,0.00039750748492720089,-0.0077233528245397309,-0.016246763438137281,0.034165249292281895
2020-03-17,funded_assets,USD,0.94999999999999996,TCOP1250,USD,16,-1.6567263578599369e-05,2.409926720810078e-05,-0.0011880470925103026,-0.0027224694065275928,0.0028811286286619833
2020-03-17,funded_assets,USD,0.98999999999999999,TCOP1250,USD,16,-0.00020132047544830015,0.00040748391102670041,-0.010825129029378822,-0.020158887830087274,0.034562317018714435
2020-03-17,net_cashflows,EUR,0.94999999999999996,TCOP1250,USD,16,-1.6584280080399888e-05,-0.00013262751136460058,-0.0078838611551246274,-0.0032805871756976094,-0.017985047980212734
2020-03-17,net_cashflows,EUR,0.98999999999999999,TCOP1250,USD,16,4.9370317271700201e-05,-0.00018222973954509954,-0.00022797035666322074,0.0060494380579692751,-0.01578496001506953
2020-03-17,net_cashflows,USD,0.94999999999999996,TCOP1250,USD,16,-2.5221850953299763e-05,-0.00012850040398750071,-0.0088538903675230429,-0.0049612659191571396,-0.01732101279724961
2020-03-17,net_cashflows,USD,0.98999999999999999,TCOP1250,USD,16,-0.00011670381905960064,-0.00017579058931680054,-0.014361834974770282,-0.013930673759713897,-0.015104506574722379
2020-03-17,funded_assets,EUR,0.94999999999999996,TCOP1250,GBP,16,5.762926559760035e-05,-1.4090335161599452e-05,0.0056150320756849226,0.0089804525703715658,-0.0014878380501029155
2020-03-17,funded_assets,EUR,0.98999999999999999,TCOP1250,GBP,16,-0.00015599178522449943,-0.00019436578625789923,-0.01383854260534445,-0.013960356771060013,-0.01308489048484403
2020-03-17,funded_assets,USD,0.94999999999999996,TCOP1250,GBP,16,6.3929024612600048e-05,-2.6022342505800308e-05,0.0057792636687681309,0.0098965074122028453,-0.0027061509268414092
2020-03-17,funded_assets,USD,0.98999999999999999,TCOP1250,GBP,16,-0.0001380607643348998,-0.00022620998387679926,-0.012958963002710711,-0.012190257322077958,-0.014890329896751014
2020-03-17,net_cashflows,EUR,0.94999999999999996,TCOP1250,GBP,16,-0.00015609132545659973,-0.00015481649098629882,-0.025548042056292353,-0.027812238575234165,-0.019278569394930847
2020-03-17,net_cashflows,EUR,0.98999999999999999,TCOP1250,GBP,16,-5.1156525940700831e-05,0.00019710675724799939,-0.00040192345991219014,-0.0055333328277882288,0.016489719082016501
2020-03-17,net_cashflows,USD,0.94999999999999996,TCOP1250,GBP,16,-0.00021959801765729977,-0.00014428684951089954,-0.03287272453907164,-0.03851354832984679,-0.017868174986075663
2020-03-17,net_cashflows,USD,0.98999999999999999,TCOP1250,GBP,16,6.9638396948899436e-05,0.00026544221910279955,0.011060345694295037,0.0076093463871817852,0.022086269829968162
2020-03-17,funded_assets,EUR,0.94999999999999996,TCOP1250,JPY,16,-2.1865665539099778e-05,8.5313751755898906e-05,0.00018494594107654194,-0.003445086971961745,0.0098063839555612049
2020-03-17,funded_assets,EUR,0.98999999999999999,TCOP1250,JPY,16,0.00019208675360819945,0.00042244078730679924,0.021662378371223312,0.019022250147279717,0.033998287658546691
2020-03-17,funded_assets,USD,0.94999999999999996,TCOP1250,JPY,16,-1.1658587427299839e-05,8.2231843612900341e-05,0.0012693250578434956,-0.0018215130458045516,0.0093197693930032275
2020-03-17,funded_assets,USD,0.98999999999999999,TCOP1250,JPY,16,0.00021472128129709951,0.00039491515837350097,0.022739353417817298,0.020999026444568181,0.031070397535953143
2020-03-17,net_cashflows,EUR,0.94999999999999996,TCOP1250,JPY,16,-8.5484022473100024e-05,0.00012990542338340086,-0.0058499741440929398,-0.014995897763360652,0.016292775843774806
2020-03-17,net_cashflows,EUR,0.98999999999999999,TCOP1250,JPY,16,0.0003014358473784999,0.00064567423622349969,0.038670898797045439,0.034140338012318888,0.053336641788037195
2020-03-17,net_cashflows,USD,0.94999999999999996,TCOP1250,JPY,16,-0.00012475045584739962,0.00013216354022160121,-0.010493906998624958,-0.021553663974027068,0.016356310589366683
2020-03-17,net_cashflows,USD,0.98999999999999999,TCOP1250,JPY,16,0.00015843204763969949,0.00063790815310289968,0.026306182081095919,0.017369579560994528,0.051549566891326004
2020-03-17,funded_assets,EUR,0.94999999999999996,TCOP1250,CHF,16,3.7848983677799854e-05,6.4443967798800267e-05,0.006527233588407455,0.0061339245849064824,0.0077227116120714423
2020-03-17,funded_assets,EUR,0.98999999999999999,TCOP1250,CHF,16,7.2025176835400356e-05,8.3078422708498731e-05,0.0073697580322322764,0.0074903576638322526,0.0069984417354059542
2020-03-17,funded_assets,USD,0.94999999999999996,TCOP1250,CHF,16,2.7829349819995935e-06,5.7734459494199891e-05,0.002118230957814049,0.00044525914565808036,0.0068293781199899734
2020-03-17,funded_assets,USD,0.98999999999999999,TCOP1250,CHF,16,1.2960492197799239e-05,7.1999701538299349e-05,0.0021928744343036044,0.0013195507221463335,0.0059575541429780603
2020-03-17,net_cashflows,EUR,0.94999999999999996,TCOP1250,CHF,16,-0.00010098096031490016,7.6327921149600339e-05,-0.013101059932477455,-0.021822109134279996,0.012407303387504769
2020-03-17,net_cashflows,EUR,0.98999999999999999,TCOP1250,CHF,16,5.1881056541995194e-06,0.00045702755218150065,0.010039033530124364,0.00071921765067932376,0.053120163164481815
2020-03-17,net_cashflows,USD,0.94999999999999996,TCOP1250,CHF,16,-0.00012059537310330024,7.9733094611099571e-05,-0.015952712135942626,-0.025810489440310121,0.012839091773465441
2020-03-17,net_cashflows,USD,0.98999999999999999,TCOP1250,CHF,16,1.5196397431100489e-05,0.00047862791765479994,0.01141404664787693,0.0020789178085909594,0.05498537205251202
2020-03-17,funded_assets,EUR,0.94999999999999996,TCOP_REF_POOL,ALL_FIVE,16,4.7069438685997528e-06,4.5714280145900052e-05,0.002043185317289975,0.0007623046312388573,0.0053351356120650579
2020-03-17,funded_assets,EUR,0.98999999999999999,TCOP_REF_POOL,ALL_FIVE,16,0.00011056934550289846,0.00013256515305670041,0.010945917826878038,0.011127271879064435,0.010547745696208023
2020-03-17,funded_assets,USD,0.94999999999999996,TCOP_REF_POOL,ALL_FIVE,16,7.1001850498004712e-06,4.3654981095700082e-05,0.0022445605578242933,0.001141641987987723,0.0050314917822823517
2020-03-17,funded_assets,USD,0.98999999999999999,TCOP_REF_POOL,ALL_FIVE,16,1.354242641819943e-05,0.00012443946254000159,0.0030777967672088735,0.0013323366842114591,0.0097200576203300589
2020-03-17,net_cashflows,EUR,0.94999999999999996,TCOP_REF_POOL,ALL_FIVE,16,-5.6867342212996164e-06,-1.8761046046600512e-05,-0.0016180267689520633,-0.0011592721923830407,-0.0026479729350192857
2020-03-17,net_cashflows,EUR,0.98999999999999999,TCOP_REF_POOL,ALL_FIVE,16,4.9464868617701135e-05,0.00021062600608999851,0.009481133927397245,0.0061306479880756303,0.019641957988990679
2020-03-17,net_cashflows,USD,0.94999999999999996,TCOP_REF_POOL,ALL_FIVE,16,-1.2076568708499318e-05,-1.3782856319199954e-05,-0.0022883675037741469,-0.0024447514430139478,-0.0019295003720359092
2020-03-17,net_cashflows,USD,0.98999999999999999,TCOP_REF_POOL,ALL_FIVE,16,6.3998450269199536e-05,0.00023186722036119996,0.011221326949311106,0.0078630304254836275,0.021385958481640523
2020-03-17,funded_assets,EUR,0.94999999999999996,EWMA_RADIAL,ALL_EQUIVARIANT,16,-4.1033955441799677e-05,-3.2343175659499748e-05,-0.0064172322618025746,-0.0072832898090401076,-0.004130872632200331
2020-03-17,funded_assets,EUR,0.98999999999999999,EWMA_RADIAL,ALL_EQUIVARIANT,16,6.0957662591199294e-05,-0.00027747026894050023,-0.00048895486434830104,0.0068422730823176703,-0.023298680109610365
2020-03-17,funded_assets,USD,0.94999999999999996,EWMA_RADIAL,ALL_EQUIVARIANT,16,9.2211559615000202e-06,-1.8199101864100481e-05,0.00050766784755573724,0.0016418806026838623,-0.0023064429034925795
2020-03-17,funded_assets,USD,0.98999999999999999,EWMA_RADIAL,ALL_EQUIVARIANT,16,6.8551426326101186e-05,-0.00022487510598860096,0.0011941703649860358,0.0076226977285098517,-0.018713101868547202
2020-03-17,net_cashflows,EUR,0.94999999999999996,EWMA_RADIAL,ALL_EQUIVARIANT,16,3.9303212568000609e-05,0.00018015907426869975,0.0073966729723196067,0.0045212474856941116,0.015088604517053263
2020-03-17,net_cashflows,EUR,0.98999999999999999,EWMA_RADIAL,ALL_EQUIVARIANT,16,0.00016634434510330066,0.00092509505977339881,0.020219045483193199,0.011945858267673838,0.053851275446711352
2020-03-17,net_cashflows,USD,0.94999999999999996,EWMA_RADIAL,ALL_EQUIVARIANT,16,4.1854624965299153e-05,0.00020428321172600086,0.008102931814254255,0.0047688012227335612,0.016874059109992935
2020-03-17,net_cashflows,USD,0.98999999999999999,EWMA_RADIAL,ALL_EQUIVARIANT,16,2.8174220738899983e-05,0.0009404086706070007,0.012300354573624439,0.0019687905460048128,0.053491302365808062
2020-02-17,funded_assets,EUR,0.94999999999999996,TCOP1250,EUR,16,1.3741969011799894e-05,5.8586719499299778e-05,0.0055035931935130122,0.0035120482965339222,0.010978515010561509
2020-02-17,funded_assets,EUR,0.98999999999999999,TCOP1250,EUR,16,6.8103774133700633e-05,6.1223600239799711e-05,0.010298304182970064,0.010944847570887701,0.0079075158966811308
2020-02-17,funded_assets,USD,0.94999999999999996,TCOP1250,EUR,16,2.3387940867599689e-05,5.8850303367200332e-05,0.0072972071358989865,0.0059687120516454936,0.010964646979925333
2020-02-17,funded_assets,USD,0.98999999999999999,TCOP1250,EUR,16,0.00010787616960290011,6.7306009301900012e-05,0.015466307397564272,0.017301879552385827,0.0086299494139225573
2020-02-17,net_cashflows,EUR,0.94999999999999996,TCOP1250,EUR,16,1.7574329871099855e-05,-1.7257416908998333e-06,0.0049929748128523244,0.007102905945004674,-0.00050377312787058272
2020-02-17,net_cashflows,EUR,0.98999999999999999,TCOP1250,EUR,16,-7.4243857929799997e-05,-4.2746067912400286e-05,-0.016572265073156345,-0.018457896582158292,-0.0085025695381128075
2020-02-17,net_cashflows,USD,0.94999999999999996,TCOP1250,EUR,16,1.3260662532199857e-05,-1.7488525696999352e-06,0.0037208790509541956,0.0053435063428720168,-0.00050909062483611516
2020-02-17,net_cashflows,USD,0.98999999999999999,TCOP1250,EUR,16,-7.5526907537400503e-05,-3.6557484800800628e-05,-0.016526273986882778,-0.01870547789561448,-0.0072567069629540211
2020-02-17,funded_assets,EUR,0.94999999999999996,TCOP1250,USD,16,-1.2929198166599948e-05,3.7502182914599287e-05,-0.00068527670988594025,-0.0037982040330785281,0.0081928483871424353
2020-02-17,funded_assets,EUR,0.98999999999999999,TCOP1250,USD,16,-9.0304808220000726e-05,0.00027042375572239926,-0.0068087675848653717,-0.016570030175440623,0.042394379227334411
2020-02-17,funded_assets,USD,0.94999999999999996,TCOP1250,USD,16,-8.198297786899799e-06,4.0089041123000067e-05,0.00050308511033403391,-0.0024030947295860189,0.0087146267968888913
2020-02-17,funded_assets,USD,0.98999999999999999,TCOP1250,USD,16,-7.2055887942699959e-05,0.00028014441096160022,-0.0035957299797431119,-0.01319866397085385,0.043632976851565863
2020-02-17,net_cashflows,EUR,0.94999999999999996,TCOP1250,USD,16,-1.3672187115900195e-05,-4.2318044789799864e-05,-0.0083939022770955773,-0.0062063339508547765,-0.013523997857514191
2020-02-17,net_cashflows,EUR,0.98999999999999999,TCOP1250,USD,16,1.6934399064700255e-05,-1.5412231775500072e-05,0.0028590154422509784,0.0047736208356736693,-0.0033071442445392128
2020-02-17,net_cashflows,USD,0.94999999999999996,TCOP1250,USD,16,-1.1986783470599883e-05,-4.1353795219800215e-05,-0.0077492854308038872,-0.0054337194984977431,-0.013174615997764547
2020-02-17,net_cashflows,USD,0.98999999999999999,TCOP1250,USD,16,2.8840137985599971e-05,-1.187093142379983e-05,0.005567667701263268,0.0081347336958900816,-0.0025375048629830937
2020-02-17,funded_assets,EUR,0.94999999999999996,TCOP1250,GBP,16,2.6202979834999071e-06,1.3842349665799808e-05,0.0010007115106445141,0.00055162982813335756,0.0020273758908559703
2020-02-17,funded_assets,EUR,0.98999999999999999,TCOP1250,GBP,16,-9.5838703016000448e-05,5.7704280607400599e-05,-0.0078976871839184781,-0.011891866632537581,0.0055441451001725988
2020-02-17,funded_assets,USD,0.94999999999999996,TCOP1250,GBP,16,-1.5959937630900291e-05,9.1241460066001506e-06,-0.0019079083795867646,-0.0033254221442651937,0.0013227341547669123
2020-02-17,funded_assets,USD,0.98999999999999999,TCOP1250,GBP,16,-0.00010629343377609873,6.1048793933600465e-05,-0.0086862475801128269,-0.013037970335212175,0.0057835219090817975
2020-02-17,net_cashflows,EUR,0.94999999999999996,TCOP1250,GBP,16,-6.2362933595099933e-05,-5.2079025672700091e-05,-0.018717752385838615,-0.021265985752968168,-0.012365812008630522
2020-02-17,net_cashflows,EUR,0.98999999999999999,TCOP1250,GBP,16,-0.00011619554676890048,0.00015469021559399998,-0.012725957357041295,-0.023369918617221649,0.024607685456987001
2020-02-17,net_cashflows,USD,0.94999999999999996,TCOP1250,GBP,16,-4.58162705377998e-05,-4.8103724389600248e-05,-0.014412306277625575,-0.015629222779955369,-0.011356242591070089
2020-02-17,net_cashflows,USD,0.98999999999999999,TCOP1250,GBP,16,-0.00010680190806010032,0.00017734751747189997,-0.010330011011998153,-0.021341904647514807,0.028020000668680087
2020-02-17,funded_assets,EUR,0.94999999999999996,TCOP1250,JPY,16,-4.9055373938500062e-05,8.0551166484199577e-05,-0.0048712015239802398,-0.011680892886989922,0.014274674981827504
2020-02-17,funded_assets,EUR,0.98999999999999999,TCOP1250,JPY,16,-3.5966102149800026e-05,0.0005343851257242991,0.0074991137602760105,-0.0053785833654523369,0.067737446261911305
2020-02-17,funded_assets,USD,0.94999999999999996,TCOP1250,JPY,16,-5.7538951941099939e-05,8.1696551362000353e-05,-0.0062594635270665222,-0.013593634868800364,0.014372164764872502
2020-02-17,funded_assets,USD,0.98999999999999999,TCOP1250,JPY,16,-5.3809389050299937e-05,0.00053901971422700042,0.0055252071350668785,-0.0079784359213870004,0.067613605284235268
2020-02-17,net_cashflows,EUR,0.94999999999999996,TCOP1250,JPY,16,7.0614465537996267e-06,6.5581571741999984e-05,0.0083378291878055677,0.0031764319808060678,0.021059725850281003
2020-02-17,net_cashflows,EUR,0.98999999999999999,TCOP1250,JPY,16,-9.4561017354999333e-06,0.0002596628113632005,0.010651073220678597,-0.0025900739942108088,0.056280132640243181
2020-02-17,net_cashflows,USD,0.94999999999999996,TCOP1250,JPY,16,1.2409283680800322e-05,6.6040009588199874e-05,0.010082337141853692,0.0055838815606586156,0.0211396927303589
2020-02-17,net_cashflows,USD,0.98999999999999999,TCOP1250,JPY,16,-1.3627904780499651e-05,0.0002558332300119006,0.0096677134361433659,-0.0037226287401711019,0.05512008203256135
2020-02-17,funded_assets,EUR,0.94999999999999996,TCOP1250,CHF,16,6.2550937941999868e-06,2.590333735359978e-05,0.0024214514682201482,0.0015786886347858235,0.0048569900467658415
2020-02-17,funded_assets,EUR,0.98999999999999999,TCOP1250,CHF,16,-1.7177229097300323e-05,8.9958311269199877e-05,-0.00018898115365484358,-0.0027489166666930204,0.01196325320823451
2020-02-17,funded_assets,USD,0.94999999999999996,TCOP1250,CHF,16,8.0452656805000966e-06,2.3893857938600029e-05,0.0026478986234481638,0.0020212897162250718,0.0044488663513303703
2020-02-17,funded_assets,USD,0.98999999999999999,TCOP1250,CHF,16,-3.1242865757299954e-05,9.1884261704000027e-05,-0.0019753309783858697,-0.0049548392181072614,0.012110650030977825
2020-02-17,net_cashflows,EUR,0.94999999999999996,TCOP1250,CHF,16,-1.7173267585600047e-05,3.898430226080031e-05,-0.0019586894016532241,-0.0067378825438497878,0.011320203011686222
2020-02-17,net_cashflows,EUR,0.98999999999999999,TCOP1250,CHF,16,5.968374319150014e-05,0.00025570514126630004,0.021882427266711524,0.015057727870881117,0.053431472326029558
2020-02-17,net_cashflows,USD,0.94999999999999996,TCOP1250,CHF,16,-1.5325596270599796e-05,4.0270926132899773e-05,-0.0013106863585319317,-0.0059981081116678584,0.011648594719956501
2020-02-17,net_cashflows,USD,0.98999999999999999,TCOP1250,CHF,16,3.6889179702299935e-05,0.00026172246744239971,0.017346036380246233,0.0092248740232211499,0.054431085709082859
2020-02-17,funded_assets,EUR,0.94999999999999996,TCOP_REF_POOL,ALL_FIVE,16,-4.7024701202002389e-06,3.9784730008099282e-05,0.001154370530263904,-0.0011617802387091144,0.0070905264779465805
2020-02-17,funded_assets,EUR,0.98999999999999999,TCOP_REF_POOL,ALL_FIVE,16,2.8192533992100338e-05,0.00015730086800139903,0.0073807810886750147,0.0043002564653667995,0.019045173829416277
2020-02-17,funded_assets,USD,0.94999999999999996,TCOP_REF_POOL,ALL_FIVE,16,-8.2815223444001121e-06,3.9166558226499948e-05,0.00049488032498423706,-0.002034657579373472,0.0069292955302341936
2020-02-17,funded_assets,USD,0.98999999999999999,TCOP_REF_POOL,ALL_FIVE,16,1.2404475979199345e-05,0.00015909892401749955,0.0055159660255714726,0.00187521172102919,0.019061903539995144
2020-02-17,net_cashflows,EUR,0.94999999999999996,TCOP_REF_POOL,ALL_FIVE,16,-1.0531460762199917e-05,2.3453278158998107e-06,-0.0028165617876476645,-0.0042410071025779598,0.00067097975754653628
2020-02-17,net_cashflows,EUR,0.98999999999999999,TCOP_REF_POOL,ALL_FIVE,16,1.338013726980003e-05,0.00010187758164410029,0.0069881298867748853,0.0033102529735316746,0.019595703245323632
2020-02-17,net_cashflows,USD,0.94999999999999996,TCOP_REF_POOL,ALL_FIVE,16,-1.092771994590019e-05,3.7520397998002698e-06,-0.0027998269139244414,-0.0043897028035207921,0.0010692279154354671
2020-02-17,net_cashflows,USD,0.98999999999999999,TCOP_REF_POOL,ALL_FIVE,16,1.6844424734600155e-05,0.0001078261380679001,0.0079028534581064847,0.0041558722496687081,0.020630382379434632
2020-02-17,funded_assets,EUR,0.94999999999999996,EWMA_RADIAL,ALL_EQUIVARIANT,16,-3.1703640135200169e-05,4.1659054739700066e-05,-0.0039257024875354318,-0.0083090719997308965,0.0080320853118074041
2020-02-17,funded_assets,EUR,0.98999999999999999,EWMA_RADIAL,ALL_EQUIVARIANT,16,9.1955047928700406e-05,9.7430676808099928e-05,0.014689367019243171,0.0153392611797374,0.012789083754925188
2020-02-17,funded_assets,USD,0.94999999999999996,EWMA_RADIAL,ALL_EQUIVARIANT,16,-3.1734558884000119e-05,4.3201268497300438e-05,-0.0038208737272391602,-0.0082855709107720575,0.0082852286403756643
2020-02-17,funded_assets,USD,0.98999999999999999,EWMA_RADIAL,ALL_EQUIVARIANT,16,9.3160744240500075e-05,0.00010153457376459955,0.014852839418082908,0.015433873687459325,0.01322662429130674
2020-02-17,net_cashflows,EUR,0.94999999999999996,EWMA_RADIAL,ALL_EQUIVARIANT,16,-1.308042098639977e-05,2.4559213074499837e-05,-0.0022527060256161135,-0.0062436356260217882,0.0086196234401511029
2020-02-17,net_cashflows,EUR,0.98999999999999999,EWMA_RADIAL,ALL_EQUIVARIANT,16,9.3040096197300089e-05,5.7166907408600504e-05,0.02516570432204901,0.028853641119411553,0.013706454617321518
2020-02-17,net_cashflows,USD,0.94999999999999996,EWMA_RADIAL,ALL_EQUIVARIANT,16,-1.3738982154799882e-05,2.4241088720399883e-05,-0.0025001671582343121,-0.0065423231254287447,0.0084813980597570233
2020-02-17,net_cashflows,USD,0.98999999999999999,EWMA_RADIAL,ALL_EQUIVARIANT,16,8.2929325086199962e-05,5.4986850205799784e-05,0.022542488268040728,0.02557757187292193,0.013114968933376917
