origin_date,book,report,tau,reference,metric,contrast12,contrast16,contrast_change,sign_change,reference_spread12,maximum_member_numerical_change
2024-02-15,funded_assets,EUR,0.94999999999999996,USD,var,0.00033756822900590008,0.00041452454516370009,7.6956316157800013e-05,False,0.00052715746754209997,0.00012776860168510051
2024-02-15,funded_assets,EUR,0.94999999999999996,USD,es,0.00063158352424980049,0.00060147755352969994,-3.0105970720100544e-05,False,0.00066936655086969991,0.00010294327956220008
2024-02-15,funded_assets,EUR,0.94999999999999996,USD,score,0.085197827108745017,0.098816455923643076,0.013618628814898059,False,0.10804288708507137,0.026362360915650029
2024-02-15,funded_assets,EUR,0.94999999999999996,GBP,var,-0.0001895892385361999,-2.8934127079948552e-07,0.00018929989726540041,False,0.00052715746754209997,0.00012776860168510051
2024-02-15,funded_assets,EUR,0.94999999999999996,GBP,es,0.00023019187538480049,0.00030672293361039965,7.6531058225599163e-05,False,0.00066936655086969991,0.00010294327956220008
2024-02-15,funded_assets,EUR,0.94999999999999996,GBP,score,-0.021824950883977401,0.015292398323982326,0.037117349207959727,True,0.10804288708507137,0.026362360915650029
2024-02-15,funded_assets,EUR,0.94999999999999996,JPY,var,-0.00011759758574110026,-1.6511224779299644e-05,0.00010108636096180061,False,0.00052715746754209997,0.00012776860168510051
2024-02-15,funded_assets,EUR,0.94999999999999996,JPY,es,-3.7783026619899428e-05,-2.1771588320100392e-05,1.6011438299799036e-05,False,0.00066936655086969991,0.00010294327956220008
2024-02-15,funded_assets,EUR,0.94999999999999996,JPY,score,-0.022845059976326354,-0.0040401204192539453,0.018804939557072409,False,0.10804288708507137,0.026362360915650029
2024-02-15,funded_assets,EUR,0.94999999999999996,CHF,var,0.00032689719923999997,0.00038356495974190084,5.6667760501900866e-05,False,0.00052715746754209997,0.00012776860168510051
2024-02-15,funded_assets,EUR,0.94999999999999996,CHF,es,0.00054785163170360026,0.00059514534562020004,4.7293713916599783e-05,False,0.00066936655086969991,0.00010294327956220008
2024-02-15,funded_assets,EUR,0.94999999999999996,CHF,score,0.079834489810701292,0.093477680834180177,0.013643191023478884,False,0.10804288708507137,0.026362360915650029
2024-02-15,funded_assets,EUR,0.98999999999999999,USD,var,0.00056935543900510019,0.00076848203965499979,0.0001991266006498996,False,0.00066300518645239989,0.00024861438192140019
2024-02-15,funded_assets,EUR,0.98999999999999999,USD,es,0.0010147070897924999,0.00084470941894100073,-0.00016999767085149921,False,0.0013213109783253001,0.00017711575470249867
2024-02-15,funded_assets,EUR,0.98999999999999999,USD,score,0.090547805121323321,0.11153676496248988,0.020988959841166555,False,0.10113122653228768,0.023299278474144813
2024-02-15,funded_assets,EUR,0.98999999999999999,GBP,var,8.1959363151200455e-05,0.00049345647667710033,0.00041149711352589987,False,0.00066300518645239989,0.00024861438192140019
2024-02-15,funded_assets,EUR,0.98999999999999999,GBP,es,0.0012481150575897014,0.0009954533244826997,-0.0002526617331070017,False,0.0013213109783253001,0.00017711575470249867
2024-02-15,funded_assets,EUR,0.98999999999999999,GBP,score,0.042228482061643646,0.083984529484608217,0.041756047422964571,False,0.10113122653228768,0.023299278474144813
2024-02-15,funded_assets,EUR,0.98999999999999999,JPY,var,-9.3649747447299703e-05,1.8993554839800107e-05,0.00011264330228709981,True,0.00066300518645239989,0.00024861438192140019
2024-02-15,funded_assets,EUR,0.98999999999999999,JPY,es,6.0243339499600063e-05,-0.00010892358006659927,-0.00016916691956619934,True,0.0013213109783253001,0.00017711575470249867
2024-02-15,funded_assets,EUR,0.98999999999999999,JPY,score,-0.010583421410964355,-0.00020896147288507194,0.010374459938079283,False,0.10113122653228768,0.023299278474144813
2024-02-15,funded_assets,EUR,0.98999999999999999,CHF,var,0.0003883239597185003,0.00074743627080950045,0.00035911231109100016,False,0.00066300518645239989,0.00024861438192140019
2024-02-15,funded_assets,EUR,0.98999999999999999,CHF,es,0.0013213109783253001,0.0010470732047758013,-0.00027423777354949885,False,0.0013213109783253001,0.00017711575470249867
2024-02-15,funded_assets,EUR,0.98999999999999999,CHF,score,0.07792860928307288,0.11364657305262771,0.035717963769554828,False,0.10113122653228768,0.023299278474144813
2024-02-15,funded_assets,USD,0.94999999999999996,USD,var,0.00033103814613999992,0.0004159133584791001,8.4875212339100177e-05,False,0.00051524299301550051,0.00011860228335250009
2024-02-15,funded_assets,USD,0.94999999999999996,USD,es,0.00063451789639880005,0.00060215980903719976,-3.2358087361600285e-05,False,0.00067797507687479986,0.00010622299084470013
2024-02-15,funded_assets,USD,0.94999999999999996,USD,score,0.084058645784187647,0.098570411769968835,0.014511765985781189,False,0.10450743266481322,0.024615530760414117
2024-02-15,funded_assets,USD,0.94999999999999996,GBP,var,-0.00017167148985490054,5.9511690159944758e-07,0.00017226660675649999,True,0.00051524299301550051,0.00011860228335250009
2024-02-15,funded_assets,USD,0.94999999999999996,GBP,es,0.00023400922836630013,0.00031397778052930005,7.9968552162999924e-05,False,0.00067797507687479986,0.00010622299084470013
2024-02-15,funded_assets,USD,0.94999999999999996,GBP,score,-0.018267428656314699,0.015805604668862827,0.034073033325177526,True,0.10450743266481322,0.024615530760414117
2024-02-15,funded_assets,USD,0.94999999999999996,JPY,var,-0.00010347461844919994,-1.2121403540700341e-05,9.1353214908499597e-05,False,0.00051524299301550051,0.00011860228335250009
2024-02-15,funded_assets,USD,0.94999999999999996,JPY,es,-4.3457180475999814e-05,-2.4047741264200326e-05,1.9409439211799488e-05,False,0.00067797507687479986,0.00010622299084470013
2024-02-15,funded_assets,USD,0.94999999999999996,JPY,score,-0.020448786880625569,-0.0033348837082662897,0.017113903172359279,False,0.10450743266481322,0.024615530760414117
2024-02-15,funded_assets,USD,0.94999999999999996,CHF,var,0.00034357150316059997,0.00039641092174329956,5.2839418582699589e-05,False,0.00051524299301550051,0.00011860228335250009
2024-02-15,funded_assets,USD,0.94999999999999996,CHF,es,0.00056080972886060013,0.00060833531928640005,4.7525590425799916e-05,False,0.00067797507687479986,0.00010622299084470013
2024-02-15,funded_assets,USD,0.94999999999999996,CHF,score,0.082851582417419856,0.095681443462336979,0.012829861044917124,False,0.10450743266481322,0.024615530760414117
2024-02-15,funded_assets,USD,0.98999999999999999,USD,var,0.00058770782589199957,0.00078057245539030033,0.00019286462949830076,False,0.00069157529795499991,0.00022434305472170037
2024-02-15,funded_assets,USD,0.98999999999999999,USD,es,0.0010348882615030999,0.00084925912942050014,-0.00018562913208259972,False,0.0013745377771669995,0.00019328664144119961
2024-02-15,funded_assets,USD,0.98999999999999999,USD,score,0.092488113663377725,0.11216957902395475,0.019681465360577022,False,0.10403296124411998,0.020475847126812496
2024-02-15,funded_assets,USD,0.98999999999999999,GBP,var,0.00011819239088189937,0.00050471109440820058,0.00038651870352630121,False,0.00069157529795499991,0.00022434305472170037
2024-02-15,funded_assets,USD,0.98999999999999999,GBP,es,0.0012760067431046001,0.0010273979125824013,-0.00024860883052219875,False,0.0013745377771669995,0.00019328664144119961
2024-02-15,funded_assets,USD,0.98999999999999999,GBP,score,0.046909062379921096,0.085509932550828616,0.03860087017090752,False,0.10403296124411998,0.020475847126812496
2024-02-15,funded_assets,USD,0.98999999999999999,JPY,var,-0.00010386747206300034,1.1561478312600675e-05,0.00011542895037560102,True,0.00069157529795499991,0.00022434305472170037
2024-02-15,funded_assets,USD,0.98999999999999999,JPY,es,6.86147949416991e-05,-0.00010728495193159868,-0.00017589974687329778,True,0.0013745377771669995,0.00019328664144119961
2024-02-15,funded_assets,USD,0.98999999999999999,JPY,score,-0.011544847580742257,-0.0011431913619164291,0.010401656218825828,False,0.10403296124411998,0.020475847126812496
2024-02-15,funded_assets,USD,0.98999999999999999,CHF,var,0.00047017939015099944,0.00076432615930080005,0.00029414676914980061,False,0.00069157529795499991,0.00022434305472170037
2024-02-15,funded_assets,USD,0.98999999999999999,CHF,es,0.0013745377771669995,0.0010828964791040011,-0.00029164129806299836,False,0.0013745377771669995,0.00019328664144119961
2024-02-15,funded_assets,USD,0.98999999999999999,CHF,score,0.087781136236648294,0.11553525765919304,0.027754121422544742,False,0.10403296124411998,0.020475847126812496
2024-02-15,net_cashflows,EUR,0.94999999999999996,USD,var,0.00057670110140549966,0.00045256846487739958,-0.00012413263652810008,False,0.00060186095485150002,7.4414598571200061e-05
2024-02-15,net_cashflows,EUR,0.94999999999999996,USD,es,0.00086697609811180014,0.00086117472661859963,-5.8013714932005078e-06,False,0.0010304779920764003,8.3058627679300466e-05
2024-02-15,net_cashflows,EUR,0.94999999999999996,USD,score,0.18615291322893768,0.1574472322900986,-0.028705680938839073,False,0.20091323360847735,0.018033376234846799
2024-02-15,net_cashflows,EUR,0.94999999999999996,GBP,var,0.00021751049649209979,0.00010622192889339979,-0.0001112885675987,False,0.00060186095485150002,7.4414598571200061e-05
2024-02-15,net_cashflows,EUR,0.94999999999999996,GBP,es,0.00044338746827810027,0.00035770884532839928,-8.5678622949700994e-05,False,0.0010304779920764003,8.3058627679300466e-05
2024-02-15,net_cashflows,EUR,0.94999999999999996,GBP,score,0.081880711132800599,0.049653585233815356,-0.032227125898985243,False,0.20091323360847735,0.018033376234846799
2024-02-15,net_cashflows,EUR,0.94999999999999996,JPY,var,0.00035722034695409967,0.00031070420892649999,-4.6516138027599685e-05,False,0.00060186095485150002,7.4414598571200061e-05
2024-02-15,net_cashflows,EUR,0.94999999999999996,JPY,es,0.00077389074117199981,0.00069419115249769962,-7.9699588674300194e-05,False,0.0010304779920764003,8.3058627679300466e-05
2024-02-15,net_cashflows,EUR,0.94999999999999996,JPY,score,0.13439312373642043,0.1172583610036666,-0.017134762732753828,False,0.20091323360847735,0.018033376234846799
2024-02-15,net_cashflows,EUR,0.94999999999999996,CHF,var,0.00060186095485150002,0.00052053663186399975,-8.1324322987500267e-05,False,0.00060186095485150002,7.4414598571200061e-05
2024-02-15,net_cashflows,EUR,0.94999999999999996,CHF,es,0.0010304779920764003,0.00091570454179729956,-0.00011477345027910077,False,0.0010304779920764003,8.3058627679300466e-05
2024-02-15,net_cashflows,EUR,0.94999999999999996,CHF,score,0.20091323360847735,0.1746074532164581,-0.026305780392019251,False,0.20091323360847735,0.018033376234846799
2024-02-15,net_cashflows,EUR,0.98999999999999999,USD,var,0.00099142052144979981,0.0010003968126241006,8.9762911743007656e-06,False,0.0011595168157736997,0.00015177439117620029
2024-02-15,net_cashflows,EUR,0.98999999999999999,USD,es,0.0011781694314112997,0.0017094071613171008,0.00053123772990580111,False,0.0016411649622040999,0.00057296819469290078
2024-02-15,net_cashflows,EUR,0.98999999999999999,USD,score,0.19323002447688431,0.20845409331513665,0.015224068838252336,False,0.23045414563770539,0.030101670260892277
2024-02-15,net_cashflows,EUR,0.98999999999999999,GBP,var,0.00037665622482869945,0.00044995576334430024,7.3299538515600796e-05,False,0.0011595168157736997,0.00015177439117620029
2024-02-15,net_cashflows,EUR,0.98999999999999999,GBP,es,0.00069846399289860001,0.00084946878453540011,0.00015100479163680011,False,0.0016411649622040999,0.00057296819469290078
2024-02-15,net_cashflows,EUR,0.98999999999999999,GBP,score,0.086759554055259258,0.10175134651664841,0.014991792461389153,False,0.23045414563770539,0.030101670260892277
2024-02-15,net_cashflows,EUR,0.98999999999999999,JPY,var,0.00081820727683369968,0.00078208449143369989,-3.6122785399999788e-05,False,0.0011595168157736997,0.00015177439117620029
2024-02-15,net_cashflows,EUR,0.98999999999999999,JPY,es,0.0015081936018989002,0.0013858637478393002,-0.00012232985405959997,False,0.0016411649622040999,0.00057296819469290078
2024-02-15,net_cashflows,EUR,0.98999999999999999,JPY,score,0.18001666731978272,0.16807106358020629,-0.011945603739576427,False,0.23045414563770539,0.030101670260892277
2024-02-15,net_cashflows,EUR,0.98999999999999999,CHF,var,0.0011595168157736997,0.0011822877955499,2.2770979776200358e-05,False,0.0011595168157736997,0.00015177439117620029
2024-02-15,net_cashflows,EUR,0.98999999999999999,CHF,es,0.0016411649622040999,0.0015809564657620007,-6.0208496442099198e-05,False,0.0016411649622040999,0.00057296819469290078
2024-02-15,net_cashflows,EUR,0.98999999999999999,CHF,score,0.23045414563770539,0.22854850957348738,-0.0019056360642180081,False,0.23045414563770539,0.030101670260892277
2024-02-15,net_cashflows,USD,0.94999999999999996,USD,var,0.00059021700321540025,0.00045530060930630036,-0.0001349163939090999,False,0.00062024446916150028,8.3304277971099887e-05
2024-02-15,net_cashflows,USD,0.94999999999999996,USD,es,0.00086539835175139957,0.00086395757675790039,-1.4407749934991845e-06,False,0.0010538258917869997,8.3562934885999911e-05
2024-02-15,net_cashflows,USD,0.94999999999999996,USD,score,0.18843234926554686,0.15778790681405663,-0.030644442451490228,False,0.20555600770838645,0.01849414230605273
2024-02-15,net_cashflows,USD,0.94999999999999996,GBP,var,0.00021879105413160011,0.00011326647304520012,-0.00010552458108639999,False,0.00062024446916150028,8.3304277971099887e-05
2024-02-15,net_cashflows,USD,0.94999999999999996,GBP,es,0.00044853411462260004,0.00036453997195240017,-8.3994142670199869e-05,False,0.0010538258917869997,8.3562934885999911e-05
2024-02-15,net_cashflows,USD,0.94999999999999996,GBP,score,0.082362200298904398,0.051641665482256904,-0.030720534816647493,False,0.20555600770838645,0.01849414230605273
2024-02-15,net_cashflows,USD,0.94999999999999996,JPY,var,0.00036951686217690004,0.00031712147103609995,-5.239539114080009e-05,False,0.00062024446916150028,8.3304277971099887e-05
2024-02-15,net_cashflows,USD,0.94999999999999996,JPY,es,0.00079282249089430035,0.00070965045089989992,-8.3172039994400433e-05,False,0.0010538258917869997,8.3562934885999911e-05
2024-02-15,net_cashflows,USD,0.94999999999999996,JPY,score,0.1379899749861675,0.11935716856746392,-0.018632806418703574,False,0.20555600770838645,0.01849414230605273
2024-02-15,net_cashflows,USD,0.94999999999999996,CHF,var,0.00062024446916150028,0.0005284839038788001,-9.1760565282700182e-05,False,0.00062024446916150028,8.3304277971099887e-05
2024-02-15,net_cashflows,USD,0.94999999999999996,CHF,es,0.0010538258917869997,0.00093720813880010002,-0.00011661775298689968,False,0.0010538258917869997,8.3562934885999911e-05
2024-02-15,net_cashflows,USD,0.94999999999999996,CHF,score,0.20555600770838645,0.1770609768252438,-0.028495030883142647,False,0.20555600770838645,0.01849414230605273
2024-02-15,net_cashflows,USD,0.98999999999999999,USD,var,0.0010286732415594997,0.0010010600619087002,-2.7613179650799562e-05,False,0.0012160904178141994,0.00012779812027279968
2024-02-15,net_cashflows,USD,0.98999999999999999,USD,es,0.0011636357040751,0.0017196694372492993,0.00055603373317419935,False,0.0016986638462335004,0.00058768483615679983
2024-02-15,net_cashflows,USD,0.98999999999999999,USD,score,0.19713644679903908,0.20809255248122582,0.010956105682186745,False,0.23871179794085684,0.026331536282315327
2024-02-15,net_cashflows,USD,0.98999999999999999,GBP,var,0.0004016841642007999,0.00045062509081339984,4.8940926612599939e-05,False,0.0012160904178141994,0.00012779812027279968
2024-02-15,net_cashflows,USD,0.98999999999999999,GBP,es,0.00070348046797250041,0.00087131863822740001,0.0001678381702548996,False,0.0016986638462335004,0.00058768483615679983
2024-02-15,net_cashflows,USD,0.98999999999999999,GBP,score,0.090401040632687391,0.10225804843574959,0.011857007803062203,False,0.23871179794085684,0.026331536282315327
2024-02-15,net_cashflows,USD,0.98999999999999999,JPY,var,0.00087256207350260018,0.00081106032183160016,-6.1501751671000013e-05,False,0.0012160904178141994,0.00012779812027279968
2024-02-15,net_cashflows,USD,0.98999999999999999,JPY,es,0.0015520534875830003,0.0014348811406884,-0.00011717234689460031,False,0.0016986638462335004,0.00058768483615679983
2024-02-15,net_cashflows,USD,0.98999999999999999,JPY,score,0.18821598363739156,0.17307576020382776,-0.015140223433563804,False,0.23871179794085684,0.026331536282315327
2024-02-15,net_cashflows,USD,0.98999999999999999,CHF,var,0.0012160904178141994,0.0012170959403978001,1.0055225836006279e-06,False,0.0012160904178141994,0.00012779812027279968
2024-02-15,net_cashflows,USD,0.98999999999999999,CHF,es,0.0016986638462335004,0.0016375802255919995,-6.1083620641500837e-05,False,0.0016986638462335004,0.00058768483615679983
2024-02-15,net_cashflows,USD,0.98999999999999999,CHF,score,0.23871179794085684,0.23387501913579722,-0.0048367788050596161,False,0.23871179794085684,0.026331536282315327
