model,tau,max_q_relative,max_es_relative,median_es_relative,max_score_change
EWMA_GAUSS,0.95,0.009855278320837341,0.0032342003217658674,0.0006110554827115797,0.12144358786974863
EWMA_GAUSS,0.99,0.011952908063575447,0.008949776018186013,0.0018980719178874244,0.2393894470682767
EWMA_SELFNORMALIZED,0.95,0.018271557602448075,0.014017542631717141,0.005544598720788513,0.9354503487150225
EWMA_SELFNORMALIZED,0.99,0.02133370068200028,0.021804678207073023,0.004110370215901176,3.1536728435755634
HS1250,0.95,0.0,0.0,0.0,0.0
HS1250,0.99,0.0,0.0,0.0,0.0
IN_FHS1250,0.95,0.0,0.0,0.0,0.0
IN_FHS1250,0.99,0.0,0.0,0.0,0.0
IN_FHS_REF_POOL,0.95,0.0,0.0,0.0,0.0
IN_FHS_REF_POOL,0.99,0.0,0.0,0.0,0.0
IN_TCOP1250,0.95,0.015720783416436554,0.018567923215029793,0.0031279786602351383,0.7981130073842309
IN_TCOP1250,0.99,0.04423028588138444,0.0531787492476185,0.010976885834804202,4.813542902215602
IN_TCOP_REF_POOL,0.95,0.005444565376789877,0.007991841986693515,0.001986668471711628,0.14328164909269958
IN_TCOP_REF_POOL,0.99,0.008488790517149207,0.022604741850604328,0.008247291619851133,1.2211257840667855
