model,tau,comparisons,max_q_relative,median_q_relative,max_es_relative,median_es_relative,max_score_change,median_score_change
EWMA_GAUSS,0.94999999999999996,36,0.026125739853927857,0.0084032883089854311,0.0058841181852887017,0.0016025444708134009,0.12839430837846066,0.0078735851148077352
EWMA_GAUSS,0.98999999999999999,36,0.03266423101491038,0.014941958289076194,0.015098642305048291,0.0055305937984429839,0.98232110401981743,0.014390058498083391
EWMA_SELFNORMALIZED,0.94999999999999996,36,0.031464830838609487,0.0075563599055346962,0.025287928086797563,0.0043236023777289828,0.32549938551196078,0.0068291616552569323
EWMA_SELFNORMALIZED,0.98999999999999999,36,0.038250139180032346,0.01207997025685768,0.046736598745515563,0.015859755279643326,4.5993891673021068,0.012330798632457007
HS1250,0.94999999999999996,36,0,0,0,0,0,0
HS1250,0.98999999999999999,36,0,0,0,0,0,0
IN_FHS1250,0.94999999999999996,180,0,0,0,0,0,0
IN_FHS1250,0.98999999999999999,180,0,0,0,0,0,0
IN_FHS_REF_POOL,0.94999999999999996,36,0,0,0,0,0,0
IN_FHS_REF_POOL,0.98999999999999999,36,0,0,0,0,0,0
IN_TCOP1250,0.94999999999999996,180,0.039591082422594154,0.0069742110365848178,0.024272058385700686,0.0080361370848965642,0.44531208954052559,0.0066827983222639276
IN_TCOP1250,0.98999999999999999,180,0.056526152281364463,0.015828102373864908,0.089936256194591183,0.024062516089431971,4.9964283821128674,0.017101650532437951
IN_TCOP_REF_POOL,0.94999999999999996,36,0.016886222147872134,0.0023933054494468548,0.012269339846888126,0.0042287084997001453,0.077465053304780263,0.0024496913815541532
IN_TCOP_REF_POOL,0.98999999999999999,36,0.025376590056378295,0.007117481427083721,0.038570084130153628,0.013970738180898647,3.0254810434436195,0.0070776262131753143
