origin_date,requested_origin,year,book,report,tau,model,train_reference,power,scenario_n,actual_loss,var,es,score,minimum_scenario_loss,maximum_scenario_loss,maximum_loss_to_var,maximum_single_scenario_ES_share,max_abs_cash_identity_residual,maximum_abs_log_increment_or_level,maximum_price_multiplier,max_relative_cash_identity_residual
2015-01-16,2015-01-16,2015,net_cashflows,EUR,0.98999999999999999,FHS250,EUR,0,249,-0.0029752741326333002,0.039538673038607898,5628696.3555477038,14.543388427139092,-0.066224211369074096,12968472.614682842,327994634.57004869,0.92529808051810825,1.862645149230957e-09,18.215770307400589,81472028.230164826,
2015-01-16,2015-01-16,2015,net_cashflows,USD,0.98999999999999999,FHS250,EUR,0,249,-0.0029694463941813002,0.039172409575346602,5524529.6547687901,14.52470867847634,-0.064664386014692099,12715918.926929915,324614162.4877916,0.92438543530359096,1.862645149230957e-09,18.215770307400589,81472028.230164826,
2015-01-16,2015-01-16,2015,net_cashflows,EUR,0.98999999999999999,FHS250,CHF,0,249,-0.0029752741326333002,0.047982223156497097,3906505.2909639184,14.178153757100748,-0.062933361540849303,9060254.0615852661,188825224.54273665,0.93143512644131243,5.9604644775390638e-08,18.215765741122169,81471656.207049847,
2015-01-16,2015-01-16,2015,net_cashflows,EUR,0.98999999999999999,FHS500,EUR,0,499,-0.0029752741326333002,0.039538673038607898,2808708.2247377429,13.848235243190652,-0.066224211369074096,12968472.614682842,327994634.57004869,0.92529807285138521,1.862645149230957e-09,18.215770307400589,81472028.230164826,
2015-01-16,2015-01-16,2015,net_cashflows,USD,0.98999999999999999,FHS500,EUR,0,499,-0.0029694463941813002,0.039172409575346602,2756729.2498726225,13.829555494776899,-0.064664386014692099,12715918.926929915,324614162.4877916,0.92438542747565156,1.862645149230957e-09,18.215770307400589,81472028.230164826,
2015-01-16,2015-01-16,2015,net_cashflows,EUR,0.98999999999999999,FHS500,CHF,0,499,-0.0029752741326333002,0.047982223156497097,1949338.3434301089,13.483000586514043,-0.069707329906858406,9060254.0615852661,188825224.54273665,0.93143511119545741,5.9604644775390638e-08,18.215765741122169,81471656.207049847,
2015-01-15,2015-01-15,2015,net_cashflows,EUR,0.98999999999999999,FHS250,EUR,0,249,-0.0015854274822191001,0.0421861034675396,1226498.15437264,13.019673672283142,-0.069259347588865705,3053980.3273703009,72393041.22316502,0.99999997478124758,2.0180838719761568e-10,16.541394301121418,15269902.637669619,
2015-01-15,2015-01-15,2015,net_cashflows,USD,0.98999999999999999,FHS250,EUR,0,249,-0.0015692216563650001,0.041812257812208202,1218871.5208590366,13.013436040050411,-0.067706244156258102,3034990.0093405498,72586130.674206331,0.99999997443205679,2.0180838719761568e-10,16.541394301121418,15269902.637669619,
2015-01-16,2015-01-16,2015,net_cashflows,EUR,0.94999999999999996,FHS250,EUR,0,249,-0.0029752741326333002,0.020554478894076099,1125739.292093588,12.933950544579396,-0.066224211369074096,12968472.614682842,630931714.76219702,0.92529806327033282,1.862645149230957e-09,18.215770307400589,81472028.230164826,
2015-01-16,2015-01-16,2015,net_cashflows,EUR,0.98999999999999999,FHS1250,EUR,0,1249,-0.0029752741326333002,0.034224986106812398,1122134.0679224094,12.930742878553236,-0.1006042814764451,12968472.614682842,378918272.58043712,0.92529804202609078,1.862645149230957e-09,18.215770307400589,81472028.230164826,
2015-01-16,2015-01-16,2015,net_cashflows,USD,0.94999999999999996,FHS250,EUR,0,249,-0.0029694463941813002,0.020509449192997999,1104905.9518989513,12.915270796470312,-0.064664386014692099,12715918.926929915,620002946.31370068,0.92438541778044203,1.862645149230957e-09,18.215770307400589,81472028.230164826,
2015-01-16,2015-01-16,2015,net_cashflows,USD,0.98999999999999999,FHS1250,EUR,0,1249,-0.0029694463941813002,0.034530365458537798,1101367.447621841,12.912063131270994,-0.1011729361359878,12715918.926929915,368253239.08600098,0.92438539630017325,1.862645149230957e-09,18.215770307400589,81472028.230164826,
