model,tau,book,report,rows,mean_score,strict_hits,mean_var,mean_es
GARCH_CASH_T_2STEP,0.95,funded_assets,EUR,2046,-5.1264712668714445,86,0.004591633325828273,0.006325732728815406
GARCH_CASH_T_2STEP,0.95,funded_assets,USD,2046,-5.122042491495527,87,0.004593017385145693,0.006325158278493456
GARCH_CASH_T_2STEP,0.95,net_cashflows,EUR,2046,-5.241026081834495,123,0.003128153849013177,0.004546107462769817
GARCH_CASH_T_2STEP,0.95,net_cashflows,USD,2046,-5.232174298618012,123,0.0031307225526570103,0.004554981011263369
GARCH_CASH_T_2STEP,0.99,funded_assets,EUR,2046,-4.709005644003596,14,0.0073143395510100765,0.009263373384942725
GARCH_CASH_T_2STEP,0.99,funded_assets,USD,2046,-4.702401261073109,16,0.007312615562746868,0.009258967294883834
GARCH_CASH_T_2STEP,0.99,net_cashflows,EUR,2046,-4.715172085008643,38,0.005307284470286383,0.0071006251776997735
GARCH_CASH_T_2STEP,0.99,net_cashflows,USD,2046,-4.698238173488323,38,0.005318366370884035,0.007124435868382894
HS_CASH1250,0.95,funded_assets,EUR,2046,-5.0489208542902615,90,0.004833958033573127,0.006743599861270057
HS_CASH1250,0.95,funded_assets,USD,2046,-5.042692159101302,88,0.004858691486821565,0.006798179237623499
HS_CASH1250,0.95,net_cashflows,EUR,2046,-5.144181927397841,102,0.0034310517561558836,0.0053544870901292155
HS_CASH1250,0.95,net_cashflows,USD,2046,-5.136341121051033,102,0.0034487849125748797,0.005390695984359383
HS_CASH1250,0.99,funded_assets,EUR,2046,-4.653433305563366,18,0.007813789185056923,0.009914945411434456
HS_CASH1250,0.99,funded_assets,USD,2046,-4.644423918834804,19,0.007827463767963382,0.010027984088956495
HS_CASH1250,0.99,net_cashflows,EUR,2046,-4.585925044019884,28,0.006334141844727031,0.00909769801754233
HS_CASH1250,0.99,net_cashflows,USD,2046,-4.573671225350921,28,0.006387922879567827,0.009179340076210171
HS_CASH500,0.95,funded_assets,EUR,2046,-5.024611365814242,100,0.0047038704698681155,0.006374178148850674
HS_CASH500,0.95,funded_assets,USD,2046,-5.019544912308212,101,0.004717229463674133,0.006416104262561751
HS_CASH500,0.95,net_cashflows,EUR,2046,-5.182720748184125,102,0.0034433375065559555,0.005188407856323105
HS_CASH500,0.95,net_cashflows,USD,2046,-5.174815527440014,99,0.0034526443774308187,0.00522762150015831
HS_CASH500,0.99,funded_assets,EUR,2046,-4.602351150240418,29,0.0071157449162398256,0.00913971750116426
HS_CASH500,0.99,funded_assets,USD,2046,-4.588130993572958,26,0.007188667307791817,0.009227237480536703
HS_CASH500,0.99,net_cashflows,EUR,2046,-4.531946555026389,27,0.005859400235841745,0.008559177461446858
HS_CASH500,0.99,net_cashflows,USD,2046,-4.517368297404362,28,0.005908909580717507,0.008644875063053307
