origin_date,book,report,tau,base_draws,higher_draws,var_base,es_base,var_higher,es_higher,var_difference,es_difference,seed,role
2013-01-02,funded_assets,EUR,0.95,4096,16384,0.006638252470000117,0.008799862537884536,0.006638234875469467,0.008799819996046973,-1.7594530650130724e-08,-4.254183756310925e-08,251015676,"Prespecified first/middle/last annual origins; numerical assessment, no configuration selection"
2013-01-02,funded_assets,EUR,0.99,4096,16384,0.01009423759948359,0.012243097247764526,0.01009418539514224,0.01224299741300266,-5.220434134978191e-08,-9.983476186546658e-08,251015676,"Prespecified first/middle/last annual origins; numerical assessment, no configuration selection"
2013-07-03,funded_assets,EUR,0.95,4096,16384,0.006655835905948295,0.008823150213009834,0.0066558182642001374,0.008823107555415934,-1.7641748157812276e-08,-4.265759389991686e-08,251015676,"Prespecified first/middle/last annual origins; numerical assessment, no configuration selection"
2013-07-03,funded_assets,EUR,0.99,4096,16384,0.010120940793715776,0.012275472070051578,0.010120888447574652,0.012275371961093637,-5.23461411230941e-08,-1.0010895794103358e-07,251015676,"Prespecified first/middle/last annual origins; numerical assessment, no configuration selection"
2013-12-31,funded_assets,EUR,0.95,4096,16384,0.00489085383520909,0.006485565250734808,0.004890840947924278,0.006485534275327604,-1.2887284812218569e-08,-3.0975407204481e-08,251015676,"Prespecified first/middle/last annual origins; numerical assessment, no configuration selection"
2013-12-31,funded_assets,EUR,0.99,4096,16384,0.007440502361929609,0.009025686755844559,0.007440464322791948,0.00902561435975619,-3.8039137661809164e-08,-7.239608836896727e-08,251015676,"Prespecified first/middle/last annual origins; numerical assessment, no configuration selection"
2014-01-02,funded_assets,EUR,0.95,4096,16384,0.004772248542821399,0.006313041763108262,0.00477233278226251,0.006313254561732394,8.423944111105724e-08,2.1279862413240563e-07,3613317507,"Prespecified first/middle/last annual origins; numerical assessment, no configuration selection"
2014-01-02,funded_assets,EUR,0.99,4096,16384,0.007233115952968123,0.008777580388576537,0.007233371609017435,0.008778099143442384,2.5565604931231806e-07,5.187548658466129e-07,3613317507,"Prespecified first/middle/last annual origins; numerical assessment, no configuration selection"
2014-07-03,funded_assets,EUR,0.95,4096,16384,0.00375282581840008,0.004959450451713771,0.0037528914201664077,0.004959615388735863,6.560176632778789e-08,1.6493702209140898e-07,3613317507,"Prespecified first/middle/last annual origins; numerical assessment, no configuration selection"
2014-07-03,funded_assets,EUR,0.99,4096,16384,0.005679988217657712,0.006889428859585336,0.005680186534514576,0.006889829694997685,1.9831685686439587e-07,4.008354123497676e-07,3613317507,"Prespecified first/middle/last annual origins; numerical assessment, no configuration selection"
2014-12-31,funded_assets,EUR,0.95,4096,16384,0.004624447436056473,0.006116792548656601,0.0046245289793467835,0.006116998434934125,8.15432903101751e-08,2.058862775241102e-07,3613317507,"Prespecified first/middle/last annual origins; numerical assessment, no configuration selection"
2014-12-31,funded_assets,EUR,0.99,4096,16384,0.0070079375928289315,0.008503830808998344,0.007008184965628653,0.008504332551065983,2.4737279972174286e-07,5.017420676382139e-07,3613317507,"Prespecified first/middle/last annual origins; numerical assessment, no configuration selection"
2015-01-02,funded_assets,EUR,0.95,4096,16384,0.00399891683439026,0.005509521222831404,0.003999023625031341,0.005509921646478296,1.0679064108096853e-07,4.0042364689209936e-07,3778504969,"Prespecified first/middle/last annual origins; numerical assessment, no configuration selection"
2015-01-02,funded_assets,EUR,0.99,4096,16384,0.006375234898116747,0.008059367663058287,0.006375683421422223,0.008060561201404866,4.485233054754567e-07,1.1935383465791483e-06,3778504969,"Prespecified first/middle/last annual origins; numerical assessment, no configuration selection"
2015-07-06,funded_assets,EUR,0.95,4096,16384,0.007586454313503239,0.01044471430839611,0.007586656556148418,0.010445474329963065,2.0224264517861718e-07,7.600215669555099e-07,3778504969,"Prespecified first/middle/last annual origins; numerical assessment, no configuration selection"
2015-07-06,funded_assets,EUR,0.99,4096,16384,0.012082750918104566,0.015269386566930918,0.012083601581292024,0.015271654303576269,8.50663187458231e-07,2.2677366453508624e-06,3778504969,"Prespecified first/middle/last annual origins; numerical assessment, no configuration selection"
2015-12-31,funded_assets,EUR,0.95,4096,16384,0.005939020886606999,0.008178427244072646,0.005939179306429172,0.008179022258099612,1.584198221727881e-07,5.950140269661564e-07,3778504969,"Prespecified first/middle/last annual origins; numerical assessment, no configuration selection"
2015-12-31,funded_assets,EUR,0.99,4096,16384,0.00946180700497098,0.011958483897111327,0.00946247310628386,0.01196025883983856,6.661013128798215e-07,1.774942727232609e-06,3778504969,"Prespecified first/middle/last annual origins; numerical assessment, no configuration selection"
2016-01-04,funded_assets,EUR,0.95,4096,16384,0.005912227821547575,0.008546818310023145,0.005912128692439444,0.008546511764348954,-9.912910813036913e-08,-3.065456741918604e-07,2342112860,"Prespecified first/middle/last annual origins; numerical assessment, no configuration selection"
2016-01-04,funded_assets,EUR,0.99,4096,16384,0.00996319289687168,0.013290469939738654,0.009962814023910303,0.01328966101273683,-3.788729613773273e-07,-8.089270018239725e-07,2342112860,"Prespecified first/middle/last annual origins; numerical assessment, no configuration selection"
2016-07-04,funded_assets,EUR,0.95,4096,16384,0.0059120205600519,0.008546518887235179,0.0059119214344183005,0.008546212352335016,-9.912563359981003e-08,-3.065349001626222e-07,2342112860,"Prespecified first/middle/last annual origins; numerical assessment, no configuration selection"
2016-07-04,funded_assets,EUR,0.99,4096,16384,0.009962843927628811,0.0132900045774486,0.00996246506797779,0.013289195678919246,-3.788596510210379e-07,-8.088985293547984e-07,2342112860,"Prespecified first/middle/last annual origins; numerical assessment, no configuration selection"
2016-12-30,funded_assets,EUR,0.95,4096,16384,0.005427928029067901,0.00784716868304438,0.005427837019483015,0.007846887317915075,-9.100958488651029e-08,-2.813651293048086e-07,2342112860,"Prespecified first/middle/last annual origins; numerical assessment, no configuration selection"
2016-12-30,funded_assets,EUR,0.99,4096,16384,0.009147769938840034,0.012203075641511098,0.009147422173587692,0.0122023332632637,-3.4776525234189726e-07,-7.423782473984369e-07,2342112860,"Prespecified first/middle/last annual origins; numerical assessment, no configuration selection"
2017-01-02,funded_assets,EUR,0.95,4096,16384,0.005305836373169615,0.007687784401864946,0.005305625500686785,0.007687247706901182,-2.1087248283039456e-07,-5.366949637642532e-07,3391295100,"Prespecified first/middle/last annual origins; numerical assessment, no configuration selection"
2017-01-02,funded_assets,EUR,0.99,4096,16384,0.0089611354132578,0.011997463745639503,0.008960458678301869,0.011996197231496326,-6.767349559309854e-07,-1.2665141431774524e-06,3391295100,"Prespecified first/middle/last annual origins; numerical assessment, no configuration selection"
2017-07-03,funded_assets,EUR,0.95,4096,16384,0.004808285315251424,0.006966173331160495,0.004808094366082886,0.00696568751500703,-1.9094916853777677e-07,-4.85816153464845e-07,3391295100,"Prespecified first/middle/last annual origins; numerical assessment, no configuration selection"
2017-07-03,funded_assets,EUR,0.99,4096,16384,0.008119745671147144,0.010870457736415982,0.008119133081846157,0.010869311534941686,-6.125893009870098e-07,-1.1462014742960602e-06,3391295100,"Prespecified first/middle/last annual origins; numerical assessment, no configuration selection"
2017-12-29,funded_assets,EUR,0.95,4096,16384,0.004634062256856671,0.0067134930648851425,0.004633878286427002,0.006713025075082247,-1.839704296688685e-07,-4.6798980289555064e-07,3391295100,"Prespecified first/middle/last annual origins; numerical assessment, no configuration selection"
2017-12-29,funded_assets,EUR,0.99,4096,16384,0.007825123521377013,0.010475823706531528,0.007824533406494555,0.010474719665322802,-5.901148824576791e-07,-1.1040412087257034e-06,3391295100,"Prespecified first/middle/last annual origins; numerical assessment, no configuration selection"
2013-01-02,funded_assets,USD,0.95,4096,16384,0.006668464915729664,0.008819047650641454,0.006668436632875242,0.00881897256232217,-2.8282854422183312e-08,-7.508831928459969e-08,1262045267,"Prespecified first/middle/last annual origins; numerical assessment, no configuration selection"
2013-01-02,funded_assets,USD,0.99,4096,16384,0.010109461233391048,0.012234081358232219,0.010109372181473696,0.012233891986576444,-8.905191735235352e-08,-1.8937165577499748e-07,1262045267,"Prespecified first/middle/last annual origins; numerical assessment, no configuration selection"
2013-07-03,funded_assets,USD,0.95,4096,16384,0.006671830339830963,0.008823496425485956,0.006671802042510916,0.0088234212981942,-2.8297320047061814e-08,-7.512729175568333e-08,1262045267,"Prespecified first/middle/last annual origins; numerical assessment, no configuration selection"
2013-07-03,funded_assets,USD,0.99,4096,16384,0.010114560014160617,0.01224025061483852,0.010114470916166523,0.012240061143995527,-8.90979940937342e-08,-1.8947084299246464e-07,1262045267,"Prespecified first/middle/last annual origins; numerical assessment, no configuration selection"
2013-12-31,funded_assets,USD,0.95,4096,16384,0.004903481188549059,0.006485878557480256,0.004903460514134013,0.006485824017643265,-2.067441504539219e-08,-5.453983699128112e-08,1262045267,"Prespecified first/middle/last annual origins; numerical assessment, no configuration selection"
2013-12-31,funded_assets,USD,0.99,4096,16384,0.007435386555006978,0.008998555551185831,0.007435321785902531,0.008998418553760155,-6.476910444693645e-08,-1.3699742567631346e-07,1262045267,"Prespecified first/middle/last annual origins; numerical assessment, no configuration selection"
2014-01-02,funded_assets,USD,0.95,4096,16384,0.0047759609312425086,0.006304809925256366,0.0047761297310423955,0.0063052500013796855,1.6879979988695254e-07,4.400761233194425e-07,3033425317,"Prespecified first/middle/last annual origins; numerical assessment, no configuration selection"
2014-01-02,funded_assets,USD,0.99,4096,16384,0.007219427718499194,0.00874356965704947,0.0072199499296834065,0.008744668906520797,5.222111842126745e-07,1.0992494713264744e-06,3033425317,"Prespecified first/middle/last annual origins; numerical assessment, no configuration selection"
2014-07-03,funded_assets,USD,0.95,4096,16384,0.0037533215911863043,0.004949231306761774,0.0037534529176793856,0.004949572034509138,1.313264930812713e-07,3.407277473638226e-07,3033425317,"Prespecified first/middle/last annual origins; numerical assessment, no configuration selection"
2014-07-03,funded_assets,USD,0.99,4096,16384,0.005664681916561153,0.006856849865558779,0.005665086641236935,0.006857698323587235,4.0472467578191174e-07,8.484580284557827e-07,3033425317,"Prespecified first/middle/last annual origins; numerical assessment, no configuration selection"
2014-12-31,funded_assets,USD,0.95,4096,16384,0.00461245237154342,0.00608806960002291,0.004612615192598121,0.006088493851815341,1.6282105470138974e-07,4.2425179243126e-07,3033425317,"Prespecified first/middle/last annual origins; numerical assessment, no configuration selection"
2014-12-31,funded_assets,USD,0.99,4096,16384,0.0069708435217286065,0.008441908999940914,0.006971347013646805,0.008442968343781214,5.034919181986716e-07,1.0593438402994176e-06,3033425317,"Prespecified first/middle/last annual origins; numerical assessment, no configuration selection"
2015-01-02,funded_assets,USD,0.95,4096,16384,0.003978292158025503,0.005473321787035297,0.003977993665746223,0.005472393213197877,-2.984922792799785e-07,-9.28573837420156e-07,657094465,"Prespecified first/middle/last annual origins; numerical assessment, no configuration selection"
2015-01-02,funded_assets,USD,0.99,4096,16384,0.0063312733353672575,0.00799268804114594,0.006330177205915637,0.007990165304909584,-1.0961294516203396e-06,-2.522736236356196e-06,657094465,"Prespecified first/middle/last annual origins; numerical assessment, no configuration selection"
2015-07-06,funded_assets,USD,0.95,4096,16384,0.007625170686289991,0.010483958426330731,0.007624599115595776,0.010482176882329646,-5.715706942145335e-07,-1.7815440010848088e-06,657094465,"Prespecified first/middle/last annual origins; numerical assessment, no configuration selection"
2015-07-06,funded_assets,USD,0.99,4096,16384,0.012124518875626737,0.015301516815628458,0.012122416875231882,0.015296671646680226,-2.1020003948546417e-06,-4.84516894823199e-06,657094465,"Prespecified first/middle/last annual origins; numerical assessment, no configuration selection"
2015-12-31,funded_assets,USD,0.95,4096,16384,0.005986559993099663,0.008232589452657046,0.005986111079539226,0.008231190855535492,-4.489135604374833e-07,-1.3985971215532689e-06,657094465,"Prespecified first/middle/last annual origins; numerical assessment, no configuration selection"
2015-12-31,funded_assets,USD,0.99,4096,16384,0.009521510724339037,0.012017535475419377,0.00951986036795492,0.01201373271926114,-1.6503563841172714e-06,-3.802756158237386e-06,657094465,"Prespecified first/middle/last annual origins; numerical assessment, no configuration selection"
2016-01-04,funded_assets,USD,0.95,4096,16384,0.005944485808997175,0.008582177432211041,0.005944758906568598,0.008583154055872823,2.730975714225828e-07,9.766236617816948e-07,3341858919,"Prespecified first/middle/last annual origins; numerical assessment, no configuration selection"
2016-01-04,funded_assets,USD,0.99,4096,16384,0.010002664429134904,0.013324133731140036,0.010003831240008521,0.013326913582439577,1.1668108736168775e-06,2.779851299540906e-06,3341858919,"Prespecified first/middle/last annual origins; numerical assessment, no configuration selection"
2016-07-04,funded_assets,USD,0.95,4096,16384,0.005926443193293278,0.00855614455731955,0.005926715462430351,0.008557118209609542,2.7226913707281697e-07,9.736522899924521e-07,3341858919,"Prespecified first/middle/last annual origins; numerical assessment, no configuration selection"
2016-07-04,funded_assets,USD,0.99,4096,16384,0.009972328532889702,0.013283736186111639,0.009973491796252901,0.01328650756777095,1.1632633631995098e-06,2.771381659310429e-06,3341858919,"Prespecified first/middle/last annual origins; numerical assessment, no configuration selection"
2016-12-30,funded_assets,USD,0.95,4096,16384,0.005412663190270312,0.007814834431163573,0.005412911867334041,0.00781572345275865,2.4867706372843495e-07,8.890215950768665e-07,3341858919,"Prespecified first/middle/last annual origins; numerical assessment, no configuration selection"
2016-12-30,funded_assets,USD,0.99,4096,16384,0.009108485846915265,0.012133378549511938,0.009109548073429173,0.012135908682090375,1.0622265139079157e-06,2.530132578436664e-06,3341858919,"Prespecified first/middle/last annual origins; numerical assessment, no configuration selection"
2017-01-02,funded_assets,USD,0.95,4096,16384,0.005298359620965653,0.007675310515892642,0.005298455732921415,0.007675675780476041,9.611195576214593e-08,3.6526458339902756e-07,2135922589,"Prespecified first/middle/last annual origins; numerical assessment, no configuration selection"
2017-01-02,funded_assets,USD,0.99,4096,16384,0.008946241326790484,0.01197519205659709,0.008946679529064177,0.01197625099426999,4.3820227369276155e-07,1.0589376728993571e-06,2135922589,"Prespecified first/middle/last annual origins; numerical assessment, no configuration selection"
2017-07-03,funded_assets,USD,0.95,4096,16384,0.00483492729435327,0.007003279119335099,0.004835014957844559,0.007003612108832743,8.766349128899731e-08,3.329894976440012e-07,2135922589,"Prespecified first/middle/last annual origins; numerical assessment, no configuration selection"
2017-07-03,funded_assets,USD,0.99,4096,16384,0.008162674314632405,0.010925805973233822,0.008163073843713186,0.010926771123409524,3.995290807808083e-07,9.651501757020758e-07,2135922589,"Prespecified first/middle/last annual origins; numerical assessment, no configuration selection"
2017-12-29,funded_assets,USD,0.95,4096,16384,0.004636805662242166,0.006715979345075725,0.0046368897134784395,0.006716298529599438,8.405123627305833e-08,3.1918452371264283e-07,2135922589,"Prespecified first/middle/last annual origins; numerical assessment, no configuration selection"
2017-12-29,funded_assets,USD,0.99,4096,16384,0.007827691978086996,0.01047718335024941,0.007828074966994412,0.0104781083779464,3.8298890741618463e-07,9.250276969893778e-07,2135922589,"Prespecified first/middle/last annual origins; numerical assessment, no configuration selection"
2013-01-02,net_cashflows,EUR,0.95,4096,16384,0.0026657182836464497,0.003756153698524122,0.0026654616170089,0.0037553033042479443,-2.5666663754954355e-07,-8.503942761778349e-07,150428675,"Prespecified first/middle/last annual origins; numerical assessment, no configuration selection"
2013-01-02,net_cashflows,EUR,0.99,4096,16384,0.004358422199979796,0.00567070099365531,0.004357422138443142,0.005668325950866612,-1.0000615366543772e-06,-2.375042788697705e-06,150428675,"Prespecified first/middle/last annual origins; numerical assessment, no configuration selection"
2013-07-03,net_cashflows,EUR,0.95,4096,16384,0.006652233451030769,0.009400885952578984,0.006651584990879502,0.0093987303787959,-6.48460151266711e-07,-2.1555737830837585e-06,150428675,"Prespecified first/middle/last annual origins; numerical assessment, no configuration selection"
2013-07-03,net_cashflows,EUR,0.99,4096,16384,0.010919005753347796,0.014226921541129301,0.010916473078239427,0.01422089102960729,-2.5326751083697835e-06,-6.030511522011131e-06,150428675,"Prespecified first/middle/last annual origins; numerical assessment, no configuration selection"
2013-12-31,net_cashflows,EUR,0.95,4096,16384,0.0032131182199124754,0.004531252213735856,0.0032128076904613507,0.004530222089732566,-3.105294511247629e-07,-1.0301240032893622e-06,150428675,"Prespecified first/middle/last annual origins; numerical assessment, no configuration selection"
2013-12-31,net_cashflows,EUR,0.99,4096,16384,0.005259280527078427,0.0068455935159657585,0.005258069510700939,0.0068427146699925785,-1.2110163774880014e-06,-2.878845973179958e-06,150428675,"Prespecified first/middle/last annual origins; numerical assessment, no configuration selection"
2014-01-02,net_cashflows,EUR,0.95,4096,16384,0.0033356847431595745,0.004734086085218043,0.003335638370138402,0.004733849289443173,-4.637302117261807e-08,-2.367957748702909e-07,1568292807,"Prespecified first/middle/last annual origins; numerical assessment, no configuration selection"
2014-01-02,net_cashflows,EUR,0.99,4096,16384,0.005505210032203568,0.007193689147037521,0.00550495512955226,0.0071929099251502315,-2.5490265130774514e-07,-7.792218872891554e-07,1568292807,"Prespecified first/middle/last annual origins; numerical assessment, no configuration selection"
2014-07-03,net_cashflows,EUR,0.95,4096,16384,0.002239096934793133,0.0031787367156417535,0.00223906576650274,0.0031785800102381557,-3.116829039306879e-08,-1.5670540359780105e-07,1568292807,"Prespecified first/middle/last annual origins; numerical assessment, no configuration selection"
2014-07-03,net_cashflows,EUR,0.99,4096,16384,0.003696902022540971,0.004831366821596714,0.003696732328438222,0.004830854057626423,-1.6969410274918564e-07,-5.127639702917977e-07,1568292807,"Prespecified first/middle/last annual origins; numerical assessment, no configuration selection"
2014-12-31,net_cashflows,EUR,0.95,4096,16384,0.004381247682079173,0.006217023401900329,0.004381186813473572,0.006216710928786211,-6.08686056011512e-08,-3.1247311411790324e-07,1568292807,"Prespecified first/middle/last annual origins; numerical assessment, no configuration selection"
2014-12-31,net_cashflows,EUR,0.99,4096,16384,0.007229317846275606,0.0094459594456333,0.0072289821724034874,0.009444929214761963,-3.356738721184416e-07,-1.0302308713367597e-06,1568292807,"Prespecified first/middle/last annual origins; numerical assessment, no configuration selection"
2015-01-02,net_cashflows,EUR,0.95,4096,16384,0.004318310607052395,0.006227681384653088,0.004317032084942875,0.006219282800631758,-1.2785221095200708e-06,-8.3985840213293e-06,2844104404,"Prespecified first/middle/last annual origins; numerical assessment, no configuration selection"
2015-01-02,net_cashflows,EUR,0.99,4096,16384,0.00725907751969341,0.009645255144723763,0.007251777810512965,0.00961450923892373,-7.299709180444945e-06,-3.074590580003263e-05,2844104404,"Prespecified first/middle/last annual origins; numerical assessment, no configuration selection"
2015-07-06,net_cashflows,EUR,0.95,4096,16384,0.003504489143600223,0.005058885536384911,0.003503448377138901,0.005052068088995365,-1.040766461321823e-06,-6.817447389546524e-06,2844104404,"Prespecified first/middle/last annual origins; numerical assessment, no configuration selection"
2015-07-06,net_cashflows,EUR,0.99,4096,16384,0.005898569924949498,0.007841010713839216,0.0058926354211851165,0.007816073022212,-5.934503764381746e-06,-2.4937691627216485e-05,2844104404,"Prespecified first/middle/last annual origins; numerical assessment, no configuration selection"
2015-12-31,net_cashflows,EUR,0.95,4096,16384,0.003004676413754875,0.0043410495348513685,0.00300378169017927,0.004335206111805412,-8.947235756047965e-07,-5.84342304595694e-06,2844104404,"Prespecified first/middle/last annual origins; numerical assessment, no configuration selection"
2015-12-31,net_cashflows,EUR,0.99,4096,16384,0.005062990952899422,0.006732874031219046,0.005057896179739881,0.00671151719397635,-5.094773159541356e-06,-2.1356837242696332e-05,2844104404,"Prespecified first/middle/last annual origins; numerical assessment, no configuration selection"
2016-01-04,net_cashflows,EUR,0.95,4096,16384,0.0030585114054899882,0.004527877003530651,0.0030585109091178495,0.004527950152190556,-4.96372138704404e-10,7.314865990530606e-08,2573833423,"Prespecified first/middle/last annual origins; numerical assessment, no configuration selection"
2016-01-04,net_cashflows,EUR,0.99,4096,16384,0.005304171418577803,0.007214541772891267,0.005304210093694116,0.007214880805437137,3.86751163126281e-08,3.39032545869887e-07,2573833423,"Prespecified first/middle/last annual origins; numerical assessment, no configuration selection"
2016-07-04,net_cashflows,EUR,0.95,4096,16384,0.005625760911744443,0.008288150308093193,0.0056257597598066734,0.008288284266278291,-1.1519377691310284e-09,1.3395818509835677e-07,2573833423,"Prespecified first/middle/last annual origins; numerical assessment, no configuration selection"
2016-07-04,net_cashflows,EUR,0.99,4096,16384,0.009694652797917546,0.013156552102818866,0.009694721478152543,0.013157175933806555,6.868023499743969e-08,6.238309876883258e-07,2573833423,"Prespecified first/middle/last annual origins; numerical assessment, no configuration selection"
2016-12-30,net_cashflows,EUR,0.95,4096,16384,0.004094274907676858,0.0060450067417602525,0.004094274132938697,0.006045104502406579,-7.747381616449167e-10,9.776064632642523e-08,2573833423,"Prespecified first/middle/last annual origins; numerical assessment, no configuration selection"
2016-12-30,net_cashflows,EUR,0.99,4096,16384,0.007075575676124981,0.009611985578840843,0.007075626386058278,0.00961244003463203,5.070993329674839e-08,4.5445579118646995e-07,2573833423,"Prespecified first/middle/last annual origins; numerical assessment, no configuration selection"
2017-01-02,net_cashflows,EUR,0.95,4096,16384,0.004193991515556668,0.006285137923089018,0.004194230961191426,0.00628619462827151,2.3944563475822994e-07,1.0567051824915408e-06,3056706083,"Prespecified first/middle/last annual origins; numerical assessment, no configuration selection"
2017-01-02,net_cashflows,EUR,0.99,4096,16384,0.0073700362672338956,0.010164108516511849,0.007371233357951117,0.010167400173650414,1.1970907172215856e-06,3.291657138564802e-06,3056706083,"Prespecified first/middle/last annual origins; numerical assessment, no configuration selection"
2017-07-03,net_cashflows,EUR,0.95,4096,16384,0.0031182258818599697,0.0046902382796088745,0.003118405706509581,0.004691028873491169,1.7982464961150899e-07,7.905938822945491e-07,3056706083,"Prespecified first/middle/last annual origins; numerical assessment, no configuration selection"
2017-07-03,net_cashflows,EUR,0.99,4096,16384,0.005505811686626593,0.007606217384883828,0.005506708436329877,0.00760867630212762,8.967497032840582e-07,2.4589172437916584e-06,3056706083,"Prespecified first/middle/last annual origins; numerical assessment, no configuration selection"
2017-12-29,net_cashflows,EUR,0.95,4096,16384,0.0027743264113662073,0.004180377047608158,0.0027744871586349107,0.004181082228781688,1.607472687034303e-07,7.051811735303212e-07,3056706083,"Prespecified first/middle/last annual origins; numerical assessment, no configuration selection"
2017-12-29,net_cashflows,EUR,0.99,4096,16384,0.004909850458828241,0.006788495672046282,0.004910650903311221,0.0067906869819557856,8.004444829795218e-07,2.191309909503787e-06,3056706083,"Prespecified first/middle/last annual origins; numerical assessment, no configuration selection"
2013-01-02,net_cashflows,USD,0.95,4096,16384,0.0026862468778900855,0.0037878326896769975,0.002686433091578023,0.0037883850693926323,1.862136879376801e-07,5.523797156348209e-07,1852203941,"Prespecified first/middle/last annual origins; numerical assessment, no configuration selection"
2013-01-02,net_cashflows,USD,0.99,4096,16384,0.004395633805891634,0.005724026783545752,0.004396301253267022,0.005725478709767531,6.674473753878057e-07,1.451926221779365e-06,1852203941,"Prespecified first/middle/last annual origins; numerical assessment, no configuration selection"
2013-07-03,net_cashflows,USD,0.95,4096,16384,0.006671038109851467,0.009435351696981717,0.006671506762678066,0.009436746312616994,4.6865282659919877e-07,1.39461563527718e-06,1852203941,"Prespecified first/middle/last annual origins; numerical assessment, no configuration selection"
2013-07-03,net_cashflows,USD,0.99,4096,16384,0.010960559056180996,0.01429405952334466,0.010962243102584484,0.014297731808930701,1.684046403488751e-06,3.67228558604063e-06,1852203941,"Prespecified first/middle/last annual origins; numerical assessment, no configuration selection"
2013-12-31,net_cashflows,USD,0.95,4096,16384,0.003211851232454745,0.004532758681749144,0.003212074758085655,0.004533422505117893,2.2352563091004168e-07,6.63823368749622e-07,1852203941,"Prespecified first/middle/last annual origins; numerical assessment, no configuration selection"
2013-12-31,net_cashflows,USD,0.99,4096,16384,0.005261569785496542,0.006854447450413286,0.005262371704934294,0.006856193435328035,8.019194377524227e-07,1.7459849147487619e-06,1852203941,"Prespecified first/middle/last annual origins; numerical assessment, no configuration selection"
2014-01-02,net_cashflows,USD,0.95,4096,16384,0.0033311898778860694,0.004729096301972816,0.003331354433935227,0.004730965013637456,1.6455604915765337e-07,1.8687116646399007e-06,4066935584,"Prespecified first/middle/last annual origins; numerical assessment, no configuration selection"
2014-01-02,net_cashflows,USD,0.99,4096,16384,0.00549956053323711,0.007189112723433222,0.005500782541386623,0.007196794099709906,1.2220081495126905e-06,7.681376276684124e-06,4066935584,"Prespecified first/middle/last annual origins; numerical assessment, no configuration selection"
2014-07-03,net_cashflows,USD,0.95,4096,16384,0.0022456656637286922,0.0031887649001565966,0.0022457773517091826,0.0031900103790504053,1.1168798049040682e-07,1.245478893808702e-06,4066935584,"Prespecified first/middle/last annual origins; numerical assessment, no configuration selection"
2014-07-03,net_cashflows,USD,0.99,4096,16384,0.0037085750006752584,0.00484834903569479,0.003709399098946183,0.004853451949260706,8.240982709243477e-07,5.1029135659155095e-06,4066935584,"Prespecified first/middle/last annual origins; numerical assessment, no configuration selection"
2014-12-31,net_cashflows,USD,0.95,4096,16384,0.004357888824385567,0.00618591638444045,0.004358103562898084,0.006188370259623484,2.147385125177495e-07,2.4538751830340336e-06,4066935584,"Prespecified first/middle/last annual origins; numerical assessment, no configuration selection"
2014-12-31,net_cashflows,USD,0.99,4096,16384,0.007193433758967511,0.009402901015289959,0.0071950319207581435,0.009412998897889558,1.5981617906323312e-06,1.0097882599599886e-05,4066935584,"Prespecified first/middle/last annual origins; numerical assessment, no configuration selection"
2015-01-02,net_cashflows,USD,0.95,4096,16384,0.004294347049189831,0.006181621986415311,0.004294051718523017,0.006180369786647083,-2.953306668133579e-07,-1.2521997682281988e-06,2392514194,"Prespecified first/middle/last annual origins; numerical assessment, no configuration selection"
2015-01-02,net_cashflows,USD,0.99,4096,16384,0.007207934389806411,0.009545775193667925,0.007206525939400294,0.009541906617790596,-1.4084504061174022e-06,-3.8685758773290835e-06,2392514194,"Prespecified first/middle/last annual origins; numerical assessment, no configuration selection"
2015-07-06,net_cashflows,USD,0.95,4096,16384,0.0035039888131740806,0.005048556606732721,0.0035037472766614747,0.005047535195689906,-2.4153651260582637e-07,-1.0214110428155912e-06,2392514194,"Prespecified first/middle/last annual origins; numerical assessment, no configuration selection"
2015-07-06,net_cashflows,USD,0.99,4096,16384,0.005888512759062594,0.007801780893572478,0.005887362860513894,0.007798628833108654,-1.1498985487004912e-06,-3.1520604638233737e-06,2392514194,"Prespecified first/middle/last annual origins; numerical assessment, no configuration selection"
2015-12-31,net_cashflows,USD,0.95,4096,16384,0.003005385465081481,0.0043337433460950035,0.003005177892928986,0.004332868038559481,-2.07572152494985e-07,-8.753075355222295e-07,2392514194,"Prespecified first/middle/last annual origins; numerical assessment, no configuration selection"
2015-12-31,net_cashflows,USD,0.99,4096,16384,0.005056130958017189,0.006701534361713582,0.005055144596686974,0.0066988363938010505,-9.86361330214576e-07,-2.697967912531664e-06,2392514194,"Prespecified first/middle/last annual origins; numerical assessment, no configuration selection"
2016-01-04,net_cashflows,USD,0.95,4096,16384,0.003059521284418023,0.004534898641203223,0.0030586451060218315,0.004529656534042835,-8.761783961913974e-07,-5.242107160388122e-06,1644040741,"Prespecified first/middle/last annual origins; numerical assessment, no configuration selection"
2016-01-04,net_cashflows,USD,0.99,4096,16384,0.005310920528960037,0.00723984661128866,0.005305891467840205,0.007221399896301528,-5.029061119831563e-06,-1.8446714987132087e-05,1644040741,"Prespecified first/middle/last annual origins; numerical assessment, no configuration selection"
2016-07-04,net_cashflows,USD,0.95,4096,16384,0.005571319847314554,0.00821893307197289,0.005569746563323204,0.008209380776627058,-1.573283991350774e-06,-9.552295345832337e-06,1644040741,"Prespecified first/middle/last annual origins; numerical assessment, no configuration selection"
2016-07-04,net_cashflows,USD,0.99,4096,16384,0.009611261978771669,0.013073703640257207,0.00960216252846796,0.01303993620444979,-9.099450303709511e-06,-3.3767435807416715e-05,1644040741,"Prespecified first/middle/last annual origins; numerical assessment, no configuration selection"
2016-12-30,net_cashflows,USD,0.95,4096,16384,0.004065412738432689,0.006010277153295365,0.004064257292895646,0.006003301155938224,-1.1554455370431024e-06,-6.975997357140662e-06,1644040741,"Prespecified first/middle/last annual origins; numerical assessment, no configuration selection"
2016-12-30,net_cashflows,USD,0.99,4096,16384,0.007033119856325482,0.009576274350262495,0.00702645649937835,0.00955165689627084,-6.663356947132076e-06,-2.4617453991656116e-05,1644040741,"Prespecified first/middle/last annual origins; numerical assessment, no configuration selection"
2017-01-02,net_cashflows,USD,0.95,4096,16384,0.0041624919731525776,0.006243818177117158,0.004163090989308795,0.006246980591012656,5.990161562174218e-07,3.1624138954987335e-06,1256507981,"Prespecified first/middle/last annual origins; numerical assessment, no configuration selection"
2017-01-02,net_cashflows,USD,0.99,4096,16384,0.007322209954846336,0.010108456193505781,0.007325364587127267,0.010119192268669763,3.1546322809307414e-06,1.0736075163981715e-05,1256507981,"Prespecified first/middle/last annual origins; numerical assessment, no configuration selection"
2017-07-03,net_cashflows,USD,0.95,4096,16384,0.0031215145933969225,0.004699117152743745,0.003121968242039556,0.00470150381862882,4.5364864263361393e-07,2.3866658850754327e-06,1256507981,"Prespecified first/middle/last annual origins; numerical assessment, no configuration selection"
2017-07-03,net_cashflows,USD,0.99,4096,16384,0.005516519885738472,0.007628411765034481,0.005518904423398304,0.007636504550552432,2.384537659831827e-06,8.092785517951374e-06,1256507981,"Prespecified first/middle/last annual origins; numerical assessment, no configuration selection"
2017-12-29,net_cashflows,USD,0.95,4096,16384,0.0027775809201981932,0.004188750413021436,0.002777986500791926,0.00419087983088903,4.0558059373257613e-07,2.1294178675938455e-06,1256507981,"Prespecified first/middle/last annual origins; numerical assessment, no configuration selection"
2017-12-29,net_cashflows,USD,0.99,4096,16384,0.004919921257918183,0.006809000538413463,0.004922050743257783,0.006816215932069662,2.129485339600126e-06,7.215393656199304e-06,1256507981,"Prespecified first/middle/last annual origins; numerical assessment, no configuration selection"
