horizon,tau,book,report,n_dates,units,not_causal_effect,contrast,block,delta,point_low,point_high,simultaneous_low,simultaneous_high,family_size,critical
1,0.94999999999999996,unfinanced_treasury,EUR,2046,daily ES difference divided by same-date nativeEUR ES,True,EUR minus USD,20,-0.028501783603035683,-0.04396961038672368,-0.013508019849528612,-0.048733773927959988,-0.0082697932781113787,10,2.614220412747438
1,0.94999999999999996,unfinanced_treasury,EUR,2046,daily ES difference divided by same-date nativeEUR ES,True,EUR minus GBP,20,-0.017047037638732117,-0.04162012572555434,0.0054058131503683928,-0.047891795653483706,0.013797720376019472,10,2.614220412747438
1,0.94999999999999996,unfinanced_treasury,EUR,2046,daily ES difference divided by same-date nativeEUR ES,True,EUR minus JPY,20,-0.095028523691231284,-0.13552928284867793,-0.06092092290357902,-0.14513631111330333,-0.044920736269159232,10,2.614220412747438
1,0.94999999999999996,unfinanced_treasury,EUR,2046,daily ES difference divided by same-date nativeEUR ES,True,EUR minus CHF,20,-0.043221172925126332,-0.066092988627768662,-0.021168547250021843,-0.073078445390020327,-0.013363900460232333,10,2.614220412747438
1,0.94999999999999996,unfinanced_treasury,EUR,2046,daily ES difference divided by same-date nativeEUR ES,True,USD minus GBP,20,0.011454745964303525,-0.024775977934941865,0.046254958481023144,-0.035402183191836994,0.058311675120444051,10,2.614220412747438
1,0.94999999999999996,unfinanced_treasury,EUR,2046,daily ES difference divided by same-date nativeEUR ES,True,USD minus JPY,20,-0.066526740088195604,-0.098553662966506445,-0.039003294114260539,-0.10623364922968873,-0.026819830946702476,10,2.614220412747438
1,0.94999999999999996,unfinanced_treasury,EUR,2046,daily ES difference divided by same-date nativeEUR ES,True,USD minus CHF,20,-0.014719389322090604,-0.043937558721768993,0.013824892739687818,-0.053676214970339746,0.024237436326158539,10,2.614220412747438
1,0.94999999999999996,unfinanced_treasury,EUR,2046,daily ES difference divided by same-date nativeEUR ES,True,GBP minus JPY,20,-0.077981486052499036,-0.12282625123997395,-0.037569126534687677,-0.13445341390141763,-0.021509558203580449,10,2.614220412747438
1,0.94999999999999996,unfinanced_treasury,EUR,2046,daily ES difference divided by same-date nativeEUR ES,True,GBP minus CHF,20,-0.026174135286394236,-0.04534280373405615,-0.007811835215147985,-0.050917785994172376,-0.0014304845786160987,10,2.614220412747438
1,0.94999999999999996,unfinanced_treasury,EUR,2046,daily ES difference divided by same-date nativeEUR ES,True,JPY minus CHF,20,0.051807350766104827,0.017792561230069542,0.088560872486306813,0.0045512399335055284,0.099063461598704133,10,2.614220412747438
1,0.94999999999999996,unfinanced_treasury,EUR,2046,daily ES difference divided by same-date nativeEUR ES,True,EUR minus USD,60,-0.028501783603035683,-0.05287924065335424,-0.004922177713128,-0.059753352264399637,0.0027497850583282739,10,2.5626439564894956
1,0.94999999999999996,unfinanced_treasury,EUR,2046,daily ES difference divided by same-date nativeEUR ES,True,EUR minus GBP,60,-0.017047037638732117,-0.05543245068396184,0.019159657079565372,-0.065841251219572863,0.03174717594210863,10,2.5626439564894956
1,0.94999999999999996,unfinanced_treasury,EUR,2046,daily ES difference divided by same-date nativeEUR ES,True,EUR minus JPY,60,-0.095028523691231284,-0.15544568011746379,-0.048113159397874569,-0.16530154069527297,-0.02475550668718958,10,2.5626439564894956
1,0.94999999999999996,unfinanced_treasury,EUR,2046,daily ES difference divided by same-date nativeEUR ES,True,EUR minus CHF,60,-0.043221172925126332,-0.07830731411094119,-0.010901866777514386,-0.088174471269581445,0.0017321254193287811,10,2.5626439564894956
1,0.94999999999999996,unfinanced_treasury,EUR,2046,daily ES difference divided by same-date nativeEUR ES,True,USD minus GBP,60,0.011454745964303525,-0.047107877887687825,0.066833172413036379,-0.063634776052695394,0.08654426798130245,10,2.5626439564894956
1,0.94999999999999996,unfinanced_treasury,EUR,2046,daily ES difference divided by same-date nativeEUR ES,True,USD minus JPY,60,-0.066526740088195604,-0.11484736906388955,-0.0294454508420516,-0.12225528287371468,-0.010798197302676532,10,2.5626439564894956
1,0.94999999999999996,unfinanced_treasury,EUR,2046,daily ES difference divided by same-date nativeEUR ES,True,USD minus CHF,60,-0.014719389322090604,-0.062824453485580259,0.031416217965362883,-0.076568008971692927,0.04712923032751172,10,2.5626439564894956
1,0.94999999999999996,unfinanced_treasury,EUR,2046,daily ES difference divided by same-date nativeEUR ES,True,GBP minus JPY,60,-0.077981486052499036,-0.1458427554623935,-0.016075021570530586,-0.16306809767742636,0.0071051255724282752,10,2.5626439564894956
1,0.94999999999999996,unfinanced_treasury,EUR,2046,daily ES difference divided by same-date nativeEUR ES,True,GBP minus CHF,60,-0.026174135286394236,-0.052089273014353919,0.0004100331946108304,-0.060348549188016437,0.0080002786152279654,10,2.5626439564894956
1,0.94999999999999996,unfinanced_treasury,EUR,2046,daily ES difference divided by same-date nativeEUR ES,True,JPY minus CHF,60,0.051807350766104827,0.0020496987012161489,0.10720509365268253,-0.016279477710003841,0.11989417924221349,10,2.5626439564894956
1,0.94999999999999996,unfinanced_treasury,EUR,2046,daily ES difference divided by same-date nativeEUR ES,True,EUR minus USD,120,-0.028501783603035683,-0.060418968350718236,0.0024901343128146359,-0.069350245688299242,0.012346678482227872,10,2.5692635343096786
1,0.94999999999999996,unfinanced_treasury,EUR,2046,daily ES difference divided by same-date nativeEUR ES,True,EUR minus GBP,120,-0.017047037638732117,-0.067667824433166893,0.030239609770203995,-0.081180766111413949,0.047086690833949708,10,2.5692635343096786
1,0.94999999999999996,unfinanced_treasury,EUR,2046,daily ES difference divided by same-date nativeEUR ES,True,EUR minus JPY,120,-0.095028523691231284,-0.16656877647994769,-0.038495089975408008,-0.17976277540545038,-0.010294271977012187,10,2.5692635343096786
1,0.94999999999999996,unfinanced_treasury,EUR,2046,daily ES difference divided by same-date nativeEUR ES,True,EUR minus CHF,120,-0.043221172925126332,-0.087282742897656432,-0.0033405778555021053,-0.099077993045689747,0.012635647195437083,10,2.5692635343096786
1,0.94999999999999996,unfinanced_treasury,EUR,2046,daily ES difference divided by same-date nativeEUR ES,True,USD minus GBP,120,0.011454745964303525,-0.066751358734945657,0.085040084360602397,-0.088171495143641518,0.11108098707224857,10,2.5692635343096786
1,0.94999999999999996,unfinanced_treasury,EUR,2046,daily ES difference divided by same-date nativeEUR ES,True,USD minus JPY,120,-0.066526740088195604,-0.12232016251185428,-0.020567943754464229,-0.13323018525842473,0.00017670508203350421,10,2.5692635343096786
1,0.94999999999999996,unfinanced_treasury,EUR,2046,daily ES difference divided by same-date nativeEUR ES,True,USD minus CHF,120,-0.014719389322090604,-0.078083942120975816,0.045761769833166731,-0.096440240174256911,0.067001461530075704,10,2.5692635343096786
1,0.94999999999999996,unfinanced_treasury,EUR,2046,daily ES difference divided by same-date nativeEUR ES,True,GBP minus JPY,120,-0.077981486052499036,-0.16545154117822361,0.00075232947158583238,-0.18668039484767376,0.030717422742675693,10,2.5692635343096786
1,0.94999999999999996,unfinanced_treasury,EUR,2046,daily ES difference divided by same-date nativeEUR ES,True,GBP minus CHF,120,-0.026174135286394236,-0.054469477082793372,0.005237321908554771,-0.06563793914039906,0.013289668567610588,10,2.5692635343096786
1,0.94999999999999996,unfinanced_treasury,EUR,2046,daily ES difference divided by same-date nativeEUR ES,True,JPY minus CHF,120,0.051807350766104827,-0.011603241354705765,0.12267068427273674,-0.035696248754904368,0.13931095028711402,10,2.5692635343096786
1,0.94999999999999996,unfinanced_treasury,USD,2046,daily ES difference divided by same-date nativeEUR ES,True,EUR minus USD,20,-0.0096114560301045256,-0.024598539741365267,0.0063659767652072523,-0.03036752519388719,0.011144613133678137,10,2.6102883499400842
1,0.94999999999999996,unfinanced_treasury,USD,2046,daily ES difference divided by same-date nativeEUR ES,True,EUR minus GBP,20,0.039035837748915128,0.023717875732495633,0.055040424608344726,0.018050269168293807,0.060021406329536453,10,2.6102883499400842
1,0.94999999999999996,unfinanced_treasury,USD,2046,daily ES difference divided by same-date nativeEUR ES,True,EUR minus JPY,20,0.040844000563949344,0.020494077165960467,0.061372348964678539,0.013231122542381395,0.0684568785855173,10,2.6102883499400842
1,0.94999999999999996,unfinanced_treasury,USD,2046,daily ES difference divided by same-date nativeEUR ES,True,EUR minus CHF,20,-0.0025476381309919699,-0.01881463526219369,0.013817225349550483,-0.024418091400768196,0.019322815138784259,10,2.6102883499400842
1,0.94999999999999996,unfinanced_treasury,USD,2046,daily ES difference divided by same-date nativeEUR ES,True,USD minus GBP,20,0.048647293779019635,0.036499251305718024,0.061270037081996839,0.032034485996470255,0.065260101561569014,10,2.6102883499400842
1,0.94999999999999996,unfinanced_treasury,USD,2046,daily ES difference divided by same-date nativeEUR ES,True,USD minus JPY,20,0.050455456594053753,0.031503496525593984,0.069675559538130122,0.024885804684827758,0.076025108503279745,10,2.6102883499400842
1,0.94999999999999996,unfinanced_treasury,USD,2046,daily ES difference divided by same-date nativeEUR ES,True,USD minus CHF,20,0.0070638178991125527,-0.010354298605261122,0.024757263119713161,-0.016644654799599715,0.030772290597824818,10,2.6102883499400842
1,0.94999999999999996,unfinanced_treasury,USD,2046,daily ES difference divided by same-date nativeEUR ES,True,GBP minus JPY,20,0.0018081628150341919,-0.006947506980695301,0.010328781885502672,-0.0096103203810022735,0.013226646011070656,10,2.6102883499400842
1,0.94999999999999996,unfinanced_treasury,USD,2046,daily ES difference divided by same-date nativeEUR ES,True,GBP minus CHF,20,-0.041583475879907017,-0.05364052782733203,-0.029992126690492994,-0.057244525298644197,-0.025922426461169837,10,2.6102883499400842
1,0.94999999999999996,unfinanced_treasury,USD,2046,daily ES difference divided by same-date nativeEUR ES,True,JPY minus CHF,20,-0.043391638694941281,-0.060166234293695803,-0.026334497623936377,-0.065913595649557732,-0.020869681740324834,10,2.6102883499400842
1,0.94999999999999996,unfinanced_treasury,USD,2046,daily ES difference divided by same-date nativeEUR ES,True,EUR minus USD,60,-0.0096114560301045256,-0.029916502052564034,0.010624289457010782,-0.036666730324864609,0.017443818264655561,10,2.5908767538291224
1,0.94999999999999996,unfinanced_treasury,USD,2046,daily ES difference divided by same-date nativeEUR ES,True,EUR minus GBP,60,0.039035837748915128,0.017134335719166248,0.062670409513737507,0.009282935727224037,0.068788739770606219,10,2.5908767538291224
1,0.94999999999999996,unfinanced_treasury,USD,2046,daily ES difference divided by same-date nativeEUR ES,True,EUR minus JPY,60,0.040844000563949344,0.012467913585243087,0.070765007106544736,0.0021489339971179355,0.079539067130780752,10,2.5908767538291224
1,0.94999999999999996,unfinanced_treasury,USD,2046,daily ES difference divided by same-date nativeEUR ES,True,EUR minus CHF,60,-0.0025476381309919699,-0.027605012804298144,0.022414725267463523,-0.035329408941972638,0.030234132679988698,10,2.5908767538291224
1,0.94999999999999996,unfinanced_treasury,USD,2046,daily ES difference divided by same-date nativeEUR ES,True,USD minus GBP,60,0.048647293779019635,0.031196728962068338,0.067478025876866493,0.024610190282310842,0.072684397275728424,10,2.5908767538291224
1,0.94999999999999996,unfinanced_treasury,USD,2046,daily ES difference divided by same-date nativeEUR ES,True,USD minus JPY,60,0.050455456594053753,0.024312983732571167,0.078187190667757728,0.014909607484037413,0.086001305704070094,10,2.5908767538291224
1,0.94999999999999996,unfinanced_treasury,USD,2046,daily ES difference divided by same-date nativeEUR ES,True,USD minus CHF,60,0.0070638178991125527,-0.017810535283323659,0.031894711937819877,-0.025801618087633638,0.039929253885858745,10,2.5908767538291224
1,0.94999999999999996,unfinanced_treasury,USD,2046,daily ES difference divided by same-date nativeEUR ES,True,GBP minus JPY,60,0.0018081628150341919,-0.0098333060413421068,0.013321248105475249,-0.013359255735410481,0.016975581365478866,10,2.5908767538291224
1,0.94999999999999996,unfinanced_treasury,USD,2046,daily ES difference divided by same-date nativeEUR ES,True,GBP minus CHF,60,-0.041583475879907017,-0.057131259753624465,-0.026277033437533921,-0.061991525878103082,-0.021175425881710952,10,2.5908767538291224
1,0.94999999999999996,unfinanced_treasury,USD,2046,daily ES difference divided by same-date nativeEUR ES,True,JPY minus CHF,60,-0.043391638694941281,-0.065571495123898704,-0.021218111186560702,-0.072419321299861852,-0.014363956090020707,10,2.5908767538291224
1,0.94999999999999996,unfinanced_treasury,USD,2046,daily ES difference divided by same-date nativeEUR ES,True,EUR minus USD,120,-0.0096114560301045256,-0.032958570536391063,0.013526669483179666,-0.041059343217053935,0.021836431156844881,10,2.617113963904635
1,0.94999999999999996,unfinanced_treasury,USD,2046,daily ES difference divided by same-date nativeEUR ES,True,EUR minus GBP,120,0.039035837748915128,0.011903876569921593,0.068706453401823367,0.0011191430300337354,0.076952532467796514,10,2.617113963904635
1,0.94999999999999996,unfinanced_treasury,USD,2046,daily ES difference divided by same-date nativeEUR ES,True,EUR minus JPY,120,0.040844000563949344,0.0053255996950500352,0.078724732956189092,-0.0086322511736651383,0.090320252301563819,10,2.617113963904635
1,0.94999999999999996,unfinanced_treasury,USD,2046,daily ES difference divided by same-date nativeEUR ES,True,EUR minus CHF,120,-0.0025476381309919699,-0.034654787370830623,0.028288200799525889,-0.044874824599440283,0.039779548337456339,10,2.617113963904635
1,0.94999999999999996,unfinanced_treasury,USD,2046,daily ES difference divided by same-date nativeEUR ES,True,USD minus GBP,120,0.048647293779019635,0.027350577209615506,0.071998470740464129,0.01833925773072374,0.078955329827315526,10,2.617113963904635
1,0.94999999999999996,unfinanced_treasury,USD,2046,daily ES difference divided by same-date nativeEUR ES,True,USD minus JPY,120,0.050455456594053753,0.019212505586016518,0.083631873168414722,0.0063451604409410223,0.094565752747166484,10,2.617113963904635
1,0.94999999999999996,unfinanced_treasury,USD,2046,daily ES difference divided by same-date nativeEUR ES,True,USD minus CHF,120,0.0070638178991125527,-0.021722566605741952,0.035789655910331154,-0.031557470930922517,0.045685106729147627,10,2.617113963904635
1,0.94999999999999996,unfinanced_treasury,USD,2046,daily ES difference divided by same-date nativeEUR ES,True,GBP minus JPY,120,0.0018081628150341919,-0.011891241173053232,0.015455374348375404,-0.016525109271532678,0.020141434901601061,10,2.617113963904635
1,0.94999999999999996,unfinanced_treasury,USD,2046,daily ES difference divided by same-date nativeEUR ES,True,GBP minus CHF,120,-0.041583475879907017,-0.059160914828835454,-0.024659106251333402,-0.064557073189459233,-0.018609878570354798,10,2.617113963904635
1,0.94999999999999996,unfinanced_treasury,USD,2046,daily ES difference divided by same-date nativeEUR ES,True,JPY minus CHF,120,-0.043391638694941281,-0.068583861596557563,-0.017959327473297402,-0.076810867341523356,-0.0099724100483592065,10,2.617113963904635
1,0.98999999999999999,unfinanced_treasury,EUR,2046,daily ES difference divided by same-date nativeEUR ES,True,EUR minus USD,20,-0.015011254564934523,-0.028209444194509103,-0.0019142361464788069,-0.032460139651302573,0.0024376305214335262,10,2.591682534747938
1,0.98999999999999999,unfinanced_treasury,EUR,2046,daily ES difference divided by same-date nativeEUR ES,True,EUR minus GBP,20,-0.013817436884530389,-0.042906252756483652,0.013418740792448836,-0.050504525154059725,0.022869651384998947,10,2.591682534747938
1,0.98999999999999999,unfinanced_treasury,EUR,2046,daily ES difference divided by same-date nativeEUR ES,True,EUR minus JPY,20,-0.10012878765287216,-0.13601761990840566,-0.069363780822147794,-0.14428217891675271,-0.055975396388991586,10,2.591682534747938
1,0.98999999999999999,unfinanced_treasury,EUR,2046,daily ES difference divided by same-date nativeEUR ES,True,EUR minus CHF,20,-0.10593724002750034,-0.13956197829728706,-0.07339214364646969,-0.15004541605698041,-0.06182906399802026,10,2.591682534747938
1,0.98999999999999999,unfinanced_treasury,EUR,2046,daily ES difference divided by same-date nativeEUR ES,True,USD minus GBP,20,0.0011938176804042191,-0.039487279548941788,0.039442280913684499,-0.050551751566368194,0.052939386927176632,10,2.591682534747938
1,0.98999999999999999,unfinanced_treasury,EUR,2046,daily ES difference divided by same-date nativeEUR ES,True,USD minus JPY,20,-0.085117533087937611,-0.11604038376730146,-0.057208601166147011,-0.1240086982842413,-0.046226367891633917,10,2.591682534747938
1,0.98999999999999999,unfinanced_treasury,EUR,2046,daily ES difference divided by same-date nativeEUR ES,True,USD minus CHF,20,-0.090925985462565723,-0.13216400397477815,-0.050973032638801055,-0.14485000664549275,-0.037001964279638686,10,2.591682534747938
1,0.98999999999999999,unfinanced_treasury,EUR,2046,daily ES difference divided by same-date nativeEUR ES,True,GBP minus JPY,20,-0.086311350768341719,-0.13079970642486455,-0.04527947109007447,-0.14274112771293224,-0.029881573823751201,10,2.591682534747938
1,0.98999999999999999,unfinanced_treasury,EUR,2046,daily ES difference divided by same-date nativeEUR ES,True,GBP minus CHF,20,-0.092119803142969858,-0.11698359887059713,-0.068891056443026219,-0.12346928539118052,-0.060770320894759193,10,2.591682534747938
1,0.98999999999999999,unfinanced_treasury,EUR,2046,daily ES difference divided by same-date nativeEUR ES,True,JPY minus CHF,20,-0.0058084523746282221,-0.044480657532085452,0.034699722660844444,-0.05838521837938368,0.046768313630127234,10,2.591682534747938
1,0.98999999999999999,unfinanced_treasury,EUR,2046,daily ES difference divided by same-date nativeEUR ES,True,EUR minus USD,60,-0.015011254564934523,-0.03573979369065735,0.0059440773114772813,-0.042562170235478911,0.012539661105609867,10,2.5758732056428641
1,0.98999999999999999,unfinanced_treasury,EUR,2046,daily ES difference divided by same-date nativeEUR ES,True,EUR minus GBP,60,-0.013817436884530389,-0.062089671638627622,0.031221902862458416,-0.074368643498472053,0.046733769729411283,10,2.5758732056428641
1,0.98999999999999999,unfinanced_treasury,EUR,2046,daily ES difference divided by same-date nativeEUR ES,True,EUR minus JPY,60,-0.10012878765287216,-0.1543093136455958,-0.0572954219962152,-0.16387317278263155,-0.036384402523112758,10,2.5758732056428641
1,0.98999999999999999,unfinanced_treasury,EUR,2046,daily ES difference divided by same-date nativeEUR ES,True,EUR minus CHF,60,-0.10593724002750034,-0.16298394869721014,-0.051336710929558702,-0.17950000111693443,-0.032374478938066262,10,2.5758732056428641
1,0.98999999999999999,unfinanced_treasury,EUR,2046,daily ES difference divided by same-date nativeEUR ES,True,USD minus GBP,60,0.0011938176804042191,-0.066116126042558579,0.064112986442594236,-0.084201115062047222,0.086588750422855659,10,2.5758732056428641
1,0.98999999999999999,unfinanced_treasury,EUR,2046,daily ES difference divided by same-date nativeEUR ES,True,USD minus JPY,60,-0.085117533087937611,-0.13299391959388634,-0.046277234525142853,-0.14225610181048393,-0.027978964365391289,10,2.5758732056428641
1,0.98999999999999999,unfinanced_treasury,EUR,2046,daily ES difference divided by same-date nativeEUR ES,True,USD minus CHF,60,-0.090925985462565723,-0.16215674964182827,-0.023513043094701553,-0.18171510959873516,-0.00013686132639628701,10,2.5758732056428641
1,0.98999999999999999,unfinanced_treasury,EUR,2046,daily ES difference divided by same-date nativeEUR ES,True,GBP minus JPY,60,-0.086311350768341719,-0.15739572525026549,-0.022714776576776303,-0.17449212374584938,0.001869422209165944,10,2.5758732056428641
1,0.98999999999999999,unfinanced_treasury,EUR,2046,daily ES difference divided by same-date nativeEUR ES,True,GBP minus CHF,60,-0.092119803142969858,-0.12820417674872209,-0.055369812550699407,-0.14022201068925438,-0.044017595596685333,10,2.5758732056428641
1,0.98999999999999999,unfinanced_treasury,EUR,2046,daily ES difference divided by same-date nativeEUR ES,True,JPY minus CHF,60,-0.0058084523746282221,-0.06872636840881724,0.056928840647813797,-0.087847593356757223,0.076230688607500777,10,2.5758732056428641
1,0.98999999999999999,unfinanced_treasury,EUR,2046,daily ES difference divided by same-date nativeEUR ES,True,EUR minus USD,120,-0.015011254564934523,-0.042390362205722107,0.011755485583646233,-0.050485489898348147,0.020462980768479098,10,2.5548899484550565
1,0.98999999999999999,unfinanced_treasury,EUR,2046,daily ES difference divided by same-date nativeEUR ES,True,EUR minus GBP,120,-0.013817436884530389,-0.079502593319536088,0.04484202412790228,-0.094130641149739708,0.066495767380678944,10,2.5548899484550565
1,0.98999999999999999,unfinanced_treasury,EUR,2046,daily ES difference divided by same-date nativeEUR ES,True,EUR minus JPY,120,-0.10012878765287216,-0.16408736495547399,-0.047426056746667916,-0.17659715447136212,-0.02366042083438219,10,2.5548899484550565
1,0.98999999999999999,unfinanced_treasury,EUR,2046,daily ES difference divided by same-date nativeEUR ES,True,EUR minus CHF,120,-0.10593724002750034,-0.18479517751256844,-0.034650920780926499,-0.20376210216496451,-0.0081123778900361598,10,2.5548899484550565
1,0.98999999999999999,unfinanced_treasury,EUR,2046,daily ES difference divided by same-date nativeEUR ES,True,USD minus GBP,120,0.0011938176804042191,-0.088381554945801813,0.085350744767202474,-0.11170436778494293,0.11409200314575137,10,2.5548899484550565
1,0.98999999999999999,unfinanced_treasury,EUR,2046,daily ES difference divided by same-date nativeEUR ES,True,USD minus JPY,120,-0.085117533087937611,-0.14082942202448698,-0.03583920975579951,-0.15427138554675884,-0.015963680629116364,10,2.5548899484550565
1,0.98999999999999999,unfinanced_treasury,EUR,2046,daily ES difference divided by same-date nativeEUR ES,True,USD minus CHF,120,-0.090925985462565723,-0.1882524893155556,-0.0031932241565431176,-0.21311789811717252,0.031265927192041063,10,2.5548899484550565
1,0.98999999999999999,unfinanced_treasury,EUR,2046,daily ES difference divided by same-date nativeEUR ES,True,GBP minus JPY,120,-0.086311350768341719,-0.17784298265414894,-0.0041583065190038343,-0.19887412753303424,0.026251425996350816,10,2.5548899484550565
1,0.98999999999999999,unfinanced_treasury,EUR,2046,daily ES difference divided by same-date nativeEUR ES,True,GBP minus CHF,120,-0.092119803142969858,-0.13714199432287194,-0.04697816680256852,-0.15097092098412074,-0.033268685301818979,10,2.5548899484550565
1,0.98999999999999999,unfinanced_treasury,EUR,2046,daily ES difference divided by same-date nativeEUR ES,True,JPY minus CHF,120,-0.0058084523746282221,-0.089373681499364921,0.076932071244212447,-0.11405106992132827,0.10243416517207182,10,2.5548899484550565
1,0.98999999999999999,unfinanced_treasury,USD,2046,daily ES difference divided by same-date nativeEUR ES,True,EUR minus USD,20,0.054401667130209962,0.039335284946634602,0.069668271497199091,0.034104462678621286,0.074698871581798637,10,2.6494687341482037
1,0.98999999999999999,unfinanced_treasury,USD,2046,daily ES difference divided by same-date nativeEUR ES,True,EUR minus GBP,20,0.14791449692932621,0.13382076667111467,0.16239220768702736,0.12844630219513931,0.16738269166351311,10,2.6494687341482037
1,0.98999999999999999,unfinanced_treasury,USD,2046,daily ES difference divided by same-date nativeEUR ES,True,EUR minus JPY,20,0.16798067601695971,0.14769298270501946,0.18769111323194418,0.14072376569181394,0.19523758634210547,10,2.6494687341482037
1,0.98999999999999999,unfinanced_treasury,USD,2046,daily ES difference divided by same-date nativeEUR ES,True,EUR minus CHF,20,0.016464628406212302,-0.0013460541027695806,0.034983676462231418,-0.008287582632766459,0.041216839445191063,10,2.6494687341482037
1,0.98999999999999999,unfinanced_treasury,USD,2046,daily ES difference divided by same-date nativeEUR ES,True,USD minus GBP,20,0.093512829799116043,0.0809741045270852,0.10676184565039083,0.076305321686486197,0.11072033791174589,10,2.6494687341482037
1,0.98999999999999999,unfinanced_treasury,USD,2046,daily ES difference divided by same-date nativeEUR ES,True,USD minus JPY,20,0.11357900888674992,0.095677504937285981,0.1319662280754455,0.089438571877866635,0.1377194458956332,10,2.6494687341482037
1,0.98999999999999999,unfinanced_treasury,USD,2046,daily ES difference divided by same-date nativeEUR ES,True,USD minus CHF,20,-0.037937038723997542,-0.057682424127386098,-0.017952102213488537,-0.064942015008426002,-0.010932062439569085,10,2.6494687341482037
1,0.98999999999999999,unfinanced_treasury,USD,2046,daily ES difference divided by same-date nativeEUR ES,True,GBP minus JPY,20,0.020066179087633536,0.0086717018500723549,0.031354657581661859,0.0047215685582381352,0.03541078961702894,10,2.6494687341482037
1,0.98999999999999999,unfinanced_treasury,USD,2046,daily ES difference divided by same-date nativeEUR ES,True,GBP minus CHF,20,-0.13144986852311416,-0.14624145318873685,-0.11668364727618799,-0.15136000779135436,-0.11153972925487396,10,2.6494687341482037
1,0.98999999999999999,unfinanced_treasury,USD,2046,daily ES difference divided by same-date nativeEUR ES,True,JPY minus CHF,20,-0.15151604761074736,-0.17289274180362185,-0.13059682218664842,-0.18024654623555222,-0.12278554898594249,10,2.6494687341482037
1,0.98999999999999999,unfinanced_treasury,USD,2046,daily ES difference divided by same-date nativeEUR ES,True,EUR minus USD,60,0.054401667130209962,0.033498558311683115,0.074531919762163348,0.026609923631885839,0.08219341062853408,10,2.6571486332675898
1,0.98999999999999999,unfinanced_treasury,USD,2046,daily ES difference divided by same-date nativeEUR ES,True,EUR minus GBP,60,0.14791449692932621,0.12782126879977512,0.1691619869710845,0.11992328956130903,0.17590570429734337,10,2.6571486332675898
1,0.98999999999999999,unfinanced_treasury,USD,2046,daily ES difference divided by same-date nativeEUR ES,True,EUR minus JPY,60,0.16798067601695971,0.13889343472923807,0.19736565248804866,0.1281856160699209,0.20777573596399851,10,2.6571486332675898
1,0.98999999999999999,unfinanced_treasury,USD,2046,daily ES difference divided by same-date nativeEUR ES,True,EUR minus CHF,60,0.016464628406212302,-0.013239388823462506,0.046344817459762183,-0.023827964495633271,0.056757221308057874,10,2.6571486332675898
1,0.98999999999999999,unfinanced_treasury,USD,2046,daily ES difference divided by same-date nativeEUR ES,True,USD minus GBP,60,0.093512829799116043,0.074797147966495114,0.11386396008037933,0.067176642258356706,0.11984901733987538,10,2.6571486332675898
1,0.98999999999999999,unfinanced_treasury,USD,2046,daily ES difference divided by same-date nativeEUR ES,True,USD minus JPY,60,0.11357900888674992,0.088491729839279581,0.13906869321421195,0.079188115757927224,0.14796990201557261,10,2.6571486332675898
1,0.98999999999999999,unfinanced_treasury,USD,2046,daily ES difference divided by same-date nativeEUR ES,True,USD minus CHF,60,-0.037937038723997542,-0.069176517902118997,-0.0072120144181266575,-0.080119108615265333,0.0042450311672702426,10,2.6571486332675898
1,0.98999999999999999,unfinanced_treasury,USD,2046,daily ES difference divided by same-date nativeEUR ES,True,GBP minus JPY,60,0.020066179087633536,0.0026622786165151216,0.037014687676031742,-0.0033543784876457448,0.04348673666291282,10,2.6571486332675898
1,0.98999999999999999,unfinanced_treasury,USD,2046,daily ES difference divided by same-date nativeEUR ES,True,GBP minus CHF,60,-0.13144986852311416,-0.15427835198753798,-0.10940539013682726,-0.16194502359853197,-0.10095471344769635,10,2.6571486332675898
1,0.98999999999999999,unfinanced_treasury,USD,2046,daily ES difference divided by same-date nativeEUR ES,True,JPY minus CHF,60,-0.15151604761074736,-0.18439916929118108,-0.11878206057580787,-0.19560869705295211,-0.1074233981685426,10,2.6571486332675898
1,0.98999999999999999,unfinanced_treasury,USD,2046,daily ES difference divided by same-date nativeEUR ES,True,EUR minus USD,120,0.054401667130209962,0.0291516332345584,0.078338643872142094,0.02187434730678782,0.086928986953632104,10,2.6076655668734623
1,0.98999999999999999,unfinanced_treasury,USD,2046,daily ES difference divided by same-date nativeEUR ES,True,EUR minus GBP,120,0.14791449692932621,0.12288352333245578,0.17446672940985003,0.11354112654597512,0.18228786731267729,10,2.6076655668734623
1,0.98999999999999999,unfinanced_treasury,USD,2046,daily ES difference divided by same-date nativeEUR ES,True,EUR minus JPY,120,0.16798067601695971,0.13106300838875987,0.20652950753596966,0.11769228245841627,0.21826906957550313,10,2.6076655668734623
1,0.98999999999999999,unfinanced_treasury,USD,2046,daily ES difference divided by same-date nativeEUR ES,True,EUR minus CHF,120,0.016464628406212302,-0.02299721694800488,0.055402878369995898,-0.036661352021910475,0.069590608834335071,10,2.6076655668734623
1,0.98999999999999999,unfinanced_treasury,USD,2046,daily ES difference divided by same-date nativeEUR ES,True,USD minus GBP,120,0.093512829799116043,0.070014501101990034,0.11942510567497394,0.059990627520176733,0.12703503207805536,10,2.6076655668734623
1,0.98999999999999999,unfinanced_treasury,USD,2046,daily ES difference divided by same-date nativeEUR ES,True,USD minus JPY,120,0.11357900888674992,0.083240919124352622,0.14577550638979925,0.071568604929739349,0.15558941284376049,10,2.6076655668734623
1,0.98999999999999999,unfinanced_treasury,USD,2046,daily ES difference divided by same-date nativeEUR ES,True,USD minus CHF,120,-0.037937038723997542,-0.078838384969931063,0.0019201979773498931,-0.092498183511517312,0.016624106063522236,10,2.6076655668734623
1,0.98999999999999999,unfinanced_treasury,USD,2046,daily ES difference divided by same-date nativeEUR ES,True,GBP minus JPY,120,0.020066179087633536,-0.0033301274425047533,0.042541810821284706,-0.010171388574570915,0.050303746749837987,10,2.6076655668734623
1,0.98999999999999999,unfinanced_treasury,USD,2046,daily ES difference divided by same-date nativeEUR ES,True,GBP minus CHF,120,-0.13144986852311416,-0.16119498348711581,-0.10220812120628013,-0.17108823256022662,-0.091811504486001699,10,2.6076655668734623
1,0.98999999999999999,unfinanced_treasury,USD,2046,daily ES difference divided by same-date nativeEUR ES,True,JPY minus CHF,120,-0.15151604761074736,-0.19611394957379483,-0.10918069331622984,-0.20935204587077405,-0.093680049350720662,10,2.6076655668734623
5,0.94999999999999996,unfinanced_treasury,EUR,2042,daily ES difference divided by same-date nativeEUR ES,True,EUR minus USD,20,-0.028252982169148254,-0.04619782402823705,-0.011104923349677446,-0.05131936532141633,-0.0051865990168801744,10,2.5924282775934562
5,0.94999999999999996,unfinanced_treasury,EUR,2042,daily ES difference divided by same-date nativeEUR ES,True,EUR minus GBP,20,-0.0015142949844458705,-0.030379718624204872,0.025371228089298942,-0.038094823128853594,0.035066233159961852,10,2.5924282775934562
5,0.94999999999999996,unfinanced_treasury,EUR,2042,daily ES difference divided by same-date nativeEUR ES,True,EUR minus JPY,20,-0.093044161448993162,-0.13556071828980418,-0.057565039299797088,-0.14441708054759964,-0.041671242350386682,10,2.5924282775934562
5,0.94999999999999996,unfinanced_treasury,EUR,2042,daily ES difference divided by same-date nativeEUR ES,True,EUR minus CHF,20,-0.026314425777714177,-0.050209598537388808,-0.003144427884231056,-0.057807628468928118,0.0051787769134997615,10,2.5924282775934562
5,0.94999999999999996,unfinanced_treasury,EUR,2042,daily ES difference divided by same-date nativeEUR ES,True,USD minus GBP,20,0.026738687184702372,-0.01655994671974673,0.068279446289845558,-0.028737062948702586,0.082214437318107333,10,2.5924282775934562
5,0.94999999999999996,unfinanced_treasury,EUR,2042,daily ES difference divided by same-date nativeEUR ES,True,USD minus JPY,20,-0.064791179279844929,-0.097783683509620148,-0.036320707491520929,-0.10558297624973059,-0.023999382309959273,10,2.5924282775934562
5,0.94999999999999996,unfinanced_treasury,EUR,2042,daily ES difference divided by same-date nativeEUR ES,True,USD minus CHF,20,0.0019385563914341636,-0.032305275857702369,0.035645578868705348,-0.042767688499437066,0.046644801282305394,10,2.5924282775934562
5,0.94999999999999996,unfinanced_treasury,EUR,2042,daily ES difference divided by same-date nativeEUR ES,True,GBP minus JPY,20,-0.091529866464547208,-0.14052746858040932,-0.046015534179804168,-0.15247396405244062,-0.030585768876653784,10,2.5924282775934562
5,0.94999999999999996,unfinanced_treasury,EUR,2042,daily ES difference divided by same-date nativeEUR ES,True,GBP minus CHF,20,-0.02480013079326818,-0.043755526873435334,-0.0058746986605717026,-0.049781263981823733,0.00018100239528737183,10,2.5924282775934562
5,0.94999999999999996,unfinanced_treasury,EUR,2042,daily ES difference divided by same-date nativeEUR ES,True,JPY minus CHF,20,0.066729735671279003,0.030763900497805717,0.10658544298034113,0.016687439560049075,0.11677203178250893,10,2.5924282775934562
5,0.94999999999999996,unfinanced_treasury,EUR,2042,daily ES difference divided by same-date nativeEUR ES,True,EUR minus USD,60,-0.028252982169148254,-0.056112920811745064,-0.00089721976064446201,-0.064503980113803289,0.0079980157755067879,10,2.5534655090912839
5,0.94999999999999996,unfinanced_treasury,EUR,2042,daily ES difference divided by same-date nativeEUR ES,True,EUR minus GBP,60,-0.0015142949844458705,-0.048726629286665733,0.042836478510629508,-0.061301879958171941,0.058273289989280198,10,2.5534655090912839
5,0.94999999999999996,unfinanced_treasury,EUR,2042,daily ES difference divided by same-date nativeEUR ES,True,EUR minus JPY,60,-0.093044161448993162,-0.15591449061184459,-0.04500676162727172,-0.16550596959141281,-0.020582353306573514,10,2.5534655090912839
5,0.94999999999999996,unfinanced_treasury,EUR,2042,daily ES difference divided by same-date nativeEUR ES,True,EUR minus CHF,60,-0.026314425777714177,-0.065387715780580433,0.010461656792409993,-0.075930292497172577,0.023301440941744227,10,2.5534655090912839
5,0.94999999999999996,unfinanced_treasury,EUR,2042,daily ES difference divided by same-date nativeEUR ES,True,USD minus GBP,60,0.026738687184702372,-0.045008843615648823,0.094633901036635687,-0.064395417398211238,0.11787279176761599,10,2.5534655090912839
5,0.94999999999999996,unfinanced_treasury,EUR,2042,daily ES difference divided by same-date nativeEUR ES,True,USD minus JPY,60,-0.064791179279844929,-0.11448760007887686,-0.024498916967999638,-0.1232591344890131,-0.0063232240706767653,10,2.5534655090912839
5,0.94999999999999996,unfinanced_treasury,EUR,2042,daily ES difference divided by same-date nativeEUR ES,True,USD minus CHF,60,0.0019385563914341636,-0.055703011213212056,0.056215422131993993,-0.071423031582377186,0.0753001443652455,10,2.5534655090912839
5,0.94999999999999996,unfinanced_treasury,EUR,2042,daily ES difference divided by same-date nativeEUR ES,True,GBP minus JPY,60,-0.091529866464547208,-0.16586629383590315,-0.022726695805111826,-0.18508508464450055,0.0020253517154061318,10,2.5534655090912839
5,0.94999999999999996,unfinanced_treasury,EUR,2042,daily ES difference divided by same-date nativeEUR ES,True,GBP minus CHF,60,-0.02480013079326818,-0.051424957661974545,0.0040767981978308571,-0.060756318914087545,0.011156057327551188,10,2.5534655090912839
5,0.94999999999999996,unfinanced_treasury,EUR,2042,daily ES difference divided by same-date nativeEUR ES,True,JPY minus CHF,60,0.066729735671279003,0.012064886736971986,0.12577691939162661,-0.0067093689875995788,0.14016884033015758,10,2.5534655090912839
5,0.94999999999999996,unfinanced_treasury,EUR,2042,daily ES difference divided by same-date nativeEUR ES,True,EUR minus USD,120,-0.028252982169148254,-0.064642981731341101,0.0078522457353033086,-0.075264581084365928,0.01875861674606942,10,2.5458023907407035
5,0.94999999999999996,unfinanced_treasury,EUR,2042,daily ES difference divided by same-date nativeEUR ES,True,EUR minus GBP,120,-0.0015142949844458705,-0.064667658935440284,0.057703589043591894,-0.080789427794013782,0.077760837825122039,10,2.5458023907407035
5,0.94999999999999996,unfinanced_treasury,EUR,2042,daily ES difference divided by same-date nativeEUR ES,True,EUR minus JPY,120,-0.093044161448993162,-0.16851369493575863,-0.034259864638084697,-0.18074785050520853,-0.0053404723927777814,10,2.5458023907407035
5,0.94999999999999996,unfinanced_treasury,EUR,2042,daily ES difference divided by same-date nativeEUR ES,True,EUR minus CHF,120,-0.026314425777714177,-0.076425847794985582,0.020128579832458089,-0.089820395681263848,0.037191544125835502,10,2.5458023907407035
5,0.94999999999999996,unfinanced_treasury,EUR,2042,daily ES difference divided by same-date nativeEUR ES,True,USD minus GBP,120,0.026738687184702372,-0.068902318214586727,0.11601690881190609,-0.094318431139904346,0.1477958055093091,10,2.5458023907407035
5,0.94999999999999996,unfinanced_treasury,EUR,2042,daily ES difference divided by same-date nativeEUR ES,True,USD minus JPY,120,-0.064791179279844929,-0.1237201885399941,-0.013383967166195058,-0.13658655862862651,0.0070042000689366363,10,2.5458023907407035
5,0.94999999999999996,unfinanced_treasury,EUR,2042,daily ES difference divided by same-date nativeEUR ES,True,USD minus CHF,120,0.0019385563914341636,-0.075431735178621645,0.07435088536608303,-0.096068395269206894,0.099945508052075208,10,2.5458023907407035
5,0.94999999999999996,unfinanced_treasury,EUR,2042,daily ES difference divided by same-date nativeEUR ES,True,GBP minus JPY,120,-0.091529866464547208,-0.18997646148590125,-0.0034494410388378693,-0.21134388930983924,0.028284156380744829,10,2.5458023907407035
5,0.94999999999999996,unfinanced_treasury,EUR,2042,daily ES difference divided by same-date nativeEUR ES,True,GBP minus CHF,120,-0.02480013079326818,-0.055911808788552002,0.0091037131640721164,-0.066868459189986754,0.017268197603450396,10,2.5458023907407035
5,0.94999999999999996,unfinanced_treasury,EUR,2042,daily ES difference divided by same-date nativeEUR ES,True,JPY minus CHF,120,0.066729735671279003,-0.0025727557107343602,0.1450860484270062,-0.027932305656715589,0.1613917769992736,10,2.5458023907407035
5,0.94999999999999996,unfinanced_treasury,USD,2042,daily ES difference divided by same-date nativeEUR ES,True,EUR minus USD,20,-0.052221247893050521,-0.06750690671666032,-0.03628990805897437,-0.072960452231756623,-0.031482043554344419,10,2.6037184056863767
5,0.94999999999999996,unfinanced_treasury,USD,2042,daily ES difference divided by same-date nativeEUR ES,True,EUR minus GBP,20,0.00028334447073210259,-0.014990187107788886,0.01604212617001053,-0.020375149963530202,0.02094183890499441,10,2.6037184056863767
5,0.94999999999999996,unfinanced_treasury,USD,2042,daily ES difference divided by same-date nativeEUR ES,True,EUR minus JPY,20,0.0037079662582680749,-0.01693996381047673,0.02434371057737298,-0.023880006268721422,0.03129593878525757,10,2.6037184056863767
5,0.94999999999999996,unfinanced_treasury,USD,2042,daily ES difference divided by same-date nativeEUR ES,True,EUR minus CHF,20,-0.032347868455180673,-0.049797309174728903,-0.014865460563795882,-0.055492063014619258,-0.0092036738957420872,10,2.6037184056863767
5,0.94999999999999996,unfinanced_treasury,USD,2042,daily ES difference divided by same-date nativeEUR ES,True,USD minus GBP,20,0.052504592363782597,0.04160473245539336,0.063817349966021106,0.037725531891713127,0.067283652835852067,10,2.6037184056863767
5,0.94999999999999996,unfinanced_treasury,USD,2042,daily ES difference divided by same-date nativeEUR ES,True,USD minus JPY,20,0.055929214151318747,0.037887283244661063,0.073794563671906843,0.032377290827764409,0.079481137474873093,10,2.6037184056863767
5,0.94999999999999996,unfinanced_treasury,USD,2042,daily ES difference divided by same-date nativeEUR ES,True,USD minus CHF,20,0.019873379437869803,0.0022624996781863437,0.0374672008550236,-0.0039061809085153484,0.043652939784254954,10,2.6037184056863767
5,0.94999999999999996,unfinanced_treasury,USD,2042,daily ES difference divided by same-date nativeEUR ES,True,GBP minus JPY,20,0.0034246217875360464,-0.0048343151514901525,0.011464657801375386,-0.0073552175506976791,0.014204461125769771,10,2.6037184056863767
5,0.94999999999999996,unfinanced_treasury,USD,2042,daily ES difference divided by same-date nativeEUR ES,True,GBP minus CHF,20,-0.032631212925912832,-0.044654273700785736,-0.021090220761434141,-0.048340248941340855,-0.016922176910484806,10,2.6037184056863767
5,0.94999999999999996,unfinanced_treasury,USD,2042,daily ES difference divided by same-date nativeEUR ES,True,JPY minus CHF,20,-0.036055834713448802,-0.052432464010603357,-0.019418215404203451,-0.058012580536058733,-0.014099088890838871,10,2.6037184056863767
5,0.94999999999999996,unfinanced_treasury,USD,2042,daily ES difference divided by same-date nativeEUR ES,True,EUR minus USD,60,-0.052221247893050521,-0.072973846676934323,-0.031757734786127902,-0.079683044055421787,-0.024759451730679255,10,2.5980125799479596
5,0.94999999999999996,unfinanced_treasury,USD,2042,daily ES difference divided by same-date nativeEUR ES,True,EUR minus GBP,60,0.00028334447073210259,-0.021891746666116929,0.022779874921951992,-0.029317295510152316,0.029883984451616524,10,2.5980125799479596
5,0.94999999999999996,unfinanced_treasury,USD,2042,daily ES difference divided by same-date nativeEUR ES,True,EUR minus JPY,60,0.0037079662582680749,-0.026443998357190888,0.033361587207832513,-0.035486148416707199,0.042902080933243346,10,2.5980125799479596
5,0.94999999999999996,unfinanced_treasury,USD,2042,daily ES difference divided by same-date nativeEUR ES,True,EUR minus CHF,60,-0.032347868455180673,-0.060110483748500781,-0.005776658575092717,-0.067978011311352338,0.0032822744009909921,10,2.5980125799479596
5,0.94999999999999996,unfinanced_treasury,USD,2042,daily ES difference divided by same-date nativeEUR ES,True,USD minus GBP,60,0.052504592363782597,0.037541892671862934,0.068396208473127523,0.031994103840323702,0.073015080887241485,10,2.5980125799479596
5,0.94999999999999996,unfinanced_treasury,USD,2042,daily ES difference divided by same-date nativeEUR ES,True,USD minus JPY,60,0.055929214151318747,0.032298455052876519,0.079833968762657026,0.024194939325944277,0.08766348897669321,10,2.5980125799479596
5,0.94999999999999996,unfinanced_treasury,USD,2042,daily ES difference divided by same-date nativeEUR ES,True,USD minus CHF,60,0.019873379437869803,-0.0057104649985921007,0.044609399861503821,-0.013900658114829854,0.053647416990569463,10,2.5980125799479596
5,0.94999999999999996,unfinanced_treasury,USD,2042,daily ES difference divided by same-date nativeEUR ES,True,GBP minus JPY,60,0.0034246217875360464,-0.0074616067971854739,0.014189187727971186,-0.010817630157923521,0.017666873732995615,10,2.5980125799479596
5,0.94999999999999996,unfinanced_treasury,USD,2042,daily ES difference divided by same-date nativeEUR ES,True,GBP minus CHF,60,-0.032631212925912832,-0.049822929755774334,-0.016776936155169005,-0.05436540285646415,-0.010897022995361515,10,2.5980125799479596
5,0.94999999999999996,unfinanced_treasury,USD,2042,daily ES difference divided by same-date nativeEUR ES,True,JPY minus CHF,60,-0.036055834713448802,-0.058713254920264475,-0.014319920965908658,-0.065270942381954827,-0.006840727044942773,10,2.5980125799479596
5,0.94999999999999996,unfinanced_treasury,USD,2042,daily ES difference divided by same-date nativeEUR ES,True,EUR minus USD,120,-0.052221247893050521,-0.076014884336273361,-0.028405673050247875,-0.083924605192938623,-0.020517890593162412,10,2.5682074689116736
5,0.94999999999999996,unfinanced_treasury,USD,2042,daily ES difference divided by same-date nativeEUR ES,True,EUR minus GBP,120,0.00028334447073210259,-0.027027793696595609,0.029134658910290014,-0.03646002092256917,0.037026709864033377,10,2.5682074689116736
5,0.94999999999999996,unfinanced_treasury,USD,2042,daily ES difference divided by same-date nativeEUR ES,True,EUR minus JPY,120,0.0037079662582680749,-0.031938296242404747,0.041752247941799187,-0.044793495323327645,0.052209427839863792,10,2.5682074689116736
5,0.94999999999999996,unfinanced_treasury,USD,2042,daily ES difference divided by same-date nativeEUR ES,True,EUR minus CHF,120,-0.032347868455180673,-0.067957091554829693,0.0013102939511425368,-0.077594653562131327,0.012898916651769975,10,2.5682074689116736
5,0.94999999999999996,unfinanced_treasury,USD,2042,daily ES difference divided by same-date nativeEUR ES,True,USD minus GBP,120,0.052504592363782597,0.035136116942480214,0.071349262605876762,0.028602353861556358,0.076406830866008829,10,2.5682074689116736
5,0.94999999999999996,unfinanced_treasury,USD,2042,daily ES difference divided by same-date nativeEUR ES,True,USD minus JPY,120,0.055929214151318747,0.029045969554560635,0.083964403008607941,0.019249569015473256,0.092608859287164239,10,2.5682074689116736
5,0.94999999999999996,unfinanced_treasury,USD,2042,daily ES difference divided by same-date nativeEUR ES,True,USD minus CHF,120,0.019873379437869803,-0.010657716158460171,0.048656820784729882,-0.01924020314498821,0.058986962020727812,10,2.5682074689116736
5,0.94999999999999996,unfinanced_treasury,USD,2042,daily ES difference divided by same-date nativeEUR ES,True,GBP minus JPY,120,0.0034246217875360464,-0.0092517182846803669,0.015846876110730643,-0.01306594898689524,0.019915192561967332,10,2.5682074689116736
5,0.94999999999999996,unfinanced_treasury,USD,2042,daily ES difference divided by same-date nativeEUR ES,True,GBP minus CHF,120,-0.032631212925912832,-0.052766411964005347,-0.014738211015000804,-0.057821661041139921,-0.0074407648106857467,10,2.5682074689116736
5,0.94999999999999996,unfinanced_treasury,USD,2042,daily ES difference divided by same-date nativeEUR ES,True,JPY minus CHF,120,-0.036055834713448802,-0.062342803958583506,-0.011078620841069805,-0.069619346078949568,-0.0024923233479480361,10,2.5682074689116736
5,0.98999999999999999,unfinanced_treasury,EUR,2042,daily ES difference divided by same-date nativeEUR ES,True,EUR minus USD,20,-0.044330117541938822,-0.063912871362897888,-0.025343387288339229,-0.069516653814311491,-0.019143581269566154,10,2.6084138183231493
5,0.98999999999999999,unfinanced_treasury,EUR,2042,daily ES difference divided by same-date nativeEUR ES,True,EUR minus GBP,20,0.030200948845895303,-0.004068250973752849,0.063099746785622315,-0.013881370189400104,0.074283267881190718,10,2.6084138183231493
5,0.98999999999999999,unfinanced_treasury,EUR,2042,daily ES difference divided by same-date nativeEUR ES,True,EUR minus JPY,20,-0.11320206746471689,-0.15378071385209138,-0.077793918631344328,-0.16464060833486166,-0.06176352659457212,10,2.6084138183231493
5,0.98999999999999999,unfinanced_treasury,EUR,2042,daily ES difference divided by same-date nativeEUR ES,True,EUR minus CHF,20,-0.098725506528041795,-0.13755619396200966,-0.060292298233981668,-0.15030268129910274,-0.047148331756980869,10,2.6084138183231493
5,0.98999999999999999,unfinanced_treasury,EUR,2042,daily ES difference divided by same-date nativeEUR ES,True,USD minus GBP,20,0.074531066387834174,0.024366776339207769,0.12258279959420633,0.009419840872956442,0.13964229190271191,10,2.6084138183231493
5,0.98999999999999999,unfinanced_treasury,EUR,2042,daily ES difference divided by same-date nativeEUR ES,True,USD minus JPY,20,-0.06887194992277805,-0.10394161360184223,-0.036846862678712275,-0.11385175051559948,-0.023892149329956612,10,2.6084138183231493
5,0.98999999999999999,unfinanced_treasury,EUR,2042,daily ES difference divided by same-date nativeEUR ES,True,USD minus CHF,20,-0.054395388986102945,-0.10452426125925528,-0.0050886640879315723,-0.12053123567501325,0.011740457702807371,10,2.6084138183231493
5,0.98999999999999999,unfinanced_treasury,EUR,2042,daily ES difference divided by same-date nativeEUR ES,True,GBP minus JPY,20,-0.14340301631061178,-0.19140382138590498,-0.097664014510228131,-0.20509403788817987,-0.081711994733043691,10,2.6084138183231493
5,0.98999999999999999,unfinanced_treasury,EUR,2042,daily ES difference divided by same-date nativeEUR ES,True,GBP minus CHF,20,-0.12892645537393702,-0.15737857254166296,-0.10151580358522251,-0.16562028626758774,-0.09223262448028631,10,2.6084138183231493
5,0.98999999999999999,unfinanced_treasury,EUR,2042,daily ES difference divided by same-date nativeEUR ES,True,JPY minus CHF,20,0.01447656093667494,-0.02941707589297984,0.060669194841019812,-0.045502628398202002,0.074455750271551879,10,2.6084138183231493
5,0.98999999999999999,unfinanced_treasury,EUR,2042,daily ES difference divided by same-date nativeEUR ES,True,EUR minus USD,60,-0.044330117541938822,-0.075151858606951644,-0.014170913441038905,-0.084069549361489943,-0.0045906857223877093,10,2.549486289562656
5,0.98999999999999999,unfinanced_treasury,EUR,2042,daily ES difference divided by same-date nativeEUR ES,True,EUR minus GBP,60,0.030200948845895303,-0.026675546186030196,0.084427579678251152,-0.042539957223237557,0.10294185491502816,10,2.549486289562656
5,0.98999999999999999,unfinanced_treasury,EUR,2042,daily ES difference divided by same-date nativeEUR ES,True,EUR minus JPY,60,-0.11320206746471689,-0.17434792955191178,-0.062975848283049779,-0.18647674602227904,-0.039927388907154762,10,2.549486289562656
5,0.98999999999999999,unfinanced_treasury,EUR,2042,daily ES difference divided by same-date nativeEUR ES,True,EUR minus CHF,60,-0.098725506528041795,-0.16700756780227413,-0.032995019623005675,-0.18457462045396225,-0.012876392602121339,10,2.549486289562656
5,0.98999999999999999,unfinanced_treasury,EUR,2042,daily ES difference divided by same-date nativeEUR ES,True,USD minus GBP,60,0.074531066387834174,-0.01085814313129459,0.15503455768208793,-0.032921183629377154,0.1819833164050455,10,2.549486289562656
5,0.98999999999999999,unfinanced_treasury,EUR,2042,daily ES difference divided by same-date nativeEUR ES,True,USD minus JPY,60,-0.06887194992277805,-0.12166617741903586,-0.019104606803212756,-0.13659786043008126,-0.0011460394154748366,10,2.549486289562656
5,0.98999999999999999,unfinanced_treasury,EUR,2042,daily ES difference divided by same-date nativeEUR ES,True,USD minus CHF,60,-0.054395388986102945,-0.14130155329578487,0.028837710914701255,-0.16540223420637493,0.056611456234169029,10,2.549486289562656
5,0.98999999999999999,unfinanced_treasury,EUR,2042,daily ES difference divided by same-date nativeEUR ES,True,GBP minus JPY,60,-0.14340301631061178,-0.21847661394773349,-0.073442048704707663,-0.23771983386714829,-0.049086198754075258,10,2.549486289562656
5,0.98999999999999999,unfinanced_treasury,EUR,2042,daily ES difference divided by same-date nativeEUR ES,True,GBP minus CHF,60,-0.12892645537393702,-0.17268305291799491,-0.08464983541347057,-0.18646137122315476,-0.071391539524719272,10,2.549486289562656
5,0.98999999999999999,unfinanced_treasury,EUR,2042,daily ES difference divided by same-date nativeEUR ES,True,JPY minus CHF,60,0.01447656093667494,-0.055795189126527235,0.086026531132175857,-0.077401359152408339,0.10635448102575823,10,2.549486289562656
5,0.98999999999999999,unfinanced_treasury,EUR,2042,daily ES difference divided by same-date nativeEUR ES,True,EUR minus USD,120,-0.044330117541938822,-0.085582645802609394,-0.005189216014347877,-0.096563019512109299,0.0079027844282316614,10,2.5615814705103794
5,0.98999999999999999,unfinanced_treasury,EUR,2042,daily ES difference divided by same-date nativeEUR ES,True,EUR minus GBP,120,0.030200948845895303,-0.048435060256960559,0.10180646458970745,-0.068192468488196323,0.12859436617998693,10,2.5615814705103794
5,0.98999999999999999,unfinanced_treasury,EUR,2042,daily ES difference divided by same-date nativeEUR ES,True,EUR minus JPY,120,-0.11320206746471689,-0.18809780529359033,-0.048142974545599349,-0.20564993273576315,-0.020754202193670621,10,2.5615814705103794
5,0.98999999999999999,unfinanced_treasury,EUR,2042,daily ES difference divided by same-date nativeEUR ES,True,EUR minus CHF,120,-0.098725506528041795,-0.19256702867803388,-0.013508986379015554,-0.21599844993589751,0.018547436879813931,10,2.5615814705103794
5,0.98999999999999999,unfinanced_treasury,EUR,2042,daily ES difference divided by same-date nativeEUR ES,True,USD minus GBP,120,0.074531066387834174,-0.040073741844835302,0.18147582887230918,-0.070214518549754454,0.21927665132542279,10,2.5615814705103794
5,0.98999999999999999,unfinanced_treasury,EUR,2042,daily ES difference divided by same-date nativeEUR ES,True,USD minus JPY,120,-0.06887194992277805,-0.13746436781456658,-0.0029241364701764832,-0.15775287987319447,0.020008980027638387,10,2.5615814705103794
5,0.98999999999999999,unfinanced_treasury,EUR,2042,daily ES difference divided by same-date nativeEUR ES,True,USD minus CHF,120,-0.054395388986102945,-0.17534264640852176,0.056312141166635146,-0.20720249332656249,0.09841171535435661,10,2.5615814705103794
5,0.98999999999999999,unfinanced_treasury,EUR,2042,daily ES difference divided by same-date nativeEUR ES,True,GBP minus JPY,120,-0.14340301631061178,-0.24516920244961818,-0.05579978783448615,-0.26526325794501204,-0.021542774676211518,10,2.5615814705103794
5,0.98999999999999999,unfinanced_treasury,EUR,2042,daily ES difference divided by same-date nativeEUR ES,True,GBP minus CHF,120,-0.12892645537393702,-0.18400398094803938,-0.074173010578930956,-0.20221361749368746,-0.055639293254186567,10,2.5615814705103794
5,0.98999999999999999,unfinanced_treasury,EUR,2042,daily ES difference divided by same-date nativeEUR ES,True,JPY minus CHF,120,0.01447656093667494,-0.077428696495298571,0.1101795994844169,-0.10761520942330124,0.13656833129665114,10,2.5615814705103794
5,0.98999999999999999,unfinanced_treasury,USD,2042,daily ES difference divided by same-date nativeEUR ES,True,EUR minus USD,20,-0.027586577681496624,-0.050745585333383879,-0.0050758424727556989,-0.058132415524826106,0.0029592601618328614,10,2.6212003624932048
5,0.98999999999999999,unfinanced_treasury,USD,2042,daily ES difference divided by same-date nativeEUR ES,True,EUR minus GBP,20,0.055488272274419832,0.035841482833619216,0.074590453089012562,0.029291813635525573,0.081684730913314088,10,2.6212003624932048
5,0.98999999999999999,unfinanced_treasury,USD,2042,daily ES difference divided by same-date nativeEUR ES,True,EUR minus JPY,20,0.05810035802959683,0.034022861083842101,0.08144615722884721,0.02585195806870965,0.090348757990484002,10,2.6212003624932048
5,0.98999999999999999,unfinanced_treasury,USD,2042,daily ES difference divided by same-date nativeEUR ES,True,EUR minus CHF,20,-0.016864375016198505,-0.037340809283917691,0.0043431015215746188,-0.045148984815018542,0.011420234782621535,10,2.6212003624932048
5,0.98999999999999999,unfinanced_treasury,USD,2042,daily ES difference divided by same-date nativeEUR ES,True,USD minus GBP,20,0.083074849955916338,0.069916661846575578,0.095862193480777486,0.065586059922362522,0.10056363998947015,10,2.6212003624932048
5,0.98999999999999999,unfinanced_treasury,USD,2042,daily ES difference divided by same-date nativeEUR ES,True,USD minus JPY,20,0.085686935711093273,0.06388045397209309,0.10696791275304839,0.056740449548606839,0.11463342187357971,10,2.6212003624932048
5,0.98999999999999999,unfinanced_treasury,USD,2042,daily ES difference divided by same-date nativeEUR ES,True,USD minus CHF,20,0.010722202665298117,-0.019646028382134102,0.040561285279234714,-0.029917486673814754,0.051361892004410985,10,2.6212003624932048
5,0.98999999999999999,unfinanced_treasury,USD,2042,daily ES difference divided by same-date nativeEUR ES,True,GBP minus JPY,20,0.0026120857551767377,-0.0078704946826726671,0.012580069384550642,-0.010891504101022235,0.01611567561137571,10,2.6212003624932048
5,0.98999999999999999,unfinanced_treasury,USD,2042,daily ES difference divided by same-date nativeEUR ES,True,GBP minus CHF,20,-0.072352647290618383,-0.095527868010351055,-0.049671128894612088,-0.10347641038146686,-0.041228884199769902,10,2.6212003624932048
5,0.98999999999999999,unfinanced_treasury,USD,2042,daily ES difference divided by same-date nativeEUR ES,True,JPY minus CHF,20,-0.074964733045795109,-0.098739999661294292,-0.051392974682971895,-0.10673805069128069,-0.043191415400309532,10,2.6212003624932048
5,0.98999999999999999,unfinanced_treasury,USD,2042,daily ES difference divided by same-date nativeEUR ES,True,EUR minus USD,60,-0.027586577681496624,-0.061427423222969089,0.0068285452742650023,-0.073471693606799032,0.018298538243805791,10,2.6099967474660799
5,0.98999999999999999,unfinanced_treasury,USD,2042,daily ES difference divided by same-date nativeEUR ES,True,EUR minus GBP,60,0.055488272274419832,0.025590327218813082,0.08643434127143193,0.015500711438212897,0.095475833110626768,10,2.6099967474660799
5,0.98999999999999999,unfinanced_treasury,USD,2042,daily ES difference divided by same-date nativeEUR ES,True,EUR minus JPY,60,0.05810035802959683,0.021935694366749296,0.095009568528829441,0.010032690146206925,0.10616802591298674,10,2.6099967474660799
5,0.98999999999999999,unfinanced_treasury,USD,2042,daily ES difference divided by same-date nativeEUR ES,True,EUR minus CHF,60,-0.016864375016198505,-0.052444509623094125,0.01758229767678815,-0.063256582057366867,0.029527832024969853,10,2.6099967474660799
5,0.98999999999999999,unfinanced_treasury,USD,2042,daily ES difference divided by same-date nativeEUR ES,True,USD minus GBP,60,0.083074849955916338,0.064432409782789704,0.10153907786060622,0.058249340165526922,0.10790035974630575,10,2.6099967474660799
5,0.98999999999999999,unfinanced_treasury,USD,2042,daily ES difference divided by same-date nativeEUR ES,True,USD minus JPY,60,0.085686935711093273,0.05443208852406442,0.11692148247874296,0.044278348700765392,0.12709552272142116,10,2.6099967474660799
5,0.98999999999999999,unfinanced_treasury,USD,2042,daily ES difference divided by same-date nativeEUR ES,True,USD minus CHF,60,0.010722202665298117,-0.040780236201862448,0.059756565097941548,-0.05564644315526434,0.077090848485860577,10,2.6099967474660799
5,0.98999999999999999,unfinanced_treasury,USD,2042,daily ES difference divided by same-date nativeEUR ES,True,GBP minus JPY,60,0.0026120857551767377,-0.01197808357850267,0.017420081532665194,-0.016840776496620819,0.022064948006974294,10,2.6099967474660799
5,0.98999999999999999,unfinanced_treasury,USD,2042,daily ES difference divided by same-date nativeEUR ES,True,GBP minus CHF,60,-0.072352647290618383,-0.11258636203806091,-0.034646712228476463,-0.1239124187605305,-0.020792875820706276,10,2.6099967474660799
5,0.98999999999999999,unfinanced_treasury,USD,2042,daily ES difference divided by same-date nativeEUR ES,True,JPY minus CHF,60,-0.074964733045795109,-0.11278632106872004,-0.039134846337960896,-0.12398226630300793,-0.025947199788582287,10,2.6099967474660799
5,0.98999999999999999,unfinanced_treasury,USD,2042,daily ES difference divided by same-date nativeEUR ES,True,EUR minus USD,120,-0.027586577681496624,-0.071520372900456167,0.018382187573809355,-0.086816175630757692,0.03164302026776445,10,2.5673469019359825
5,0.98999999999999999,unfinanced_treasury,USD,2042,daily ES difference divided by same-date nativeEUR ES,True,EUR minus GBP,120,0.055488272274419832,0.016973464453697292,0.096222571417948904,0.003687626399190104,0.10728891814964955,10,2.5673469019359825
5,0.98999999999999999,unfinanced_treasury,USD,2042,daily ES difference divided by same-date nativeEUR ES,True,EUR minus JPY,120,0.05810035802959683,0.012259878273562003,0.10634650630107595,-0.0032258503616613352,0.119426566420855,10,2.5673469019359825
5,0.98999999999999999,unfinanced_treasury,USD,2042,daily ES difference divided by same-date nativeEUR ES,True,EUR minus CHF,120,-0.016864375016198505,-0.063889440040672929,0.029251183594452265,-0.07843980489061439,0.044711054858217386,10,2.5673469019359825
5,0.98999999999999999,unfinanced_treasury,USD,2042,daily ES difference divided by same-date nativeEUR ES,True,USD minus GBP,120,0.083074849955916338,0.059940573299576,0.10574658500236989,0.053362827368226118,0.11278687254360656,10,2.5673469019359825
5,0.98999999999999999,unfinanced_treasury,USD,2042,daily ES difference divided by same-date nativeEUR ES,True,USD minus JPY,120,0.085686935711093273,0.047002001927503381,0.12463155374273241,0.034462852929656576,0.13691101849252996,10,2.5673469019359825
5,0.98999999999999999,unfinanced_treasury,USD,2042,daily ES difference divided by same-date nativeEUR ES,True,USD minus CHF,120,0.010722202665298117,-0.058833701506814613,0.075583747811244717,-0.07871636885557419,0.10016077418617043,10,2.5673469019359825
5,0.98999999999999999,unfinanced_treasury,USD,2042,daily ES difference divided by same-date nativeEUR ES,True,GBP minus JPY,120,0.0026120857551767377,-0.015855435643531927,0.021475661527659944,-0.021926947594206096,0.027151119104559571,10,2.5673469019359825
5,0.98999999999999999,unfinanced_treasury,USD,2042,daily ES difference divided by same-date nativeEUR ES,True,GBP minus CHF,120,-0.072352647290618383,-0.12709760613366283,-0.022190271564921458,-0.14259595139589659,-0.0021093431853401873,10,2.5673469019359825
5,0.98999999999999999,unfinanced_treasury,USD,2042,daily ES difference divided by same-date nativeEUR ES,True,JPY minus CHF,120,-0.074964733045795109,-0.12506587474444833,-0.027961381667348888,-0.13942971829651779,-0.010499747795072428,10,2.5673469019359825
20,0.94999999999999996,unfinanced_treasury,EUR,2027,daily ES difference divided by same-date nativeEUR ES,True,EUR minus USD,20,-0.060234059105130973,-0.076746505615340355,-0.043934810022587784,-0.081833613817853743,-0.038634504392408203,10,2.5958775425911607
20,0.94999999999999996,unfinanced_treasury,EUR,2027,daily ES difference divided by same-date nativeEUR ES,True,EUR minus GBP,20,0.026560661708753066,0.0013218832915040158,0.051360652246940301,-0.0064153219930347012,0.059536645410540837,10,2.5958775425911607
20,0.94999999999999996,unfinanced_treasury,EUR,2027,daily ES difference divided by same-date nativeEUR ES,True,EUR minus JPY,20,-0.12713284529924762,-0.16595865650276251,-0.094255550273884672,-0.17486751478858534,-0.079398175809909904,10,2.5958775425911607
20,0.94999999999999996,unfinanced_treasury,EUR,2027,daily ES difference divided by same-date nativeEUR ES,True,EUR minus CHF,20,-0.025070355720005367,-0.045674100203955931,-0.0044676304599968386,-0.052694124535312428,0.0025534130953016945,10,2.5958775425911607
20,0.94999999999999996,unfinanced_treasury,EUR,2027,daily ES difference divided by same-date nativeEUR ES,True,USD minus GBP,20,0.086794720813884021,0.0483759776920058,0.12400278834317977,0.036046682633664423,0.13754275899410362,10,2.5958775425911607
20,0.94999999999999996,unfinanced_treasury,EUR,2027,daily ES difference divided by same-date nativeEUR ES,True,USD minus JPY,20,-0.066898786194116766,-0.096574122009696173,-0.040612773561293995,-0.10430849515073362,-0.029489077237499911,10,2.5958775425911607
20,0.94999999999999996,unfinanced_treasury,EUR,2027,daily ES difference divided by same-date nativeEUR ES,True,USD minus CHF,20,0.035163703385125651,0.0070834215492627337,0.063337985664310439,-0.0021649265005383861,0.072492333270789688,10,2.5958775425911607
20,0.94999999999999996,unfinanced_treasury,EUR,2027,daily ES difference divided by same-date nativeEUR ES,True,GBP minus JPY,20,-0.153693507008001,-0.19911227923487163,-0.1108627043435301,-0.21152439488869773,-0.09586261912730426,10,2.5958775425911607
20,0.94999999999999996,unfinanced_treasury,EUR,2027,daily ES difference divided by same-date nativeEUR ES,True,GBP minus CHF,20,-0.051631017428758419,-0.072187916677185507,-0.031702099354894091,-0.078380693568334048,-0.024881341289182787,10,2.5958775425911607
20,0.94999999999999996,unfinanced_treasury,EUR,2027,daily ES difference divided by same-date nativeEUR ES,True,JPY minus CHF,20,0.10206248957924233,0.06978429358597682,0.13738246872298612,0.056818617268450194,0.14730636189003446,10,2.5958775425911607
20,0.94999999999999996,unfinanced_treasury,EUR,2027,daily ES difference divided by same-date nativeEUR ES,True,EUR minus USD,60,-0.060234059105130973,-0.086925167024830538,-0.03421075074437363,-0.094326030182054654,-0.026142088028207291,10,2.5277642706609651
20,0.94999999999999996,unfinanced_treasury,EUR,2027,daily ES difference divided by same-date nativeEUR ES,True,EUR minus GBP,60,0.026560661708753066,-0.015498365025974611,0.066824713675552996,-0.027425834399680455,0.08054715781718659,10,2.5277642706609651
20,0.94999999999999996,unfinanced_treasury,EUR,2027,daily ES difference divided by same-date nativeEUR ES,True,EUR minus JPY,60,-0.12713284529924762,-0.18566712711897893,-0.07977223089234374,-0.19587873874862424,-0.058386951849870999,10,2.5277642706609651
20,0.94999999999999996,unfinanced_treasury,EUR,2027,daily ES difference divided by same-date nativeEUR ES,True,EUR minus CHF,60,-0.025070355720005367,-0.056705266272394153,0.0060553618818828016,-0.066165057754906401,0.01602434631489567,10,2.5277642706609651
20,0.94999999999999996,unfinanced_treasury,EUR,2027,daily ES difference divided by same-date nativeEUR ES,True,USD minus GBP,60,0.086794720813884021,0.021895747991563949,0.1496138979185537,0.0034161038663656079,0.17017333776140242,10,2.5277642706609651
20,0.94999999999999996,unfinanced_treasury,EUR,2027,daily ES difference divided by same-date nativeEUR ES,True,USD minus JPY,60,-0.066898786194116766,-0.11196956751021771,-0.027989056598481058,-0.12146477883224925,-0.012332793555984281,10,2.5277642706609651
20,0.94999999999999996,unfinanced_treasury,EUR,2027,daily ES difference divided by same-date nativeEUR ES,True,USD minus CHF,60,0.035163703385125651,-0.011090275462571596,0.079807270354547571,-0.024452108027855794,0.09477951479810709,10,2.5277642706609651
20,0.94999999999999996,unfinanced_treasury,EUR,2027,daily ES difference divided by same-date nativeEUR ES,True,GBP minus JPY,60,-0.153693507008001,-0.2269181518739696,-0.0877694584042676,-0.24286426519256349,-0.064522748823438517,10,2.5277642706609651
20,0.94999999999999996,unfinanced_treasury,EUR,2027,daily ES difference divided by same-date nativeEUR ES,True,GBP minus CHF,60,-0.051631017428758419,-0.081080846486434696,-0.021372220741307166,-0.090191756373728116,-0.013070278483788729,10,2.5277642706609651
20,0.94999999999999996,unfinanced_treasury,EUR,2027,daily ES difference divided by same-date nativeEUR ES,True,JPY minus CHF,60,0.10206248957924233,0.053913754681558332,0.15584090521728017,0.036009336946859774,0.16811564221162489,10,2.5277642706609651
20,0.94999999999999996,unfinanced_treasury,EUR,2027,daily ES difference divided by same-date nativeEUR ES,True,EUR minus USD,120,-0.060234059105130973,-0.096246205227480439,-0.025890770636379165,-0.10572440927426503,-0.014743708935996913,10,2.5427219406788861
20,0.94999999999999996,unfinanced_treasury,EUR,2027,daily ES difference divided by same-date nativeEUR ES,True,EUR minus GBP,120,0.026560661708753066,-0.027940547429897378,0.082618641729738276,-0.044901455230067444,0.098022778647573583,10,2.5427219406788861
20,0.94999999999999996,unfinanced_treasury,EUR,2027,daily ES difference divided by same-date nativeEUR ES,True,EUR minus JPY,120,-0.12713284529924762,-0.20264286159116199,-0.069294836681946775,-0.21408113222763514,-0.040184558370860116,10,2.5427219406788861
20,0.94999999999999996,unfinanced_treasury,EUR,2027,daily ES difference divided by same-date nativeEUR ES,True,EUR minus CHF,120,-0.025070355720005367,-0.065405475303104005,0.01433860288964592,-0.077556702036991151,0.027415990596980421,10,2.5427219406788861
20,0.94999999999999996,unfinanced_treasury,EUR,2027,daily ES difference divided by same-date nativeEUR ES,True,USD minus GBP,120,0.086794720813884021,0.0016164325409762465,0.17374833739956164,-0.024641335729966601,0.19823077735773464,10,2.5427219406788861
20,0.94999999999999996,unfinanced_treasury,EUR,2027,daily ES difference divided by same-date nativeEUR ES,True,USD minus JPY,120,-0.066898786194116766,-0.12366681412526601,-0.019397391787624792,-0.13432457316099566,0.00052700077276214563,10,2.5427219406788861
20,0.94999999999999996,unfinanced_treasury,EUR,2027,daily ES difference divided by same-date nativeEUR ES,True,USD minus CHF,120,0.035163703385125651,-0.026035102106488312,0.098020375876502669,-0.044293011931325892,0.11462041870157719,10,2.5427219406788861
20,0.94999999999999996,unfinanced_treasury,EUR,2027,daily ES difference divided by same-date nativeEUR ES,True,GBP minus JPY,120,-0.153693507008001,-0.24959958998619697,-0.066506854013027014,-0.27210611700536902,-0.035280897010632958,10,2.5427219406788861
20,0.94999999999999996,unfinanced_treasury,EUR,2027,daily ES difference divided by same-date nativeEUR ES,True,GBP minus CHF,120,-0.051631017428758419,-0.087336518194723933,-0.014090055429649501,-0.09938860480760342,-0.0038734300499134178,10,2.5427219406788861
20,0.94999999999999996,unfinanced_treasury,EUR,2027,daily ES difference divided by same-date nativeEUR ES,True,JPY minus CHF,120,0.10206248957924233,0.03943810115076038,0.17414628940587948,0.015711422651891516,0.18841355650659314,10,2.5427219406788861
20,0.94999999999999996,unfinanced_treasury,USD,2027,daily ES difference divided by same-date nativeEUR ES,True,EUR minus USD,20,-0.076819289821381351,-0.095392035625572205,-0.058236521437920644,-0.10192946444495826,-0.051709115197804439,10,2.6466948375090764
20,0.94999999999999996,unfinanced_treasury,USD,2027,daily ES difference divided by same-date nativeEUR ES,True,EUR minus GBP,20,-0.0092072487459649004,-0.02594519512174975,0.0079071174397190459,-0.031785203797462566,0.013370706305532764,10,2.6466948375090764
20,0.94999999999999996,unfinanced_treasury,USD,2027,daily ES difference divided by same-date nativeEUR ES,True,EUR minus JPY,20,0.0017870884391776639,-0.01888388768680779,0.022951149415315682,-0.026416793400952654,0.029990970279307985,10,2.6466948375090764
20,0.94999999999999996,unfinanced_treasury,USD,2027,daily ES difference divided by same-date nativeEUR ES,True,EUR minus CHF,20,-0.041823920725074987,-0.060332387400965179,-0.023222158929619919,-0.066728687269099723,-0.016919154181050246,10,2.6466948375090764
20,0.94999999999999996,unfinanced_treasury,USD,2027,daily ES difference divided by same-date nativeEUR ES,True,USD minus GBP,20,0.067612041075416518,0.054123554784481186,0.080726919361818902,0.049583209537090556,0.08564087261374248,10,2.6466948375090764
20,0.94999999999999996,unfinanced_treasury,USD,2027,daily ES difference divided by same-date nativeEUR ES,True,USD minus JPY,20,0.078606378260559023,0.059361396647084487,0.097168162375509737,0.052820752773302712,0.10439200374781533,10,2.6466948375090764
20,0.94999999999999996,unfinanced_treasury,USD,2027,daily ES difference divided by same-date nativeEUR ES,True,USD minus CHF,20,0.034995369096306461,0.016504091251732807,0.052439066911847944,0.010607636892301001,0.059383101300311922,10,2.6466948375090764
20,0.94999999999999996,unfinanced_treasury,USD,2027,daily ES difference divided by same-date nativeEUR ES,True,GBP minus JPY,20,0.010994337185142507,0.0035876245988378398,0.018377032263855047,0.0010099942862178465,0.020978680084067169,10,2.6466948375090764
20,0.94999999999999996,unfinanced_treasury,USD,2027,daily ES difference divided by same-date nativeEUR ES,True,GBP minus CHF,20,-0.032616671979110196,-0.044042837063718421,-0.021951566482876293,-0.047190486838509932,-0.018042857119710459,10,2.6466948375090764
20,0.94999999999999996,unfinanced_treasury,USD,2027,daily ES difference divided by same-date nativeEUR ES,True,JPY minus CHF,20,-0.043611009164252638,-0.059044734379765977,-0.02841487880127758,-0.064019327258840603,-0.023202691069664667,10,2.6466948375090764
20,0.94999999999999996,unfinanced_treasury,USD,2027,daily ES difference divided by same-date nativeEUR ES,True,EUR minus USD,60,-0.076819289821381351,-0.10627001888134369,-0.049492003742107271,-0.11471887003656872,-0.038919709606193981,10,2.6337862925959672
20,0.94999999999999996,unfinanced_treasury,USD,2027,daily ES difference divided by same-date nativeEUR ES,True,EUR minus GBP,60,-0.0092072487459649004,-0.034715155146245902,0.016294985993291131,-0.043792545458622115,0.02537804796669231,10,2.6337862925959672
20,0.94999999999999996,unfinanced_treasury,USD,2027,daily ES difference divided by same-date nativeEUR ES,True,EUR minus JPY,60,0.0017870884391776639,-0.02958842151015835,0.034206502706071479,-0.041725289818810275,0.045299466697165607,10,2.6337862925959672
20,0.94999999999999996,unfinanced_treasury,USD,2027,daily ES difference divided by same-date nativeEUR ES,True,EUR minus CHF,60,-0.041823920725074987,-0.072438205028192856,-0.014200390279953517,-0.08149381522862717,-0.0021540262215227965,10,2.6337862925959672
20,0.94999999999999996,unfinanced_treasury,USD,2027,daily ES difference divided by same-date nativeEUR ES,True,USD minus GBP,60,0.067612041075416518,0.047575337902824297,0.088905459310595639,0.039607032565386599,0.095617049585446437,10,2.6337862925959672
20,0.94999999999999996,unfinanced_treasury,USD,2027,daily ES difference divided by same-date nativeEUR ES,True,USD minus JPY,60,0.078606378260559023,0.049868254451797392,0.1089671199913437,0.038316567077883314,0.11889618944323474,10,2.6337862925959672
20,0.94999999999999996,unfinanced_treasury,USD,2027,daily ES difference divided by same-date nativeEUR ES,True,USD minus CHF,60,0.034995369096306461,0.0071145878120341061,0.062001991451869035,-0.0023572876027508002,0.07234802579536373,10,2.6337862925959672
20,0.94999999999999996,unfinanced_treasury,USD,2027,daily ES difference divided by same-date nativeEUR ES,True,GBP minus JPY,60,0.010994337185142507,-0.00039541243373322467,0.022584373732080554,-0.0043608079053475066,0.026349482275632521,10,2.6337862925959672
20,0.94999999999999996,unfinanced_treasury,USD,2027,daily ES difference divided by same-date nativeEUR ES,True,GBP minus CHF,60,-0.032616671979110196,-0.049575585394302228,-0.017419175452707943,-0.054079162080075266,-0.011154181878145129,10,2.6337862925959672
20,0.94999999999999996,unfinanced_treasury,USD,2027,daily ES difference divided by same-date nativeEUR ES,True,JPY minus CHF,60,-0.043611009164252638,-0.066124799720906874,-0.021937944139544991,-0.073239866955581101,-0.013982151372924179,10,2.6337862925959672
20,0.94999999999999996,unfinanced_treasury,USD,2027,daily ES difference divided by same-date nativeEUR ES,True,EUR minus USD,120,-0.076819289821381351,-0.11481934080825197,-0.041069767070724843,-0.12669320525624736,-0.026945374386515342,10,2.6444161949857441
20,0.94999999999999996,unfinanced_treasury,USD,2027,daily ES difference divided by same-date nativeEUR ES,True,EUR minus GBP,120,-0.0092072487459649004,-0.042102062094602682,0.023878027863406499,-0.05365755638622792,0.035243058894298115,10,2.6444161949857441
20,0.94999999999999996,unfinanced_treasury,USD,2027,daily ES difference divided by same-date nativeEUR ES,True,EUR minus JPY,120,0.0017870884391776639,-0.038289581082864656,0.043365930311530736,-0.054190403584875785,0.057764580463231116,10,2.6444161949857441
20,0.94999999999999996,unfinanced_treasury,USD,2027,daily ES difference divided by same-date nativeEUR ES,True,EUR minus CHF,120,-0.041823920725074987,-0.081219475204274846,-0.0053487841489235225,-0.093054120785812419,0.0094062793356624458,10,2.6444161949857441
20,0.94999999999999996,unfinanced_treasury,USD,2027,daily ES difference divided by same-date nativeEUR ES,True,USD minus GBP,120,0.067612041075416518,0.041728959800469749,0.094753893123243907,0.031283075510516553,0.10394100664031648,10,2.6444161949857441
20,0.94999999999999996,unfinanced_treasury,USD,2027,daily ES difference divided by same-date nativeEUR ES,True,USD minus JPY,120,0.078606378260559023,0.041529835287367416,0.11793052276945744,0.026650243620050661,0.13056251290106738,10,2.6444161949857441
20,0.94999999999999996,unfinanced_treasury,USD,2027,daily ES difference divided by same-date nativeEUR ES,True,USD minus CHF,120,0.034995369096306461,-0.00031096148587796813,0.070323105865275792,-0.01276920663378496,0.082759944826397883,10,2.6444161949857441
20,0.94999999999999996,unfinanced_treasury,USD,2027,daily ES difference divided by same-date nativeEUR ES,True,GBP minus JPY,120,0.010994337185142507,-0.0034986612724005888,0.025480709112808326,-0.00847834384861945,0.030467018218904462,10,2.6444161949857441
20,0.94999999999999996,unfinanced_treasury,USD,2027,daily ES difference divided by same-date nativeEUR ES,True,GBP minus CHF,120,-0.032616671979110196,-0.054123962918928632,-0.014297408124904097,-0.059356171712849862,-0.0058771722453705329,10,2.6444161949857441
20,0.94999999999999996,unfinanced_treasury,USD,2027,daily ES difference divided by same-date nativeEUR ES,True,JPY minus CHF,120,-0.043611009164252638,-0.070357624266164778,-0.017003303110438246,-0.080183357966255447,-0.0070386603622498295,10,2.6444161949857441
20,0.98999999999999999,unfinanced_treasury,EUR,2027,daily ES difference divided by same-date nativeEUR ES,True,EUR minus USD,20,-0.082275417110747873,-0.099725611396599176,-0.064720698262951487,-0.10569056953471909,-0.058860264686776666,10,2.6424918902389152
20,0.98999999999999999,unfinanced_treasury,EUR,2027,daily ES difference divided by same-date nativeEUR ES,True,EUR minus GBP,20,0.065129770847268675,0.035470931682159333,0.093857188354532689,0.025913160279249919,0.10434638141528743,10,2.6424918902389152
20,0.98999999999999999,unfinanced_treasury,EUR,2027,daily ES difference divided by same-date nativeEUR ES,True,EUR minus JPY,20,-0.12809187990925483,-0.16194665779248288,-0.098279783929775794,-0.17067445941369405,-0.085509300404815608,10,2.6424918902389152
20,0.98999999999999999,unfinanced_treasury,EUR,2027,daily ES difference divided by same-date nativeEUR ES,True,EUR minus CHF,20,-0.047059865792126183,-0.07965435261511282,-0.016705590623232753,-0.090203910064408199,-0.0039158215198441676,10,2.6424918902389152
20,0.98999999999999999,unfinanced_treasury,EUR,2027,daily ES difference divided by same-date nativeEUR ES,True,USD minus GBP,20,0.14740518795801669,0.10402897947095875,0.19017439332488034,0.08919985716371355,0.20561051875231984,10,2.6424918902389152
20,0.98999999999999999,unfinanced_treasury,EUR,2027,daily ES difference divided by same-date nativeEUR ES,True,USD minus JPY,20,-0.04581646279850711,-0.073475604434368388,-0.019848465902977199,-0.081962891431490381,-0.0096700341655238317,10,2.6424918902389152
20,0.98999999999999999,unfinanced_treasury,EUR,2027,daily ES difference divided by same-date nativeEUR ES,True,USD minus CHF,20,0.035215551318621599,-0.0056897733481198016,0.075316592779240382,-0.019494613022398917,0.089925715659642108,10,2.6424918902389152
20,0.98999999999999999,unfinanced_treasury,EUR,2027,daily ES difference divided by same-date nativeEUR ES,True,GBP minus JPY,20,-0.1932216507565237,-0.23330231157025952,-0.1537436832961602,-0.24638052143452985,-0.14006278007851755,10,2.6424918902389152
20,0.98999999999999999,unfinanced_treasury,EUR,2027,daily ES difference divided by same-date nativeEUR ES,True,GBP minus CHF,20,-0.11218963663939484,-0.14509125295339112,-0.081896449193124415,-0.15460594076669354,-0.069773332512096137,10,2.6424918902389152
20,0.98999999999999999,unfinanced_treasury,EUR,2027,daily ES difference divided by same-date nativeEUR ES,True,JPY minus CHF,20,0.081032014117128973,0.040754759461362033,0.1212481742865156,0.026996781909640249,0.1350672463246177,10,2.6424918902389152
20,0.98999999999999999,unfinanced_treasury,EUR,2027,daily ES difference divided by same-date nativeEUR ES,True,EUR minus USD,60,-0.082275417110747873,-0.11107925215854257,-0.05404427290501105,-0.12086601756121301,-0.043684816660282733,10,2.6228413083077196
20,0.98999999999999999,unfinanced_treasury,EUR,2027,daily ES difference divided by same-date nativeEUR ES,True,EUR minus GBP,60,0.065129770847268675,0.015726544347291097,0.11381610494578065,-0.0010848803212634983,0.13134442201580085,10,2.6228413083077196
20,0.98999999999999999,unfinanced_treasury,EUR,2027,daily ES difference divided by same-date nativeEUR ES,True,EUR minus JPY,60,-0.12809187990925483,-0.17944422428566559,-0.084399352176624101,-0.19195140009325723,-0.06423235972525243,10,2.6228413083077196
20,0.98999999999999999,unfinanced_treasury,EUR,2027,daily ES difference divided by same-date nativeEUR ES,True,EUR minus CHF,60,-0.047059865792126183,-0.098567930863056485,0.0015157813685598486,-0.11536047626946272,0.021240744685210346,10,2.6228413083077196
20,0.98999999999999999,unfinanced_treasury,EUR,2027,daily ES difference divided by same-date nativeEUR ES,True,USD minus GBP,60,0.14740518795801669,0.073206078827696058,0.2181763765991418,0.048499830411595807,0.24631054550443757,10,2.6228413083077196
20,0.98999999999999999,unfinanced_treasury,EUR,2027,daily ES difference divided by same-date nativeEUR ES,True,USD minus JPY,60,-0.04581646279850711,-0.0887275479123764,-0.0039236695690872975,-0.10274227323452532,0.011109347637511105,10,2.6228413083077196
20,0.98999999999999999,unfinanced_treasury,EUR,2027,daily ES difference divided by same-date nativeEUR ES,True,USD minus CHF,60,0.035215551318621599,-0.034322364824554537,0.10017211149285368,-0.055821361517483306,0.12625246415472652,10,2.6228413083077196
20,0.98999999999999999,unfinanced_treasury,EUR,2027,daily ES difference divided by same-date nativeEUR ES,True,GBP minus JPY,60,-0.1932216507565237,-0.26044822759617992,-0.13233529183018156,-0.27816374800357979,-0.10827955350946761,10,2.6228413083077196
20,0.98999999999999999,unfinanced_treasury,EUR,2027,daily ES difference divided by same-date nativeEUR ES,True,GBP minus CHF,60,-0.11218963663939484,-0.1603781475655264,-0.065579100548394276,-0.17554266567013793,-0.048836607608651758,10,2.6228413083077196
20,0.98999999999999999,unfinanced_treasury,EUR,2027,daily ES difference divided by same-date nativeEUR ES,True,JPY minus CHF,60,0.081032014117128973,0.019206838925129421,0.14118851127108945,-0.0022035868228552913,0.16426761505711324,10,2.6228413083077196
20,0.98999999999999999,unfinanced_treasury,EUR,2027,daily ES difference divided by same-date nativeEUR ES,True,EUR minus USD,120,-0.082275417110747873,-0.12307170848229143,-0.044932140221152821,-0.13357178207787973,-0.030979052143616022,10,2.6207421430957414
20,0.98999999999999999,unfinanced_treasury,EUR,2027,daily ES difference divided by same-date nativeEUR ES,True,EUR minus GBP,120,0.065129770847268675,-0.00062703020930566513,0.13138065508175292,-0.022176778147486365,0.15243631984202372,10,2.6207421430957414
20,0.98999999999999999,unfinanced_treasury,EUR,2027,daily ES difference divided by same-date nativeEUR ES,True,EUR minus JPY,120,-0.12809187990925483,-0.19554219537610509,-0.071655621451831422,-0.2104214610152953,-0.045762298803214377,10,2.6207421430957414
20,0.98999999999999999,unfinanced_treasury,EUR,2027,daily ES difference divided by same-date nativeEUR ES,True,EUR minus CHF,120,-0.047059865792126183,-0.11676511553618493,0.018171795490912836,-0.13738576463063226,0.043266033046379888,10,2.6207421430957414
20,0.98999999999999999,unfinanced_treasury,EUR,2027,daily ES difference divided by same-date nativeEUR ES,True,USD minus GBP,120,0.14740518795801669,0.048878496717435695,0.24561631194170752,0.015729058320656741,0.27908131759537663,10,2.6207421430957414
20,0.98999999999999999,unfinanced_treasury,EUR,2027,daily ES difference divided by same-date nativeEUR ES,True,USD minus JPY,120,-0.04581646279850711,-0.099418194104267513,0.0082172090834140357,-0.1190206864291868,0.027387760832172578,10,2.6207421430957414
20,0.98999999999999999,unfinanced_treasury,EUR,2027,daily ES difference divided by same-date nativeEUR ES,True,USD minus CHF,120,0.035215551318621599,-0.057079158091368536,0.12464377381129087,-0.086965260081718607,0.15739636271896179,10,2.6207421430957414
20,0.98999999999999999,unfinanced_treasury,EUR,2027,daily ES difference divided by same-date nativeEUR ES,True,GBP minus JPY,120,-0.1932216507565237,-0.28360038324709513,-0.11290717091644996,-0.30634553538008102,-0.080097766132966389,10,2.6207421430957414
20,0.98999999999999999,unfinanced_treasury,EUR,2027,daily ES difference divided by same-date nativeEUR ES,True,GBP minus CHF,120,-0.11218963663939484,-0.17643359769621195,-0.054472917952874574,-0.19267179927288308,-0.03170747400590658,10,2.6207421430957414
20,0.98999999999999999,unfinanced_treasury,EUR,2027,daily ES difference divided by same-date nativeEUR ES,True,JPY minus CHF,120,0.081032014117128973,-0.00069784103074176855,0.16253420526114079,-0.028107956996511987,0.19017198523076995,10,2.6207421430957414
20,0.98999999999999999,unfinanced_treasury,USD,2027,daily ES difference divided by same-date nativeEUR ES,True,EUR minus USD,20,-0.11418476037275208,-0.13893058493336005,-0.089218281685475728,-0.14703802931318202,-0.081331491432322128,10,2.61832410405037
20,0.98999999999999999,unfinanced_treasury,USD,2027,daily ES difference divided by same-date nativeEUR ES,True,EUR minus GBP,20,-0.026883619861923464,-0.044182668893703946,-0.009655982574061351,-0.049877268398368708,-0.0038899713254782198,10,2.61832410405037
20,0.98999999999999999,unfinanced_treasury,USD,2027,daily ES difference divided by same-date nativeEUR ES,True,EUR minus JPY,20,-0.022632435143506564,-0.042509510376578991,-0.0025168347101945559,-0.049681781069218375,0.0044169107822052446,10,2.61832410405037
20,0.98999999999999999,unfinanced_treasury,USD,2027,daily ES difference divided by same-date nativeEUR ES,True,EUR minus CHF,20,-0.047128574660856314,-0.069670455408648593,-0.023967771591537203,-0.077250643991854273,-0.017006505329858358,10,2.61832410405037
20,0.98999999999999999,unfinanced_treasury,USD,2027,daily ES difference divided by same-date nativeEUR ES,True,USD minus GBP,20,0.087301140510828615,0.07041956237640834,0.10427125347491471,0.064494242538915364,0.11010803848274187,10,2.61832410405037
20,0.98999999999999999,unfinanced_treasury,USD,2027,daily ES difference divided by same-date nativeEUR ES,True,USD minus JPY,20,0.091552325229245474,0.066797548742034682,0.11600335511377023,0.058421329411419309,0.12468332104707164,10,2.61832410405037
20,0.98999999999999999,unfinanced_treasury,USD,2027,daily ES difference divided by same-date nativeEUR ES,True,USD minus CHF,20,0.067056185711895769,0.035730504846902024,0.099656938092944861,0.023905958977848585,0.11020641244594295,10,2.61832410405037
20,0.98999999999999999,unfinanced_treasury,USD,2027,daily ES difference divided by same-date nativeEUR ES,True,GBP minus JPY,20,0.0042511847184168181,-0.005016137003019624,0.01316901103254885,-0.0079913645589321548,0.016493733995765789,10,2.61832410405037
20,0.98999999999999999,unfinanced_treasury,USD,2027,daily ES difference divided by same-date nativeEUR ES,True,GBP minus CHF,20,-0.02024495479893287,-0.040687401289587588,-0.00010516423859240963,-0.047367098236537383,0.0068771886386716462,10,2.61832410405037
20,0.98999999999999999,unfinanced_treasury,USD,2027,daily ES difference divided by same-date nativeEUR ES,True,JPY minus CHF,20,-0.024496139517349726,-0.042167641992800993,-0.0068716213630874278,-0.048005320433009271,-0.0009869586016901799,10,2.61832410405037
20,0.98999999999999999,unfinanced_treasury,USD,2027,daily ES difference divided by same-date nativeEUR ES,True,EUR minus USD,60,-0.11418476037275208,-0.15456026100437653,-0.074607579838769103,-0.16688002466285631,-0.061489496082647845,10,2.5653670790935448
20,0.98999999999999999,unfinanced_treasury,USD,2027,daily ES difference divided by same-date nativeEUR ES,True,EUR minus GBP,60,-0.026883619861923464,-0.05329861737204955,7.575852441061693e-05,-0.061695038847737152,0.0079277991238902203,10,2.5653670790935448
20,0.98999999999999999,unfinanced_treasury,USD,2027,daily ES difference divided by same-date nativeEUR ES,True,EUR minus JPY,60,-0.022632435143506564,-0.052672087192245524,0.0097770995269284358,-0.063349337095135766,0.018084466808122635,10,2.5653670790935448
20,0.98999999999999999,unfinanced_treasury,USD,2027,daily ES difference divided by same-date nativeEUR ES,True,EUR minus CHF,60,-0.047128574660856314,-0.085178089089323075,-0.010526096203162997,-0.096298317879670803,0.0020411685579581756,10,2.5653670790935448
20,0.98999999999999999,unfinanced_treasury,USD,2027,daily ES difference divided by same-date nativeEUR ES,True,USD minus GBP,60,0.087301140510828615,0.059798531577852178,0.11606511780209405,0.050289503467424904,0.12431277755423233,10,2.5653670790935448
20,0.98999999999999999,unfinanced_treasury,USD,2027,daily ES difference divided by same-date nativeEUR ES,True,USD minus JPY,60,0.091552325229245474,0.050633805854928375,0.13342701025191689,0.037357486027463797,0.14574716443102714,10,2.5653670790935448
20,0.98999999999999999,unfinanced_treasury,USD,2027,daily ES difference divided by same-date nativeEUR ES,True,USD minus CHF,60,0.067056185711895769,0.01096447207175243,0.12045926218961077,-0.0057305350449025072,0.13984290646869404,10,2.5653670790935448
20,0.98999999999999999,unfinanced_treasury,USD,2027,daily ES difference divided by same-date nativeEUR ES,True,GBP minus JPY,60,0.0042511847184168181,-0.01130551190153224,0.019121051706222889,-0.015477208918681928,0.023979578355515563,10,2.5653670790935448
20,0.98999999999999999,unfinanced_treasury,USD,2027,daily ES difference divided by same-date nativeEUR ES,True,GBP minus CHF,60,-0.02024495479893287,-0.055618925085397217,0.011828639137958405,-0.065206419741914753,0.024716510144049009,10,2.5653670790935448
20,0.98999999999999999,unfinanced_treasury,USD,2027,daily ES difference divided by same-date nativeEUR ES,True,JPY minus CHF,60,-0.024496139517349726,-0.052729810855314779,0.0021415923322864452,-0.060259899073663151,0.011267620038963699,10,2.5653670790935448
20,0.98999999999999999,unfinanced_treasury,USD,2027,daily ES difference divided by same-date nativeEUR ES,True,EUR minus USD,120,-0.11418476037275208,-0.16824236351107341,-0.059683996717915251,-0.18457537344057681,-0.043794147304927339,10,2.5861779827814053
20,0.98999999999999999,unfinanced_treasury,USD,2027,daily ES difference divided by same-date nativeEUR ES,True,EUR minus GBP,120,-0.026883619861923464,-0.061431305461574159,0.0068259219341709068,-0.071373686967419164,0.017606447243572233,10,2.5861779827814053
20,0.98999999999999999,unfinanced_treasury,USD,2027,daily ES difference divided by same-date nativeEUR ES,True,EUR minus JPY,120,-0.022632435143506564,-0.061732969474147484,0.017001963863315765,-0.074787725402664859,0.029522855115651735,10,2.5861779827814053
20,0.98999999999999999,unfinanced_treasury,USD,2027,daily ES difference divided by same-date nativeEUR ES,True,EUR minus CHF,120,-0.047128574660856314,-0.098003278219527173,0.0015799754805171165,-0.11371610675849911,0.019458957436786474,10,2.5861779827814053
20,0.98999999999999999,unfinanced_treasury,USD,2027,daily ES difference divided by same-date nativeEUR ES,True,USD minus GBP,120,0.087301140510828615,0.050876034920681448,0.12614290114033361,0.037970615426331365,0.13663166559532586,10,2.5861779827814053
20,0.98999999999999999,unfinanced_treasury,USD,2027,daily ES difference divided by same-date nativeEUR ES,True,USD minus JPY,120,0.091552325229245474,0.036408086082785653,0.14752855423410996,0.019164203293826454,0.16394044716466449,10,2.5861779827814053
20,0.98999999999999999,unfinanced_treasury,USD,2027,daily ES difference divided by same-date nativeEUR ES,True,USD minus CHF,120,0.067056185711895769,-0.0089874132732478823,0.14179290967503941,-0.032749639154044524,0.16686201057783606,10,2.5861779827814053
20,0.98999999999999999,unfinanced_treasury,USD,2027,daily ES difference divided by same-date nativeEUR ES,True,GBP minus JPY,120,0.0042511847184168181,-0.016172979264706792,0.023316607336985862,-0.02187874985012209,0.030381119286955725,10,2.5861779827814053
20,0.98999999999999999,unfinanced_treasury,USD,2027,daily ES difference divided by same-date nativeEUR ES,True,GBP minus CHF,120,-0.02024495479893287,-0.06880491729547096,0.025269819605168161,-0.082199476809887248,0.041709567212021514,10,2.5861779827814053
20,0.98999999999999999,unfinanced_treasury,USD,2027,daily ES difference divided by same-date nativeEUR ES,True,JPY minus CHF,120,-0.024496139517349726,-0.060792193324759221,0.010890541398824404,-0.071698434226989127,0.022706155192289683,10,2.5861779827814053
