horizon,tau,model_key,book,report,n,breaches,nominal_expected,lags,breach_rate,rate_low,rate_high,es_identification_mean,es_identification_low,es_identification_high,fewer_than_30_breaches,no_asymptotic_tail_pvalues,normal_intervals_descriptive
1,0.94999999999999996,HS1250,unfinanced_treasury,EUR,189,7,9.4500000000000082,20,0.037037037037037035,0.010246954552264868,0.063827119521809195,0.235482171462878,0.15373232642368251,0.3172320165020735,True,True,True
1,0.94999999999999996,HS1250,unfinanced_treasury,EUR,189,7,9.4500000000000082,60,0.037037037037037035,0.012740513468997967,0.061333560605076103,0.235482171462878,0.16342889156599805,0.30753545135975796,True,True,True
1,0.94999999999999996,HS1250,unfinanced_treasury,USD,189,7,9.4500000000000082,20,0.037037037037037035,0.017241827162771884,0.056832246911302189,0.21161852889939126,0.12806749100044718,0.29516956679833534,True,True,True
1,0.94999999999999996,HS1250,unfinanced_treasury,USD,189,7,9.4500000000000082,60,0.037037037037037035,0.02800069770157694,0.04607337637249713,0.21161852889939126,0.16069624521790654,0.26254081258087597,True,True,True
1,0.94999999999999996,IN_FHS1250@CHF,unfinanced_treasury,EUR,189,9,9.4500000000000082,20,0.047619047619047616,0.012431191247986188,0.082806903990109038,0.11167662417055921,-0.036207612382137405,0.25956086072325579,True,True,True
1,0.94999999999999996,IN_FHS1250@CHF,unfinanced_treasury,EUR,189,9,9.4500000000000082,60,0.047619047619047616,0.016867437547230413,0.07837065769086482,0.11167662417055921,-0.016642589489527737,0.23999583783064615,True,True,True
1,0.94999999999999996,IN_FHS1250@CHF,unfinanced_treasury,USD,189,8,9.4500000000000082,20,0.042328042328042326,0.019558952323769561,0.065097132332315094,0.01005774020129278,-0.12719709251140116,0.14731257291398669,True,True,True
1,0.94999999999999996,IN_FHS1250@CHF,unfinanced_treasury,USD,189,8,9.4500000000000082,60,0.042328042328042326,0.030240768354184475,0.054415316301900177,0.01005774020129278,-0.079862779739918621,0.099978260142504188,True,True,True
1,0.94999999999999996,IN_FHS1250@EUR,unfinanced_treasury,EUR,189,11,9.4500000000000082,20,0.058201058201058198,0.022928541971817457,0.093473574430298939,-0.088459172156386004,-0.39054203590002934,0.21362369158725736,True,True,True
1,0.94999999999999996,IN_FHS1250@EUR,unfinanced_treasury,EUR,189,11,9.4500000000000082,60,0.058201058201058198,0.031299339382922967,0.085102777019193429,-0.088459172156386004,-0.36082873377992286,0.18391038946715088,True,True,True
1,0.94999999999999996,IN_FHS1250@EUR,unfinanced_treasury,USD,189,12,9.4500000000000082,20,0.063492063492063489,0.037652461522472716,0.089331665461654261,-0.19176072674725009,-0.41887716675893943,0.035355713264439259,True,True,True
1,0.94999999999999996,IN_FHS1250@EUR,unfinanced_treasury,USD,189,12,9.4500000000000082,60,0.063492063492063489,0.047178617518005644,0.079805509466121333,-0.19176072674725009,-0.36158794142350537,-0.021933512070994782,True,True,True
1,0.94999999999999996,IN_FHS1250@GBP,unfinanced_treasury,EUR,189,11,9.4500000000000082,20,0.058201058201058198,0.022928541971817457,0.093473574430298939,-0.044502045311071776,-0.31413702948126182,0.22513293885911828,True,True,True
1,0.94999999999999996,IN_FHS1250@GBP,unfinanced_treasury,EUR,189,11,9.4500000000000082,60,0.058201058201058198,0.031299339382922967,0.085102777019193429,-0.044502045311071776,-0.28051221309217672,0.19150812247003318,True,True,True
1,0.94999999999999996,IN_FHS1250@GBP,unfinanced_treasury,USD,189,9,9.4500000000000082,20,0.047619047619047616,0.022921106109897279,0.07231698912819795,-0.10168876474462055,-0.28273320511873989,0.079355675629498773,True,True,True
1,0.94999999999999996,IN_FHS1250@GBP,unfinanced_treasury,USD,189,9,9.4500000000000082,60,0.047619047619047616,0.034512671569352178,0.060725423668743055,-0.10168876474462055,-0.24756631651960789,0.0441887870303668,True,True,True
1,0.94999999999999996,IN_FHS1250@JPY,unfinanced_treasury,EUR,189,8,9.4500000000000082,20,0.042328042328042326,0.010249527227090861,0.074406557428993797,-0.07292788831527719,-0.34077620081925897,0.19492042418870459,True,True,True
1,0.94999999999999996,IN_FHS1250@JPY,unfinanced_treasury,EUR,189,8,9.4500000000000082,60,0.042328042328042326,0.017686733403725344,0.06696935125235931,-0.07292788831527719,-0.28453011623817337,0.13867433960761899,True,True,True
1,0.94999999999999996,IN_FHS1250@JPY,unfinanced_treasury,USD,189,11,9.4500000000000082,20,0.058201058201058198,0.034814897465195505,0.081587218936920891,-0.16868544776835073,-0.38436358578307972,0.046992690246378255,True,True,True
1,0.94999999999999996,IN_FHS1250@JPY,unfinanced_treasury,USD,189,11,9.4500000000000082,60,0.058201058201058198,0.045342741592267054,0.071059374809849335,-0.16868544776835073,-0.34470989039618344,0.0073389948594819732,True,True,True
1,0.94999999999999996,IN_FHS1250@USD,unfinanced_treasury,EUR,189,10,9.4500000000000082,20,0.052910052910052907,0.015878367747437887,0.089941738072667921,-0.06457197500896987,-0.34781175942325115,0.21866780940531139,True,True,True
1,0.94999999999999996,IN_FHS1250@USD,unfinanced_treasury,EUR,189,10,9.4500000000000082,60,0.052910052910052907,0.020908896656203851,0.084911209163901963,-0.06457197500896987,-0.31745521723742648,0.18831126721948671,True,True,True
1,0.94999999999999996,IN_FHS1250@USD,unfinanced_treasury,USD,189,9,9.4500000000000082,20,0.047619047619047616,0.022921106109897279,0.07231698912819795,-0.02650022854282073,-0.18772428605081762,0.13472382896517618,True,True,True
1,0.94999999999999996,IN_FHS1250@USD,unfinanced_treasury,USD,189,9,9.4500000000000082,60,0.047619047619047616,0.034512671569352178,0.060725423668743055,-0.02650022854282073,-0.16158521002060935,0.1085847529349679,True,True,True
1,0.94999999999999996,IN_FHS_REF_POOL,unfinanced_treasury,EUR,189,9,9.4500000000000082,20,0.047619047619047616,0.012431191247986188,0.082806903990109038,-0.011192906977856541,-0.2587259133572381,0.23634009940152501,True,True,True
1,0.94999999999999996,IN_FHS_REF_POOL,unfinanced_treasury,EUR,189,9,9.4500000000000082,60,0.047619047619047616,0.016867437547230413,0.07837065769086482,-0.011192906977856541,-0.22546963472925233,0.20308382077353923,True,True,True
1,0.94999999999999996,IN_FHS_REF_POOL,unfinanced_treasury,USD,189,9,9.4500000000000082,20,0.047619047619047616,0.022921106109897279,0.07231698912819795,-0.071854978291449156,-0.24832231986210268,0.10461236327920437,True,True,True
1,0.94999999999999996,IN_FHS_REF_POOL,unfinanced_treasury,USD,189,9,9.4500000000000082,60,0.047619047619047616,0.034512671569352178,0.060725423668743055,-0.071854978291449156,-0.21205448822023576,0.068344531637337447,True,True,True
1,0.98999999999999999,HS1250,unfinanced_treasury,EUR,189,0,1.8900000000000017,20,0,0,0,0.31725186738159949,0.31725186738159944,0.31725186738159955,True,True,True
1,0.98999999999999999,HS1250,unfinanced_treasury,EUR,189,0,1.8900000000000017,60,0,0,0,0.31725186738159949,0.31725186738159944,0.31725186738159955,True,True,True
1,0.98999999999999999,HS1250,unfinanced_treasury,USD,189,0,1.8900000000000017,20,0,0,0,0.25052990473210113,0.24603182419544131,0.25502798526876097,True,True,True
1,0.98999999999999999,HS1250,unfinanced_treasury,USD,189,0,1.8900000000000017,60,0,0,0,0.25052990473210113,0.24593253025973819,0.2551272792044641,True,True,True
1,0.98999999999999999,IN_FHS1250@CHF,unfinanced_treasury,EUR,189,1,1.8900000000000017,20,0.0052910052910052907,-0.0045218258411290971,0.015103836423139679,0.24689330580954527,0.19623713281688723,0.29754947880220328,True,True,True
1,0.98999999999999999,IN_FHS1250@CHF,unfinanced_treasury,EUR,189,1,1.8900000000000017,60,0.0052910052910052907,-0.0041572063774823406,0.014739216959492922,0.24689330580954527,0.19639401734590678,0.29739259427318376,True,True,True
1,0.98999999999999999,IN_FHS1250@CHF,unfinanced_treasury,USD,189,2,1.8900000000000017,20,0.010582010582010581,-0.0022878646711882548,0.023451885835209418,0.074863989894649374,-0.030901449390257574,0.18062942917955632,True,True,True
1,0.98999999999999999,IN_FHS1250@CHF,unfinanced_treasury,USD,189,2,1.8900000000000017,60,0.010582010582010581,0.00091548041337064824,0.020248540750650516,0.074863989894649374,-0.0025414102190256388,0.1522693900083244,True,True,True
1,0.98999999999999999,IN_FHS1250@EUR,unfinanced_treasury,EUR,189,2,1.8900000000000017,20,0.010582010582010581,-0.0023759894501839251,0.02354001061420509,0.048863239069631255,-0.1820563512248369,0.27978282936409943,True,True,True
1,0.98999999999999999,IN_FHS1250@EUR,unfinanced_treasury,EUR,189,2,1.8900000000000017,60,0.010582010582010581,-0.0009841838535165192,0.022148205017537684,0.048863239069631255,-0.16005238305576,0.25777886119502252,True,True,True
1,0.98999999999999999,IN_FHS1250@EUR,unfinanced_treasury,USD,189,4,1.8900000000000017,20,0.021164021164021163,0.0059278910604473323,0.036400151267594993,-0.28580827122385211,-0.71130483749732087,0.13968829504961666,True,True,True
1,0.98999999999999999,IN_FHS1250@EUR,unfinanced_treasury,USD,189,4,1.8900000000000017,60,0.021164021164021163,0.0055210505303115893,0.03680699179773074,-0.28580827122385211,-0.65001551311899042,0.078398970671286261,True,True,True
1,0.98999999999999999,IN_FHS1250@GBP,unfinanced_treasury,EUR,189,2,1.8900000000000017,20,0.010582010582010581,-0.0023759894501839251,0.02354001061420509,0.066906448334704133,-0.18295500766133285,0.31676790433074109,True,True,True
1,0.98999999999999999,IN_FHS1250@GBP,unfinanced_treasury,EUR,189,2,1.8900000000000017,60,0.010582010582010581,-0.0009841838535165192,0.022148205017537684,0.066906448334704133,-0.15681662206250221,0.29062951873191045,True,True,True
1,0.98999999999999999,IN_FHS1250@GBP,unfinanced_treasury,USD,189,3,1.8900000000000017,20,0.015873015873015872,0.001337623223535752,0.030408408522495992,-0.20108551950418654,-0.55312303031416665,0.15095199130579354,True,True,True
1,0.98999999999999999,IN_FHS1250@GBP,unfinanced_treasury,USD,189,3,1.8900000000000017,60,0.015873015873015872,0.0039905828930134196,0.027755448853018325,-0.20108551950418654,-0.49029528819408641,0.088124249185713294,True,True,True
1,0.98999999999999999,IN_FHS1250@JPY,unfinanced_treasury,EUR,189,3,1.8900000000000017,20,0.015873015873015872,0.0012262013273960891,0.030519830418635655,0.039687378079384147,-0.145141484994397,0.22451624115316532,True,True,True
1,0.98999999999999999,IN_FHS1250@JPY,unfinanced_treasury,EUR,189,3,1.8900000000000017,60,0.015873015873015872,0.0060709172510975944,0.025675114494934148,0.039687378079384147,-0.11761946112783712,0.19699421728660543,True,True,True
1,0.98999999999999999,IN_FHS1250@JPY,unfinanced_treasury,USD,189,4,1.8900000000000017,20,0.021164021164021163,0.0059278910604473323,0.036400151267594993,-0.43265273317762742,-0.92333970775927665,0.058034241404021802,True,True,True
1,0.98999999999999999,IN_FHS1250@JPY,unfinanced_treasury,USD,189,4,1.8900000000000017,60,0.021164021164021163,0.0055210505303115893,0.03680699179773074,-0.43265273317762742,-0.84984742168994809,-0.015458044665306758,True,True,True
1,0.98999999999999999,IN_FHS1250@USD,unfinanced_treasury,EUR,189,3,1.8900000000000017,20,0.015873015873015872,0.0012206524740027199,0.030525379272029023,0.048301500937171338,-0.15809563165664289,0.25469863353098554,True,True,True
1,0.98999999999999999,IN_FHS1250@USD,unfinanced_treasury,EUR,189,3,1.8900000000000017,60,0.015873015873015872,0.00074371458986650235,0.031002317156165242,0.048301500937171338,-0.14409998375869043,0.24070298563303311,True,True,True
1,0.98999999999999999,IN_FHS1250@USD,unfinanced_treasury,USD,189,2,1.8900000000000017,20,0.010582010582010581,-0.0022878646711882548,0.023451885835209418,-0.0071285272886233916,-0.27547127936366578,0.26121422478641898,True,True,True
1,0.98999999999999999,IN_FHS1250@USD,unfinanced_treasury,USD,189,2,1.8900000000000017,60,0.010582010582010581,-0.00012304040522540666,0.02128706156924657,-0.0071285272886233916,-0.25191932750183521,0.23766227292458844,True,True,True
1,0.98999999999999999,IN_FHS_REF_POOL,unfinanced_treasury,EUR,189,2,1.8900000000000017,20,0.010582010582010581,-0.0023759894501839251,0.02354001061420509,0.13273787397819625,-0.034980114122833667,0.30045586207922614,True,True,True
1,0.98999999999999999,IN_FHS_REF_POOL,unfinanced_treasury,EUR,189,2,1.8900000000000017,60,0.010582010582010581,-0.0009841838535165192,0.022148205017537684,0.13273787397819625,-0.025679440775760343,0.29115518873215285,True,True,True
1,0.98999999999999999,IN_FHS_REF_POOL,unfinanced_treasury,USD,189,3,1.8900000000000017,20,0.015873015873015872,0.001337623223535752,0.030408408522495992,-0.097178464741682943,-0.38835271528940735,0.19399578580604143,True,True,True
1,0.98999999999999999,IN_FHS_REF_POOL,unfinanced_treasury,USD,189,3,1.8900000000000017,60,0.015873015873015872,0.0039905828930134196,0.027755448853018325,-0.097178464741682943,-0.3352356002110356,0.14087867072766969,True,True,True
