tau,block,comparator,observed_difference,lower_one_sided_simultaneous_95,upper_one_sided_simultaneous_95,family_n,exploratory_margin,upper_bound_below_exploratory_margin,directional_bounds_inside_exploratory_margin,required_NI_margin,required_equivalence_margin,margin_has_no_prespecified_economic_justification
0.94999999999999996,20,IN_FHS1250@EUR,0.00036572164301467309,-0.016729327730686864,0.016348710345555292,5,0.0050000000000000001,False,False,0.016348710345555292,0.016729327730686864,True
0.94999999999999996,20,IN_FHS1250@EUR,0.00036572164301467309,-0.016729327730686864,0.016348710345555292,5,0.01,False,False,0.016348710345555292,0.016729327730686864,True
0.94999999999999996,20,IN_FHS1250@EUR,0.00036572164301467309,-0.016729327730686864,0.016348710345555292,5,0.02,True,True,0.016348710345555292,0.016729327730686864,True
0.94999999999999996,20,IN_FHS1250@EUR,0.00036572164301467309,-0.016729327730686864,0.016348710345555292,5,0.050000000000000003,True,True,0.016348710345555292,0.016729327730686864,True
0.94999999999999996,20,FHS1250@EUR,-0.0089378020794982135,-0.027172147964430737,0.0081103700495297002,5,0.0050000000000000001,False,False,0.0081103700495297002,0.027172147964430737,True
0.94999999999999996,20,FHS1250@EUR,-0.0089378020794982135,-0.027172147964430737,0.0081103700495297002,5,0.01,True,False,0.0081103700495297002,0.027172147964430737,True
0.94999999999999996,20,FHS1250@EUR,-0.0089378020794982135,-0.027172147964430737,0.0081103700495297002,5,0.02,True,False,0.0081103700495297002,0.027172147964430737,True
0.94999999999999996,20,FHS1250@EUR,-0.0089378020794982135,-0.027172147964430737,0.0081103700495297002,5,0.050000000000000003,True,True,0.0081103700495297002,0.027172147964430737,True
0.94999999999999996,20,EWMA_GAUSS,0.0034229052290418436,-0.033775735177537049,0.038201713781817991,5,0.0050000000000000001,False,False,0.038201713781817991,0.038201713781817991,True
0.94999999999999996,20,EWMA_GAUSS,0.0034229052290418436,-0.033775735177537049,0.038201713781817991,5,0.01,False,False,0.038201713781817991,0.038201713781817991,True
0.94999999999999996,20,EWMA_GAUSS,0.0034229052290418436,-0.033775735177537049,0.038201713781817991,5,0.02,False,False,0.038201713781817991,0.038201713781817991,True
0.94999999999999996,20,EWMA_GAUSS,0.0034229052290418436,-0.033775735177537049,0.038201713781817991,5,0.050000000000000003,True,True,0.038201713781817991,0.038201713781817991,True
0.94999999999999996,20,EWMA_SELFNORMALIZED,0.0041687347540196058,-0.032443208987018177,0.038399012210325954,5,0.0050000000000000001,False,False,0.038399012210325954,0.038399012210325954,True
0.94999999999999996,20,EWMA_SELFNORMALIZED,0.0041687347540196058,-0.032443208987018177,0.038399012210325954,5,0.01,False,False,0.038399012210325954,0.038399012210325954,True
0.94999999999999996,20,EWMA_SELFNORMALIZED,0.0041687347540196058,-0.032443208987018177,0.038399012210325954,5,0.02,False,False,0.038399012210325954,0.038399012210325954,True
0.94999999999999996,20,EWMA_SELFNORMALIZED,0.0041687347540196058,-0.032443208987018177,0.038399012210325954,5,0.050000000000000003,True,True,0.038399012210325954,0.038399012210325954,True
0.94999999999999996,20,TAYLOR_OPT,0.004402517010206968,-0.015181488749102082,0.022712551451116673,5,0.0050000000000000001,False,False,0.022712551451116673,0.022712551451116673,True
0.94999999999999996,20,TAYLOR_OPT,0.004402517010206968,-0.015181488749102082,0.022712551451116673,5,0.01,False,False,0.022712551451116673,0.022712551451116673,True
0.94999999999999996,20,TAYLOR_OPT,0.004402517010206968,-0.015181488749102082,0.022712551451116673,5,0.02,False,False,0.022712551451116673,0.022712551451116673,True
0.94999999999999996,20,TAYLOR_OPT,0.004402517010206968,-0.015181488749102082,0.022712551451116673,5,0.050000000000000003,True,True,0.022712551451116673,0.022712551451116673,True
0.94999999999999996,60,IN_FHS1250@EUR,0.00036572164301467309,-0.017060815177020856,0.016834400542367241,5,0.0050000000000000001,False,False,0.016834400542367241,0.017060815177020856,True
0.94999999999999996,60,IN_FHS1250@EUR,0.00036572164301467309,-0.017060815177020856,0.016834400542367241,5,0.01,False,False,0.016834400542367241,0.017060815177020856,True
0.94999999999999996,60,IN_FHS1250@EUR,0.00036572164301467309,-0.017060815177020856,0.016834400542367241,5,0.02,True,True,0.016834400542367241,0.017060815177020856,True
0.94999999999999996,60,IN_FHS1250@EUR,0.00036572164301467309,-0.017060815177020856,0.016834400542367241,5,0.050000000000000003,True,True,0.016834400542367241,0.017060815177020856,True
0.94999999999999996,60,FHS1250@EUR,-0.0089378020794982135,-0.029662843184560431,0.010648077241213366,5,0.0050000000000000001,False,False,0.010648077241213366,0.029662843184560431,True
0.94999999999999996,60,FHS1250@EUR,-0.0089378020794982135,-0.029662843184560431,0.010648077241213366,5,0.01,False,False,0.010648077241213366,0.029662843184560431,True
0.94999999999999996,60,FHS1250@EUR,-0.0089378020794982135,-0.029662843184560431,0.010648077241213366,5,0.02,True,False,0.010648077241213366,0.029662843184560431,True
0.94999999999999996,60,FHS1250@EUR,-0.0089378020794982135,-0.029662843184560431,0.010648077241213366,5,0.050000000000000003,True,True,0.010648077241213366,0.029662843184560431,True
0.94999999999999996,60,EWMA_GAUSS,0.0034229052290418436,-0.033657587638306286,0.038465251093195284,5,0.0050000000000000001,False,False,0.038465251093195284,0.038465251093195284,True
0.94999999999999996,60,EWMA_GAUSS,0.0034229052290418436,-0.033657587638306286,0.038465251093195284,5,0.01,False,False,0.038465251093195284,0.038465251093195284,True
0.94999999999999996,60,EWMA_GAUSS,0.0034229052290418436,-0.033657587638306286,0.038465251093195284,5,0.02,False,False,0.038465251093195284,0.038465251093195284,True
0.94999999999999996,60,EWMA_GAUSS,0.0034229052290418436,-0.033657587638306286,0.038465251093195284,5,0.050000000000000003,True,True,0.038465251093195284,0.038465251093195284,True
0.94999999999999996,60,EWMA_SELFNORMALIZED,0.0041687347540196058,-0.032221455536720796,0.038558720852434732,5,0.0050000000000000001,False,False,0.038558720852434732,0.038558720852434732,True
0.94999999999999996,60,EWMA_SELFNORMALIZED,0.0041687347540196058,-0.032221455536720796,0.038558720852434732,5,0.01,False,False,0.038558720852434732,0.038558720852434732,True
0.94999999999999996,60,EWMA_SELFNORMALIZED,0.0041687347540196058,-0.032221455536720796,0.038558720852434732,5,0.02,False,False,0.038558720852434732,0.038558720852434732,True
0.94999999999999996,60,EWMA_SELFNORMALIZED,0.0041687347540196058,-0.032221455536720796,0.038558720852434732,5,0.050000000000000003,True,True,0.038558720852434732,0.038558720852434732,True
0.94999999999999996,60,TAYLOR_OPT,0.004402517010206968,-0.014397908895739872,0.022169568525579542,5,0.0050000000000000001,False,False,0.022169568525579542,0.022169568525579542,True
0.94999999999999996,60,TAYLOR_OPT,0.004402517010206968,-0.014397908895739872,0.022169568525579542,5,0.01,False,False,0.022169568525579542,0.022169568525579542,True
0.94999999999999996,60,TAYLOR_OPT,0.004402517010206968,-0.014397908895739872,0.022169568525579542,5,0.02,False,False,0.022169568525579542,0.022169568525579542,True
0.94999999999999996,60,TAYLOR_OPT,0.004402517010206968,-0.014397908895739872,0.022169568525579542,5,0.050000000000000003,True,True,0.022169568525579542,0.022169568525579542,True
0.98999999999999999,20,IN_FHS1250@EUR,-0.0077322937253226798,-0.047015199655057432,0.028889736063820469,5,0.0050000000000000001,False,False,0.028889736063820469,0.047015199655057432,True
0.98999999999999999,20,IN_FHS1250@EUR,-0.0077322937253226798,-0.047015199655057432,0.028889736063820469,5,0.01,False,False,0.028889736063820469,0.047015199655057432,True
0.98999999999999999,20,IN_FHS1250@EUR,-0.0077322937253226798,-0.047015199655057432,0.028889736063820469,5,0.02,False,False,0.028889736063820469,0.047015199655057432,True
0.98999999999999999,20,IN_FHS1250@EUR,-0.0077322937253226798,-0.047015199655057432,0.028889736063820469,5,0.050000000000000003,True,True,0.028889736063820469,0.047015199655057432,True
0.98999999999999999,20,FHS1250@EUR,-0.044783761991735227,-0.086355245161943234,-0.0060281745674904061,5,0.0050000000000000001,True,False,0,0.086355245161943234,True
0.98999999999999999,20,FHS1250@EUR,-0.044783761991735227,-0.086355245161943234,-0.0060281745674904061,5,0.01,True,False,0,0.086355245161943234,True
0.98999999999999999,20,FHS1250@EUR,-0.044783761991735227,-0.086355245161943234,-0.0060281745674904061,5,0.02,True,False,0,0.086355245161943234,True
0.98999999999999999,20,FHS1250@EUR,-0.044783761991735227,-0.086355245161943234,-0.0060281745674904061,5,0.050000000000000003,True,False,0,0.086355245161943234,True
0.98999999999999999,20,EWMA_GAUSS,-0.13845834727503845,-0.26875950184551189,-0.016983302308276091,5,0.0050000000000000001,True,False,0,0.26875950184551189,True
0.98999999999999999,20,EWMA_GAUSS,-0.13845834727503845,-0.26875950184551189,-0.016983302308276091,5,0.01,True,False,0,0.26875950184551189,True
0.98999999999999999,20,EWMA_GAUSS,-0.13845834727503845,-0.26875950184551189,-0.016983302308276091,5,0.02,True,False,0,0.26875950184551189,True
0.98999999999999999,20,EWMA_GAUSS,-0.13845834727503845,-0.26875950184551189,-0.016983302308276091,5,0.050000000000000003,True,False,0,0.26875950184551189,True
0.98999999999999999,20,EWMA_SELFNORMALIZED,-0.13159706572508545,-0.2582703172387526,-0.013504183321757984,5,0.0050000000000000001,True,False,0,0.2582703172387526,True
0.98999999999999999,20,EWMA_SELFNORMALIZED,-0.13159706572508545,-0.2582703172387526,-0.013504183321757984,5,0.01,True,False,0,0.2582703172387526,True
0.98999999999999999,20,EWMA_SELFNORMALIZED,-0.13159706572508545,-0.2582703172387526,-0.013504183321757984,5,0.02,True,False,0,0.2582703172387526,True
0.98999999999999999,20,EWMA_SELFNORMALIZED,-0.13159706572508545,-0.2582703172387526,-0.013504183321757984,5,0.050000000000000003,True,False,0,0.2582703172387526,True
0.98999999999999999,20,TAYLOR_OPT,-0.010029948209687905,-0.061029274424545581,0.037514875668858555,5,0.0050000000000000001,False,False,0.037514875668858555,0.061029274424545581,True
0.98999999999999999,20,TAYLOR_OPT,-0.010029948209687905,-0.061029274424545581,0.037514875668858555,5,0.01,False,False,0.037514875668858555,0.061029274424545581,True
0.98999999999999999,20,TAYLOR_OPT,-0.010029948209687905,-0.061029274424545581,0.037514875668858555,5,0.02,False,False,0.037514875668858555,0.061029274424545581,True
0.98999999999999999,20,TAYLOR_OPT,-0.010029948209687905,-0.061029274424545581,0.037514875668858555,5,0.050000000000000003,True,False,0.037514875668858555,0.061029274424545581,True
0.98999999999999999,60,IN_FHS1250@EUR,-0.0077322937253226798,-0.047623182661601614,0.0280613230112952,5,0.0050000000000000001,False,False,0.0280613230112952,0.047623182661601614,True
0.98999999999999999,60,IN_FHS1250@EUR,-0.0077322937253226798,-0.047623182661601614,0.0280613230112952,5,0.01,False,False,0.0280613230112952,0.047623182661601614,True
0.98999999999999999,60,IN_FHS1250@EUR,-0.0077322937253226798,-0.047623182661601614,0.0280613230112952,5,0.02,False,False,0.0280613230112952,0.047623182661601614,True
0.98999999999999999,60,IN_FHS1250@EUR,-0.0077322937253226798,-0.047623182661601614,0.0280613230112952,5,0.050000000000000003,True,True,0.0280613230112952,0.047623182661601614,True
0.98999999999999999,60,FHS1250@EUR,-0.044783761991735227,-0.097232266664759953,0.0022776529011181712,5,0.0050000000000000001,True,False,0.0022776529011181712,0.097232266664759953,True
0.98999999999999999,60,FHS1250@EUR,-0.044783761991735227,-0.097232266664759953,0.0022776529011181712,5,0.01,True,False,0.0022776529011181712,0.097232266664759953,True
0.98999999999999999,60,FHS1250@EUR,-0.044783761991735227,-0.097232266664759953,0.0022776529011181712,5,0.02,True,False,0.0022776529011181712,0.097232266664759953,True
0.98999999999999999,60,FHS1250@EUR,-0.044783761991735227,-0.097232266664759953,0.0022776529011181712,5,0.050000000000000003,True,False,0.0022776529011181712,0.097232266664759953,True
0.98999999999999999,60,EWMA_GAUSS,-0.13845834727503845,-0.27357974700061383,-0.017215534099871824,5,0.0050000000000000001,True,False,0,0.27357974700061383,True
0.98999999999999999,60,EWMA_GAUSS,-0.13845834727503845,-0.27357974700061383,-0.017215534099871824,5,0.01,True,False,0,0.27357974700061383,True
0.98999999999999999,60,EWMA_GAUSS,-0.13845834727503845,-0.27357974700061383,-0.017215534099871824,5,0.02,True,False,0,0.27357974700061383,True
0.98999999999999999,60,EWMA_GAUSS,-0.13845834727503845,-0.27357974700061383,-0.017215534099871824,5,0.050000000000000003,True,False,0,0.27357974700061383,True
0.98999999999999999,60,EWMA_SELFNORMALIZED,-0.13159706572508545,-0.26161819633742278,-0.014930662922334095,5,0.0050000000000000001,True,False,0,0.26161819633742278,True
0.98999999999999999,60,EWMA_SELFNORMALIZED,-0.13159706572508545,-0.26161819633742278,-0.014930662922334095,5,0.01,True,False,0,0.26161819633742278,True
0.98999999999999999,60,EWMA_SELFNORMALIZED,-0.13159706572508545,-0.26161819633742278,-0.014930662922334095,5,0.02,True,False,0,0.26161819633742278,True
0.98999999999999999,60,EWMA_SELFNORMALIZED,-0.13159706572508545,-0.26161819633742278,-0.014930662922334095,5,0.050000000000000003,True,False,0,0.26161819633742278,True
0.98999999999999999,60,TAYLOR_OPT,-0.010029948209687905,-0.065488091590688177,0.039731979439375217,5,0.0050000000000000001,False,False,0.039731979439375217,0.065488091590688177,True
0.98999999999999999,60,TAYLOR_OPT,-0.010029948209687905,-0.065488091590688177,0.039731979439375217,5,0.01,False,False,0.039731979439375217,0.065488091590688177,True
0.98999999999999999,60,TAYLOR_OPT,-0.010029948209687905,-0.065488091590688177,0.039731979439375217,5,0.02,False,False,0.039731979439375217,0.065488091590688177,True
0.98999999999999999,60,TAYLOR_OPT,-0.010029948209687905,-0.065488091590688177,0.039731979439375217,5,0.050000000000000003,True,False,0.039731979439375217,0.065488091590688177,True
