model_key,elimination_step,remaining_before,test_statistic,raw_pvalue,mcs_pvalue,mean_score,included_95,witness_model,study,horizon,tau,block,n_dates,tasks_per_date,family_n
IN_FHS1250@USD,1,9,3.2697048994952236,0.0089982003599280141,0.0089982003599280141,-5.2434231098133823,False,IN_FHS1250@EUR,temporal,1,0.94999999999999996,20,189,4,9
HS1250,2,8,3.0254426605023288,0.014397120575884824,0.014397120575884824,-5.2178255602031109,False,IN_FHS1250@CHF,temporal,1,0.94999999999999996,20,189,4,9
IN_FHS1250@JPY,3,7,2.366647550460268,0.068186362727454514,0.068186362727454514,-5.2040347354455241,True,IN_FHS1250@EUR,temporal,1,0.94999999999999996,20,189,4,9
IN_FHS_REF_POOL,4,6,1.5618565855448796,0.31313737252549489,0.31313737252549489,-5.2829510871545482,True,IN_FHS1250@EUR,temporal,1,0.94999999999999996,20,189,4,9
IN_FHS1250@GBP,5,5,1.3018850883308291,0.36672665466906618,0.36672665466906618,-5.3008660611490672,True,IN_FHS1250@CHF,temporal,1,0.94999999999999996,20,189,4,9
EWMA_GAUSS,6,4,1.2839412837056106,0.28814237152569488,0.36672665466906618,-5.2297928907665803,True,EWMA_SELFNORMALIZED,temporal,1,0.94999999999999996,20,189,4,9
EWMA_SELFNORMALIZED,7,3,0.72550795733990625,0.58508298340331932,0.58508298340331932,-5.2344777127077702,True,IN_FHS1250@EUR,temporal,1,0.94999999999999996,20,189,4,9
IN_FHS1250@EUR,8,2,0.63819675719852398,0.53209358128374329,0.58508298340331932,-5.3048168430943532,True,IN_FHS1250@CHF,temporal,1,0.94999999999999996,20,189,4,9
IN_FHS1250@CHF,9,1,0,1,1,-5.3301803380955635,True,none,temporal,1,0.94999999999999996,20,189,4,9
IN_FHS1250@USD,1,9,4.4942326736623794,0.00039992001599680062,0.00039992001599680062,-5.2434231098133823,False,IN_FHS1250@GBP,temporal,1,0.94999999999999996,60,189,4,9
HS1250,2,8,3.5873842603560515,0.0025994801039792041,0.0025994801039792041,-5.2178255602031109,False,IN_FHS1250@CHF,temporal,1,0.94999999999999996,60,189,4,9
IN_FHS1250@JPY,3,7,2.6069816748074359,0.032793441311737649,0.032793441311737649,-5.2040347354455241,False,IN_FHS1250@EUR,temporal,1,0.94999999999999996,60,189,4,9
IN_FHS_REF_POOL,4,6,2.5620351028252122,0.031793641271745651,0.032793441311737649,-5.2829510871545482,False,IN_FHS1250@EUR,temporal,1,0.94999999999999996,60,189,4,9
IN_FHS1250@GBP,5,5,1.7664080116870973,0.15716856628674264,0.15716856628674264,-5.3008660611490672,True,IN_FHS1250@CHF,temporal,1,0.94999999999999996,60,189,4,9
EWMA_GAUSS,6,4,1.6700748184082841,0.1329734053189362,0.15716856628674264,-5.2297928907665803,True,EWMA_SELFNORMALIZED,temporal,1,0.94999999999999996,60,189,4,9
EWMA_SELFNORMALIZED,7,3,1.0360649754507805,0.38472305538892221,0.38472305538892221,-5.2344777127077702,True,IN_FHS1250@EUR,temporal,1,0.94999999999999996,60,189,4,9
IN_FHS1250@EUR,8,2,0.88382598422464242,0.3869226154769046,0.3869226154769046,-5.3048168430943532,True,IN_FHS1250@CHF,temporal,1,0.94999999999999996,60,189,4,9
IN_FHS1250@CHF,9,1,0,1,1,-5.3301803380955635,True,none,temporal,1,0.94999999999999996,60,189,4,9
IN_FHS1250@USD,1,9,2.245957436995321,0.10197960407918416,0.10197960407918416,-4.5738834062625946,True,IN_FHS1250@CHF,temporal,1,0.98999999999999999,20,189,4,9
IN_FHS_REF_POOL,2,8,2.1635963667131839,0.10557888422315537,0.10557888422315537,-4.6402857517926428,True,IN_FHS1250@CHF,temporal,1,0.98999999999999999,20,189,4,9
IN_FHS1250@GBP,3,7,2.1316433733105957,0.085382923415316933,0.10557888422315537,-4.6375254279296323,True,IN_FHS1250@CHF,temporal,1,0.98999999999999999,20,189,4,9
IN_FHS1250@JPY,4,6,2.108575372113207,0.08018396320735853,0.10557888422315537,-4.3664393590493393,True,IN_FHS1250@EUR,temporal,1,0.98999999999999999,20,189,4,9
IN_FHS1250@EUR,5,5,1.8203245103039525,0.12037592481503699,0.12037592481503699,-4.5707582295359748,True,IN_FHS1250@CHF,temporal,1,0.98999999999999999,20,189,4,9
EWMA_GAUSS,6,4,1.6947150378067151,0.14397120575884823,0.14397120575884823,-3.9426964222682934,True,IN_FHS1250@CHF,temporal,1,0.98999999999999999,20,189,4,9
EWMA_SELFNORMALIZED,7,3,1.6937765645905603,0.13637272545490903,0.14397120575884823,-3.989776599658772,True,IN_FHS1250@CHF,temporal,1,0.98999999999999999,20,189,4,9
HS1250,8,2,0.60452701932944852,0.55348930213957204,0.55348930213957204,-4.7608502205748451,True,IN_FHS1250@CHF,temporal,1,0.98999999999999999,20,189,4,9
IN_FHS1250@CHF,9,1,0,1,1,-4.8283683051437558,True,none,temporal,1,0.98999999999999999,20,189,4,9
IN_FHS1250@USD,1,9,3.4360074335845492,0.0049990001999600077,0.0049990001999600077,-4.5738834062625946,False,IN_FHS1250@CHF,temporal,1,0.98999999999999999,60,189,4,9
IN_FHS1250@JPY,2,8,3.3095842948963394,0.0047990401919616073,0.0049990001999600077,-4.3664393590493393,False,IN_FHS1250@EUR,temporal,1,0.98999999999999999,60,189,4,9
IN_FHS_REF_POOL,3,7,3.0204851074064756,0.0099980003999200154,0.0099980003999200154,-4.6402857517926428,False,IN_FHS1250@CHF,temporal,1,0.98999999999999999,60,189,4,9
IN_FHS1250@GBP,4,6,2.7404854945822787,0.011597680463907219,0.011597680463907219,-4.6375254279296323,False,IN_FHS1250@CHF,temporal,1,0.98999999999999999,60,189,4,9
IN_FHS1250@EUR,5,5,2.2440544209286486,0.034793041391721659,0.034793041391721659,-4.5707582295359748,False,IN_FHS1250@CHF,temporal,1,0.98999999999999999,60,189,4,9
EWMA_SELFNORMALIZED,6,4,2.120232614521643,0.048390321935612879,0.048390321935612879,-3.989776599658772,False,IN_FHS1250@CHF,temporal,1,0.98999999999999999,60,189,4,9
EWMA_GAUSS,7,3,2.1152959293925115,0.047590481903619274,0.048390321935612879,-3.9426964222682934,False,IN_FHS1250@CHF,temporal,1,0.98999999999999999,60,189,4,9
HS1250,8,2,0.65571813740978246,0.55488902219556091,0.55488902219556091,-4.7608502205748451,True,IN_FHS1250@CHF,temporal,1,0.98999999999999999,60,189,4,9
IN_FHS1250@CHF,9,1,0,1,1,-4.8283683051437558,True,none,temporal,1,0.98999999999999999,60,189,4,9
IN_FHS1250@CHF,1,7,2.1984847008330153,0.17796440711857628,0.17796440711857628,-4.3301353977702703,True,IN_FHS1250@EUR,horizons,5,0.94999999999999996,20,2042,6,7
HS1250,2,6,1.8672811978929027,0.2669466106778644,0.2669466106778644,-4.2898118779770416,True,IN_FHS_REF_POOL,horizons,5,0.94999999999999996,20,2042,6,7
IN_FHS1250@GBP,3,5,1.3989187637861611,0.45750849830033991,0.45750849830033991,-4.3215257217817324,True,IN_FHS_REF_POOL,horizons,5,0.94999999999999996,20,2042,6,7
IN_FHS1250@JPY,4,4,0.86042271852387331,0.76924615076984604,0.76924615076984604,-4.3457892776779845,True,IN_FHS_REF_POOL,horizons,5,0.94999999999999996,20,2042,6,7
IN_FHS1250@USD,5,3,0.38579412073541502,0.91961607678464308,0.91961607678464308,-4.349572395797594,True,IN_FHS_REF_POOL,horizons,5,0.94999999999999996,20,2042,6,7
IN_FHS1250@EUR,6,2,0.03333465114070621,0.97040591881623672,0.97040591881623672,-4.3574715194032789,True,IN_FHS_REF_POOL,horizons,5,0.94999999999999996,20,2042,6,7
IN_FHS_REF_POOL,7,1,0,1,1,-4.3579479253124314,True,none,horizons,5,0.94999999999999996,20,2042,6,7
IN_FHS1250@CHF,1,7,1.8520913701319768,0.34573085382923413,0.34573085382923413,-4.3301353977702703,True,IN_FHS1250@EUR,horizons,5,0.94999999999999996,60,2042,6,7
HS1250,2,6,1.7211128205484201,0.36252749450109978,0.36252749450109978,-4.2898118779770416,True,IN_FHS_REF_POOL,horizons,5,0.94999999999999996,60,2042,6,7
IN_FHS1250@GBP,3,5,1.3351797862205188,0.52529494101179763,0.52529494101179763,-4.3215257217817324,True,IN_FHS_REF_POOL,horizons,5,0.94999999999999996,60,2042,6,7
IN_FHS1250@JPY,4,4,0.86492157997914698,0.78964207158568289,0.78964207158568289,-4.3457892776779845,True,IN_FHS_REF_POOL,horizons,5,0.94999999999999996,60,2042,6,7
IN_FHS1250@USD,5,3,0.3814406109316788,0.92501499700059986,0.92501499700059986,-4.349572395797594,True,IN_FHS_REF_POOL,horizons,5,0.94999999999999996,60,2042,6,7
IN_FHS1250@EUR,6,2,0.035303350712482556,0.96920615876824634,0.96920615876824634,-4.3574715194032789,True,IN_FHS_REF_POOL,horizons,5,0.94999999999999996,60,2042,6,7
IN_FHS_REF_POOL,7,1,0,1,1,-4.3579479253124314,True,none,horizons,5,0.94999999999999996,60,2042,6,7
IN_FHS1250@CHF,1,7,1.7219958432261748,0.38992201559688061,0.38992201559688061,-3.8141326009978709,True,IN_FHS_REF_POOL,horizons,5,0.98999999999999999,20,2042,6,7
IN_FHS1250@GBP,2,6,0.90251274658869807,0.88782243551289741,0.88782243551289741,-3.833685660978106,True,IN_FHS_REF_POOL,horizons,5,0.98999999999999999,20,2042,6,7
HS1250,3,5,0.53068700002709845,0.96080783843231354,0.96080783843231354,-3.854383104755307,True,IN_FHS_REF_POOL,horizons,5,0.98999999999999999,20,2042,6,7
IN_FHS1250@USD,4,4,0.44359743253849637,0.95640871825634877,0.96080783843231354,-3.8661102354842281,True,IN_FHS_REF_POOL,horizons,5,0.98999999999999999,20,2042,6,7
IN_FHS1250@JPY,5,3,0.40747435720022934,0.89162167566486705,0.96080783843231354,-3.8834197761333518,True,IN_FHS_REF_POOL,horizons,5,0.98999999999999999,20,2042,6,7
IN_FHS1250@EUR,6,2,0.3176876008904902,0.7486502699460108,0.96080783843231354,-3.8846934990338831,True,IN_FHS_REF_POOL,horizons,5,0.98999999999999999,20,2042,6,7
IN_FHS_REF_POOL,7,1,0,1,1,-3.9000196044407942,True,none,horizons,5,0.98999999999999999,20,2042,6,7
IN_FHS1250@CHF,1,7,1.5061912856099893,0.52969406118776241,0.52969406118776241,-3.8141326009978709,True,IN_FHS_REF_POOL,horizons,5,0.98999999999999999,60,2042,6,7
IN_FHS1250@GBP,2,6,0.80264882155474471,0.92761447710457912,0.92761447710457912,-3.833685660978106,True,IN_FHS_REF_POOL,horizons,5,0.98999999999999999,60,2042,6,7
HS1250,3,5,0.50664600878785515,0.97080583883223359,0.97080583883223359,-3.854383104755307,True,IN_FHS_REF_POOL,horizons,5,0.98999999999999999,60,2042,6,7
IN_FHS1250@USD,4,4,0.43167966938137264,0.96220755848830231,0.97080583883223359,-3.8661102354842281,True,IN_FHS_REF_POOL,horizons,5,0.98999999999999999,60,2042,6,7
IN_FHS1250@JPY,5,3,0.37659708866987485,0.91281743651269742,0.97080583883223359,-3.8834197761333518,True,IN_FHS_REF_POOL,horizons,5,0.98999999999999999,60,2042,6,7
IN_FHS1250@EUR,6,2,0.32968500294123743,0.74425114977004603,0.97080583883223359,-3.8846934990338831,True,IN_FHS_REF_POOL,horizons,5,0.98999999999999999,60,2042,6,7
IN_FHS_REF_POOL,7,1,0,1,1,-3.9000196044407942,True,none,horizons,5,0.98999999999999999,60,2042,6,7
IN_FHS1250@CHF,1,7,2.1209930642768864,0.20715856828634274,0.20715856828634274,-3.6474500999564983,True,IN_FHS1250@EUR,horizons,20,0.94999999999999996,20,2027,6,7
IN_FHS1250@GBP,2,6,1.6205272387913736,0.42011597680463908,0.42011597680463908,-3.6156646820850793,True,IN_FHS_REF_POOL,horizons,20,0.94999999999999996,20,2027,6,7
IN_FHS1250@JPY,3,5,1.045643109027993,0.7340531893621276,0.7340531893621276,-3.6775777656103843,True,IN_FHS_REF_POOL,horizons,20,0.94999999999999996,20,2027,6,7
HS1250,4,4,1.0363308002040816,0.63307338532293544,0.7340531893621276,-3.6417451755712285,True,IN_FHS1250@EUR,horizons,20,0.94999999999999996,20,2027,6,7
IN_FHS1250@USD,5,3,0.86510778869993143,0.6460707858428314,0.7340531893621276,-3.6926583788421397,True,IN_FHS1250@EUR,horizons,20,0.94999999999999996,20,2027,6,7
IN_FHS_REF_POOL,6,2,0.66816965867248213,0.49650069986002798,0.7340531893621276,-3.705345385764053,True,IN_FHS1250@EUR,horizons,20,0.94999999999999996,20,2027,6,7
IN_FHS1250@EUR,7,1,0,1,1,-3.7224740124277775,True,none,horizons,20,0.94999999999999996,20,2027,6,7
IN_FHS1250@CHF,1,7,1.6860001574100785,0.42431513697260548,0.42431513697260548,-3.6474500999564983,True,IN_FHS_REF_POOL,horizons,20,0.94999999999999996,60,2027,6,7
IN_FHS1250@GBP,2,6,1.2927374526112474,0.64087182563487299,0.64087182563487299,-3.6156646820850793,True,IN_FHS_REF_POOL,horizons,20,0.94999999999999996,60,2027,6,7
IN_FHS1250@JPY,3,5,0.96897286829528495,0.78584283143371325,0.78584283143371325,-3.6775777656103843,True,IN_FHS_REF_POOL,horizons,20,0.94999999999999996,60,2027,6,7
HS1250,4,4,0.84960415178574944,0.75344931013797245,0.78584283143371325,-3.6417451755712285,True,IN_FHS1250@EUR,horizons,20,0.94999999999999996,60,2027,6,7
IN_FHS1250@USD,5,3,0.83133357481525794,0.67666466706658668,0.78584283143371325,-3.6926583788421397,True,IN_FHS1250@EUR,horizons,20,0.94999999999999996,60,2027,6,7
IN_FHS_REF_POOL,6,2,0.61609934058875027,0.52469506098780239,0.78584283143371325,-3.705345385764053,True,IN_FHS1250@EUR,horizons,20,0.94999999999999996,60,2027,6,7
IN_FHS1250@EUR,7,1,0,1,1,-3.7224740124277775,True,none,horizons,20,0.94999999999999996,60,2027,6,7
IN_FHS1250@CHF,1,7,1.6727843229448598,0.4419116176764647,0.4419116176764647,-3.6474500999564983,True,IN_FHS_REF_POOL,horizons,20,0.94999999999999996,120,2027,6,7
IN_FHS1250@GBP,2,6,1.2612816421310971,0.67366526694661066,0.67366526694661066,-3.6156646820850793,True,IN_FHS_REF_POOL,horizons,20,0.94999999999999996,120,2027,6,7
IN_FHS1250@JPY,3,5,1.0447209080484037,0.73865226954609076,0.73865226954609076,-3.6775777656103843,True,IN_FHS_REF_POOL,horizons,20,0.94999999999999996,120,2027,6,7
HS1250,4,4,0.85865344443128511,0.75044991001799644,0.75044991001799644,-3.6417451755712285,True,IN_FHS_REF_POOL,horizons,20,0.94999999999999996,120,2027,6,7
IN_FHS1250@USD,5,3,0.83042973631591077,0.67426514697060591,0.75044991001799644,-3.6926583788421397,True,IN_FHS1250@EUR,horizons,20,0.94999999999999996,120,2027,6,7
IN_FHS_REF_POOL,6,2,0.62360090779815758,0.52869426114777041,0.75044991001799644,-3.705345385764053,True,IN_FHS1250@EUR,horizons,20,0.94999999999999996,120,2027,6,7
IN_FHS1250@EUR,7,1,0,1,1,-3.7224740124277775,True,none,horizons,20,0.94999999999999996,120,2027,6,7
IN_FHS1250@CHF,1,7,2.506278187071846,0.082183563287342526,0.082183563287342526,-3.0569407657137662,True,IN_FHS1250@EUR,horizons,20,0.98999999999999999,20,2027,6,7
IN_FHS1250@GBP,2,6,1.3087603672050481,0.58068386322735455,0.58068386322735455,-3.0254999101410456,True,IN_FHS_REF_POOL,horizons,20,0.98999999999999999,20,2027,6,7
IN_FHS1250@USD,3,5,0.76468378332784892,0.84803039392121571,0.84803039392121571,-3.180247114718771,True,IN_FHS1250@JPY,horizons,20,0.98999999999999999,20,2027,6,7
IN_FHS1250@EUR,4,4,0.44617802259593065,0.94421115776844633,0.94421115776844633,-3.2343885296727324,True,IN_FHS_REF_POOL,horizons,20,0.98999999999999999,20,2027,6,7
IN_FHS1250@JPY,5,3,0.36414887244309019,0.92201559688062384,0.94421115776844633,-3.2337158329486519,True,IN_FHS_REF_POOL,horizons,20,0.98999999999999999,20,2027,6,7
IN_FHS_REF_POOL,6,2,0.058507029219470263,0.95420915816836638,0.95420915816836638,-3.2540957765199359,True,HS1250,horizons,20,0.98999999999999999,20,2027,6,7
HS1250,7,1,0,1,1,-3.2631630317861853,True,none,horizons,20,0.98999999999999999,20,2027,6,7
IN_FHS1250@CHF,1,7,2.2943777072020271,0.11957608478304339,0.11957608478304339,-3.0569407657137662,True,IN_FHS1250@EUR,horizons,20,0.98999999999999999,60,2027,6,7
IN_FHS1250@GBP,2,6,1.177631755138616,0.68226354729054184,0.68226354729054184,-3.0254999101410456,True,IN_FHS_REF_POOL,horizons,20,0.98999999999999999,60,2027,6,7
IN_FHS1250@USD,3,5,0.72227845614288977,0.86102779444111177,0.86102779444111177,-3.180247114718771,True,IN_FHS1250@JPY,horizons,20,0.98999999999999999,60,2027,6,7
IN_FHS1250@EUR,4,4,0.40771815589626026,0.95380923815236951,0.95380923815236951,-3.2343885296727324,True,IN_FHS_REF_POOL,horizons,20,0.98999999999999999,60,2027,6,7
IN_FHS1250@JPY,5,3,0.36680759742353314,0.92961407718456313,0.95380923815236951,-3.2337158329486519,True,IN_FHS_REF_POOL,horizons,20,0.98999999999999999,60,2027,6,7
IN_FHS_REF_POOL,6,2,0.053413368094178258,0.95640871825634877,0.95640871825634877,-3.2540957765199359,True,HS1250,horizons,20,0.98999999999999999,60,2027,6,7
HS1250,7,1,0,1,1,-3.2631630317861853,True,none,horizons,20,0.98999999999999999,60,2027,6,7
IN_FHS1250@CHF,1,7,2.4593836061019259,0.080383923215356923,0.080383923215356923,-3.0569407657137662,True,IN_FHS1250@EUR,horizons,20,0.98999999999999999,120,2027,6,7
IN_FHS1250@GBP,2,6,1.2104551759126179,0.67246550689862028,0.67246550689862028,-3.0254999101410456,True,IN_FHS_REF_POOL,horizons,20,0.98999999999999999,120,2027,6,7
IN_FHS1250@USD,3,5,0.80294776379457944,0.81703659268146367,0.81703659268146367,-3.180247114718771,True,IN_FHS1250@JPY,horizons,20,0.98999999999999999,120,2027,6,7
IN_FHS1250@EUR,4,4,0.41151061241940723,0.94861027794441111,0.94861027794441111,-3.2343885296727324,True,IN_FHS_REF_POOL,horizons,20,0.98999999999999999,120,2027,6,7
IN_FHS1250@JPY,5,3,0.36375518386360162,0.92301539692061585,0.94861027794441111,-3.2337158329486519,True,IN_FHS_REF_POOL,horizons,20,0.98999999999999999,120,2027,6,7
IN_FHS_REF_POOL,6,2,0.056498091313149791,0.95360927814437113,0.95360927814437113,-3.2540957765199359,True,HS1250,horizons,20,0.98999999999999999,120,2027,6,7
HS1250,7,1,0,1,1,-3.2631630317861853,True,none,horizons,20,0.98999999999999999,120,2027,6,7
