model_key,elimination_step,remaining_before,test_statistic,raw_pvalue,mcs_pvalue,mean_score,included_95,witness_model,tau,block,family,family_n
HS1250,1,41,5.187392588978839,0.00059988002399520091,0.00059988002399520091,-5.093019785458857,False,FUNCTIONAL_EQUAL,0.94999999999999996,20,all_41,41
HS_CASH1250,2,40,5.1869240701071186,0.00059988002399520091,0.00059988002399520091,-5.0930340154601446,False,FUNCTIONAL_EQUAL,0.94999999999999996,20,all_41,41
HS500,3,39,4.7292659115731617,0.003199360127974405,0.003199360127974405,-5.1017971056302907,False,FUNCTIONAL_EQUAL,0.94999999999999996,20,all_41,41
HS_CASH500,4,38,4.6755062903517199,0.0033993201359728054,0.0033993201359728054,-5.1004231384366792,False,FUNCTIONAL_EQUAL,0.94999999999999996,20,all_41,41
FHS1250@CHF,5,37,4.2547819385006811,0.010597880423915218,0.010597880423915218,-5.1499879487770999,False,FUNCTIONAL_EQUAL,0.94999999999999996,20,all_41,41
IN_TCOP1250@CHF,6,36,3.9999145250730876,0.019196160767846429,0.019196160767846429,-5.1360244048310477,False,FUNCTIONAL_EQUAL,0.94999999999999996,20,all_41,41
IN_FHS1250@CHF,7,35,3.8858049124623766,0.022995400919816038,0.022995400919816038,-5.1504956840573497,False,FUNCTIONAL_EQUAL,0.94999999999999996,20,all_41,41
IN_TCOP_REF_POOL,8,34,3.7625081457687548,0.029794041191761649,0.029794041191761649,-5.1712197049063215,False,FUNCTIONAL_EQUAL,0.94999999999999996,20,all_41,41
IN_TCOP1250@GBP,9,33,3.5033564111355049,0.05138972205558888,0.05138972205558888,-5.133709419161459,True,FUNCTIONAL_EQUAL,0.94999999999999996,20,all_41,41
IN_TCOP_REF_PAST_BEST,10,32,3.3861090103570133,0.069386122775444911,0.069386122775444911,-5.1600501110353729,True,TW_MIN_RIDGE,0.94999999999999996,20,all_41,41
FHS500@CHF,11,31,3.3249108703255108,0.076984603079384123,0.076984603079384123,-5.1526337892818326,True,TW_MIN_RIDGE,0.94999999999999996,20,all_41,41
TW_RELATIVE,12,30,3.1961384029934079,0.10597880423915217,0.10597880423915217,-5.177642182106271,True,TW_MIN_RIDGE,0.94999999999999996,20,all_41,41
FHS1250@EUR,13,29,3.126922864602995,0.1205758848230354,0.1205758848230354,-5.1690440088141365,True,FUNCTIONAL_EQUAL,0.94999999999999996,20,all_41,41
PAST_BEST,14,28,3.1155671630137389,0.11937612477504499,0.1205758848230354,-5.1652468004208867,True,TW_MIN_RIDGE,0.94999999999999996,20,all_41,41
FHS250@CHF,15,27,3.0547965201019616,0.13077384523095381,0.13077384523095381,-5.1545276502393991,True,TW_MIN_RIDGE,0.94999999999999996,20,all_41,41
IN_FHS_REF_PAST_BEST,16,26,2.9793298814344622,0.14877024595080984,0.14877024595080984,-5.1655457168238215,True,FHS1250@USD,0.94999999999999996,20,all_41,41
IN_TCOP1250@USD,17,25,2.9147760582678184,0.16196760647870426,0.16196760647870426,-5.1701358725098299,True,FHS1250@USD,0.94999999999999996,20,all_41,41
IN_FHS1250@GBP,18,24,2.8630576817677045,0.17996400719856029,0.17996400719856029,-5.1452143818831519,True,FUNCTIONAL_EQUAL,0.94999999999999996,20,all_41,41
TAYLOR_OPT,19,23,2.8091945861268424,0.19276144771045792,0.19276144771045792,-5.1823843279038533,True,TW_MIN_RIDGE,0.94999999999999996,20,all_41,41
FHS1250@GBP,20,22,2.7398696128574667,0.21655668866226754,0.21655668866226754,-5.1486194435729526,True,FUNCTIONAL_EQUAL,0.94999999999999996,20,all_41,41
IN_TCOP1250@EUR,21,21,2.7202772328623341,0.22335532893421317,0.22335532893421317,-5.1696477217919261,True,FUNCTIONAL_EQUAL,0.94999999999999996,20,all_41,41
FHS500@GBP,22,20,2.6372669368448651,0.26134773045390924,0.26134773045390924,-5.1550365899998729,True,TW_MIN_RIDGE,0.94999999999999996,20,all_41,41
FHS250@GBP,23,19,2.4701381295296732,0.33213357328534293,0.33213357328534293,-5.1537537846687327,True,TW_MIN_RIDGE,0.94999999999999996,20,all_41,41
IN_FHS_REF_POOL,24,18,2.3677004101785433,0.38092381523695262,0.38092381523695262,-5.1779818108936526,True,FUNCTIONAL_EQUAL,0.94999999999999996,20,all_41,41
IN_FHS1250@EUR,25,17,2.3652154408513439,0.36512697460507898,0.38092381523695262,-5.1783475325366632,True,FUNCTIONAL_EQUAL,0.94999999999999996,20,all_41,41
IN_TCOP1250@JPY,26,16,2.2049287159338467,0.46730653869226157,0.46730653869226157,-5.1715626137094883,True,TW_MIN_RIDGE,0.94999999999999996,20,all_41,41
FHS500@JPY,27,15,2.1848746080437169,0.46250749850029993,0.46730653869226157,-5.1684188230726074,True,TW_MIN_RIDGE,0.94999999999999996,20,all_41,41
FHS500@USD,28,14,2.1338885757060688,0.47170565886822635,0.47170565886822635,-5.1701189985059086,True,FHS1250@USD,0.94999999999999996,20,all_41,41
FHS250@EUR,29,13,2.1241499336115157,0.45190961807638474,0.47170565886822635,-5.1650250169833516,True,TW_MIN_RIDGE,0.94999999999999996,20,all_41,41
FHS250@JPY,30,12,2.0677991630829196,0.46090781843631273,0.47170565886822635,-5.1666424057654687,True,TW_MIN_RIDGE,0.94999999999999996,20,all_41,41
IN_FHS1250@JPY,31,11,1.9543966817562914,0.51249750049990006,0.51249750049990006,-5.1732598923071667,True,TW_MIN_RIDGE,0.94999999999999996,20,all_41,41
FHS250@USD,32,10,1.9427807895809084,0.49890021995600881,0.51249750049990006,-5.1686815940505006,True,TW_MIN_RIDGE,0.94999999999999996,20,all_41,41
FHS500@EUR,33,9,1.8407042835392515,0.50969806038792242,0.51249750049990006,-5.1748439605800867,True,TW_MIN_RIDGE,0.94999999999999996,20,all_41,41
FHS1250@JPY,34,8,1.8108363631660909,0.46230753849230155,0.51249750049990006,-5.1781720415239656,True,TW_MIN_RIDGE,0.94999999999999996,20,all_41,41
GARCH_CASH_T_2STEP,35,7,1.5941269504118063,0.54209158168366323,0.54209158168366323,-5.180428534704868,True,TW_MIN_RIDGE,0.94999999999999996,20,all_41,41
IN_FHS1250@USD,36,6,1.5620818087619501,0.47270545890821836,0.54209158168366323,-5.1772314070712726,True,TW_MIN_RIDGE,0.94999999999999996,20,all_41,41
FHS1250@USD,37,5,1.2999504569993059,0.58968206358728259,0.58968206358728259,-5.1823270242560531,True,TW_MIN_RIDGE,0.94999999999999996,20,all_41,41
EWMA_GAUSS,38,4,1.2529074962938256,0.49730053989202161,0.58968206358728259,-5.1814047161226817,True,TW_MIN_RIDGE,0.94999999999999996,20,all_41,41
EWMA_SELFNORMALIZED,39,3,1.2103139267766168,0.41011797640471903,0.58968206358728259,-5.1821505456476613,True,TW_MIN_RIDGE,0.94999999999999996,20,all_41,41
FUNCTIONAL_EQUAL,40,2,0.73160023687895726,0.46170765846830636,0.58968206358728259,-5.1928237059181033,True,TW_MIN_RIDGE,0.94999999999999996,20,all_41,41
TW_MIN_RIDGE,41,1,0,1,1,-5.1955539015170942,True,none,0.94999999999999996,20,all_41,41
HS1250,1,34,5.187392588978839,0.00059988002399520091,0.00059988002399520091,-5.093019785458857,False,FUNCTIONAL_EQUAL,0.94999999999999996,20,exclude_standalone_IN_TCOP,34
HS_CASH1250,2,33,5.1869240701071186,0.00059988002399520091,0.00059988002399520091,-5.0930340154601446,False,FUNCTIONAL_EQUAL,0.94999999999999996,20,exclude_standalone_IN_TCOP,34
HS500,3,32,4.7292659115731617,0.0027994401119776045,0.0027994401119776045,-5.1017971056302907,False,FUNCTIONAL_EQUAL,0.94999999999999996,20,exclude_standalone_IN_TCOP,34
HS_CASH500,4,31,4.6755062903517199,0.0027994401119776045,0.0027994401119776045,-5.1004231384366792,False,FUNCTIONAL_EQUAL,0.94999999999999996,20,exclude_standalone_IN_TCOP,34
FHS1250@CHF,5,30,4.2547819385006811,0.0091981603679264154,0.0091981603679264154,-5.1499879487770999,False,FUNCTIONAL_EQUAL,0.94999999999999996,20,exclude_standalone_IN_TCOP,34
IN_FHS1250@CHF,6,29,3.8858049124623766,0.020995800839832032,0.020995800839832032,-5.1504956840573497,False,FUNCTIONAL_EQUAL,0.94999999999999996,20,exclude_standalone_IN_TCOP,34
FHS500@CHF,7,28,3.3249108703255108,0.071985602879424113,0.071985602879424113,-5.1526337892818326,True,TW_MIN_RIDGE,0.94999999999999996,20,exclude_standalone_IN_TCOP,34
TW_RELATIVE,8,27,3.1961384029934079,0.098580283943211361,0.098580283943211361,-5.177642182106271,True,TW_MIN_RIDGE,0.94999999999999996,20,exclude_standalone_IN_TCOP,34
FHS1250@EUR,9,26,3.126922864602995,0.11157768446310738,0.11157768446310738,-5.1690440088141365,True,FUNCTIONAL_EQUAL,0.94999999999999996,20,exclude_standalone_IN_TCOP,34
PAST_BEST,10,25,3.1155671630137389,0.11037792441511697,0.11157768446310738,-5.1652468004208867,True,TW_MIN_RIDGE,0.94999999999999996,20,exclude_standalone_IN_TCOP,34
FHS250@CHF,11,24,3.0547965201019616,0.11937612477504499,0.11937612477504499,-5.1545276502393991,True,TW_MIN_RIDGE,0.94999999999999996,20,exclude_standalone_IN_TCOP,34
IN_FHS_REF_PAST_BEST,12,23,2.9793298814344622,0.13717256548690263,0.13717256548690263,-5.1655457168238215,True,FHS1250@USD,0.94999999999999996,20,exclude_standalone_IN_TCOP,34
IN_FHS1250@GBP,13,22,2.8630576817677045,0.17136572685462909,0.17136572685462909,-5.1452143818831519,True,FUNCTIONAL_EQUAL,0.94999999999999996,20,exclude_standalone_IN_TCOP,34
TAYLOR_OPT,14,21,2.8091945861268424,0.1845630873825235,0.1845630873825235,-5.1823843279038533,True,TW_MIN_RIDGE,0.94999999999999996,20,exclude_standalone_IN_TCOP,34
FHS1250@GBP,15,20,2.7398696128574667,0.20555888822235552,0.20555888822235552,-5.1486194435729526,True,FUNCTIONAL_EQUAL,0.94999999999999996,20,exclude_standalone_IN_TCOP,34
FHS500@GBP,16,19,2.6372669368448651,0.25034993001399719,0.25034993001399719,-5.1550365899998729,True,TW_MIN_RIDGE,0.94999999999999996,20,exclude_standalone_IN_TCOP,34
FHS250@GBP,17,18,2.4701381295296732,0.31853629274145173,0.31853629274145173,-5.1537537846687327,True,TW_MIN_RIDGE,0.94999999999999996,20,exclude_standalone_IN_TCOP,34
IN_FHS_REF_POOL,18,17,2.3677004101785433,0.36272745450909816,0.36272745450909816,-5.1779818108936526,True,FUNCTIONAL_EQUAL,0.94999999999999996,20,exclude_standalone_IN_TCOP,34
IN_FHS1250@EUR,19,16,2.3652154408513439,0.34633073385322938,0.36272745450909816,-5.1783475325366632,True,FUNCTIONAL_EQUAL,0.94999999999999996,20,exclude_standalone_IN_TCOP,34
FHS500@JPY,20,15,2.1848746080437169,0.46250749850029993,0.46250749850029993,-5.1684188230726074,True,TW_MIN_RIDGE,0.94999999999999996,20,exclude_standalone_IN_TCOP,34
FHS500@USD,21,14,2.1338885757060688,0.47170565886822635,0.47170565886822635,-5.1701189985059086,True,FHS1250@USD,0.94999999999999996,20,exclude_standalone_IN_TCOP,34
FHS250@EUR,22,13,2.1241499336115157,0.45190961807638474,0.47170565886822635,-5.1650250169833516,True,TW_MIN_RIDGE,0.94999999999999996,20,exclude_standalone_IN_TCOP,34
FHS250@JPY,23,12,2.0677991630829196,0.46090781843631273,0.47170565886822635,-5.1666424057654687,True,TW_MIN_RIDGE,0.94999999999999996,20,exclude_standalone_IN_TCOP,34
IN_FHS1250@JPY,24,11,1.9543966817562914,0.51249750049990006,0.51249750049990006,-5.1732598923071667,True,TW_MIN_RIDGE,0.94999999999999996,20,exclude_standalone_IN_TCOP,34
FHS250@USD,25,10,1.9427807895809084,0.49890021995600881,0.51249750049990006,-5.1686815940505006,True,TW_MIN_RIDGE,0.94999999999999996,20,exclude_standalone_IN_TCOP,34
FHS500@EUR,26,9,1.8407042835392515,0.50969806038792242,0.51249750049990006,-5.1748439605800867,True,TW_MIN_RIDGE,0.94999999999999996,20,exclude_standalone_IN_TCOP,34
FHS1250@JPY,27,8,1.8108363631660909,0.46230753849230155,0.51249750049990006,-5.1781720415239656,True,TW_MIN_RIDGE,0.94999999999999996,20,exclude_standalone_IN_TCOP,34
GARCH_CASH_T_2STEP,28,7,1.5941269504118063,0.54209158168366323,0.54209158168366323,-5.180428534704868,True,TW_MIN_RIDGE,0.94999999999999996,20,exclude_standalone_IN_TCOP,34
IN_FHS1250@USD,29,6,1.5620818087619501,0.47270545890821836,0.54209158168366323,-5.1772314070712726,True,TW_MIN_RIDGE,0.94999999999999996,20,exclude_standalone_IN_TCOP,34
FHS1250@USD,30,5,1.2999504569993059,0.58968206358728259,0.58968206358728259,-5.1823270242560531,True,TW_MIN_RIDGE,0.94999999999999996,20,exclude_standalone_IN_TCOP,34
EWMA_GAUSS,31,4,1.2529074962938256,0.49730053989202161,0.58968206358728259,-5.1814047161226817,True,TW_MIN_RIDGE,0.94999999999999996,20,exclude_standalone_IN_TCOP,34
EWMA_SELFNORMALIZED,32,3,1.2103139267766168,0.41011797640471903,0.58968206358728259,-5.1821505456476613,True,TW_MIN_RIDGE,0.94999999999999996,20,exclude_standalone_IN_TCOP,34
FUNCTIONAL_EQUAL,33,2,0.73160023687895726,0.46170765846830636,0.58968206358728259,-5.1928237059181033,True,TW_MIN_RIDGE,0.94999999999999996,20,exclude_standalone_IN_TCOP,34
TW_MIN_RIDGE,34,1,0,1,1,-5.1955539015170942,True,none,0.94999999999999996,20,exclude_standalone_IN_TCOP,34
HS_CASH1250,1,41,4.4856511665558259,0.0023995200959808036,0.0023995200959808036,-5.0930340154601446,False,FUNCTIONAL_EQUAL,0.94999999999999996,60,all_41,41
HS1250,2,40,4.484994367540776,0.0023995200959808036,0.0023995200959808036,-5.093019785458857,False,FUNCTIONAL_EQUAL,0.94999999999999996,60,all_41,41
FHS1250@CHF,3,39,4.2491003029390502,0.0061987602479504095,0.0061987602479504095,-5.1499879487770999,False,FUNCTIONAL_EQUAL,0.94999999999999996,60,all_41,41
HS500,4,38,4.153834140477807,0.0079984003199360127,0.0079984003199360127,-5.1017971056302907,False,GARCH_CASH_T_2STEP,0.94999999999999996,60,all_41,41
HS_CASH500,5,37,4.1359176648658957,0.0081983603279344123,0.0081983603279344123,-5.1004231384366792,False,GARCH_CASH_T_2STEP,0.94999999999999996,60,all_41,41
IN_TCOP1250@CHF,6,36,3.8969232976554755,0.016396720655868825,0.016396720655868825,-5.1360244048310477,False,FUNCTIONAL_EQUAL,0.94999999999999996,60,all_41,41
IN_FHS1250@CHF,7,35,3.8313821011071623,0.019996000799840031,0.019996000799840031,-5.1504956840573497,False,FUNCTIONAL_EQUAL,0.94999999999999996,60,all_41,41
IN_TCOP_REF_POOL,8,34,3.5424267992378922,0.045390921815636871,0.045390921815636871,-5.1712197049063215,False,FUNCTIONAL_EQUAL,0.94999999999999996,60,all_41,41
FHS500@CHF,9,33,3.3756495355081633,0.072185562887422519,0.072185562887422519,-5.1526337892818326,True,TW_MIN_RIDGE,0.94999999999999996,60,all_41,41
TW_RELATIVE,10,32,3.1743690462877665,0.11717656468706258,0.11717656468706258,-5.177642182106271,True,TW_MIN_RIDGE,0.94999999999999996,60,all_41,41
IN_TCOP_REF_PAST_BEST,11,31,3.1630282907144549,0.11817636472705459,0.11817636472705459,-5.1600501110353729,True,TW_MIN_RIDGE,0.94999999999999996,60,all_41,41
IN_TCOP1250@GBP,12,30,3.0470554580978799,0.15316936612677465,0.15316936612677465,-5.133709419161459,True,FUNCTIONAL_EQUAL,0.94999999999999996,60,all_41,41
TAYLOR_OPT,13,29,2.8833343508111615,0.22355528894221155,0.22355528894221155,-5.1823843279038533,True,TW_MIN_RIDGE,0.94999999999999996,60,all_41,41
PAST_BEST,14,28,2.8028088309949548,0.25474905018996202,0.25474905018996202,-5.1652468004208867,True,TW_MIN_RIDGE,0.94999999999999996,60,all_41,41
FHS1250@EUR,15,27,2.767188398169409,0.26094781043791243,0.26094781043791243,-5.1690440088141365,True,TW_MIN_RIDGE,0.94999999999999996,60,all_41,41
IN_TCOP1250@USD,16,26,2.74997192330158,0.2601479704059188,0.26094781043791243,-5.1701358725098299,True,FHS1250@USD,0.94999999999999996,60,all_41,41
FHS250@CHF,17,25,2.7487014881391647,0.25614877024595079,0.26094781043791243,-5.1545276502393991,True,TW_MIN_RIDGE,0.94999999999999996,60,all_41,41
IN_TCOP1250@EUR,18,24,2.6725130285362888,0.28294341131773643,0.28294341131773643,-5.1696477217919261,True,FUNCTIONAL_EQUAL,0.94999999999999996,60,all_41,41
IN_FHS_REF_PAST_BEST,19,23,2.6013464891415485,0.31393721255748852,0.31393721255748852,-5.1655457168238215,True,FHS1250@USD,0.94999999999999996,60,all_41,41
FHS500@GBP,20,22,2.5976237559730686,0.29814037192561488,0.31393721255748852,-5.1550365899998729,True,TW_MIN_RIDGE,0.94999999999999996,60,all_41,41
IN_FHS1250@GBP,21,21,2.5271774328190992,0.3235352929414117,0.3235352929414117,-5.1452143818831519,True,FUNCTIONAL_EQUAL,0.94999999999999996,60,all_41,41
FHS1250@GBP,22,20,2.4908014873823419,0.33593281343731252,0.33593281343731252,-5.1486194435729526,True,FUNCTIONAL_EQUAL,0.94999999999999996,60,all_41,41
IN_TCOP1250@JPY,23,19,2.4554156316426599,0.34733053389322138,0.34733053389322138,-5.1715626137094883,True,TW_MIN_RIDGE,0.94999999999999996,60,all_41,41
FHS500@USD,24,18,2.4438113338722496,0.34133173365326935,0.34733053389322138,-5.1701189985059086,True,FHS1250@USD,0.94999999999999996,60,all_41,41
IN_FHS_REF_POOL,25,17,2.3968859667776674,0.35932813437312539,0.35932813437312539,-5.1779818108936526,True,TW_MIN_RIDGE,0.94999999999999996,60,all_41,41
FHS500@JPY,26,16,2.3834695868153224,0.35092981403719259,0.35932813437312539,-5.1684188230726074,True,TW_MIN_RIDGE,0.94999999999999996,60,all_41,41
IN_FHS1250@EUR,27,15,2.2804497734477049,0.39132173565286943,0.39132173565286943,-5.1783475325366632,True,FUNCTIONAL_EQUAL,0.94999999999999996,60,all_41,41
FHS250@GBP,28,14,2.255953443908203,0.38852229554089185,0.39132173565286943,-5.1537537846687327,True,TW_MIN_RIDGE,0.94999999999999996,60,all_41,41
FHS250@JPY,29,13,2.2443677940502198,0.36732653469306137,0.39132173565286943,-5.1666424057654687,True,TW_MIN_RIDGE,0.94999999999999996,60,all_41,41
IN_FHS1250@JPY,30,12,2.2438707062147154,0.34133173365326935,0.39132173565286943,-5.1732598923071667,True,TW_MIN_RIDGE,0.94999999999999996,60,all_41,41
FHS1250@JPY,31,11,2.080934835453212,0.42471505698860229,0.42471505698860229,-5.1781720415239656,True,TW_MIN_RIDGE,0.94999999999999996,60,all_41,41
FHS250@USD,32,10,2.0425371606099176,0.39952009598080385,0.42471505698860229,-5.1686815940505006,True,TW_MIN_RIDGE,0.94999999999999996,60,all_41,41
FHS250@EUR,33,9,2.0397091732143964,0.36012797440511896,0.42471505698860229,-5.1650250169833516,True,TW_MIN_RIDGE,0.94999999999999996,60,all_41,41
FHS500@EUR,34,8,1.9491902960531848,0.36972605478904219,0.42471505698860229,-5.1748439605800867,True,TW_MIN_RIDGE,0.94999999999999996,60,all_41,41
IN_FHS1250@USD,35,7,1.4922057957815471,0.60927814437112582,0.60927814437112582,-5.1772314070712726,True,TW_MIN_RIDGE,0.94999999999999996,60,all_41,41
GARCH_CASH_T_2STEP,36,6,1.42580413721349,0.60167966406718654,0.60927814437112582,-5.180428534704868,True,TW_MIN_RIDGE,0.94999999999999996,60,all_41,41
EWMA_GAUSS,37,5,1.2547767176456714,0.59988002399520091,0.60927814437112582,-5.1814047161226817,True,TW_MIN_RIDGE,0.94999999999999996,60,all_41,41
FHS1250@USD,38,4,1.2440415145496919,0.53849230153969208,0.60927814437112582,-5.1823270242560531,True,TW_MIN_RIDGE,0.94999999999999996,60,all_41,41
EWMA_SELFNORMALIZED,39,3,1.2203152974818496,0.40611877624475107,0.60927814437112582,-5.1821505456476613,True,TW_MIN_RIDGE,0.94999999999999996,60,all_41,41
FUNCTIONAL_EQUAL,40,2,0.8041024855416794,0.41331733653269348,0.60927814437112582,-5.1928237059181033,True,TW_MIN_RIDGE,0.94999999999999996,60,all_41,41
TW_MIN_RIDGE,41,1,0,1,1,-5.1955539015170942,True,none,0.94999999999999996,60,all_41,41
HS_CASH1250,1,34,4.4856511665558259,0.0019996000799840032,0.0019996000799840032,-5.0930340154601446,False,FUNCTIONAL_EQUAL,0.94999999999999996,60,exclude_standalone_IN_TCOP,34
HS1250,2,33,4.484994367540776,0.0019996000799840032,0.0019996000799840032,-5.093019785458857,False,FUNCTIONAL_EQUAL,0.94999999999999996,60,exclude_standalone_IN_TCOP,34
FHS1250@CHF,3,32,4.2491003029390502,0.0053989202159568086,0.0053989202159568086,-5.1499879487770999,False,FUNCTIONAL_EQUAL,0.94999999999999996,60,exclude_standalone_IN_TCOP,34
HS500,4,31,4.153834140477807,0.0071985602879424118,0.0071985602879424118,-5.1017971056302907,False,GARCH_CASH_T_2STEP,0.94999999999999996,60,exclude_standalone_IN_TCOP,34
HS_CASH500,5,30,4.1359176648658957,0.0075984803039392118,0.0075984803039392118,-5.1004231384366792,False,GARCH_CASH_T_2STEP,0.94999999999999996,60,exclude_standalone_IN_TCOP,34
IN_FHS1250@CHF,6,29,3.8313821011071623,0.016396720655868825,0.016396720655868825,-5.1504956840573497,False,FUNCTIONAL_EQUAL,0.94999999999999996,60,exclude_standalone_IN_TCOP,34
FHS500@CHF,7,28,3.3756495355081633,0.062187562487502498,0.062187562487502498,-5.1526337892818326,True,TW_MIN_RIDGE,0.94999999999999996,60,exclude_standalone_IN_TCOP,34
TW_RELATIVE,8,27,3.1743690462877665,0.099580083983203366,0.099580083983203366,-5.177642182106271,True,TW_MIN_RIDGE,0.94999999999999996,60,exclude_standalone_IN_TCOP,34
TAYLOR_OPT,9,26,2.8833343508111615,0.20755848830233953,0.20755848830233953,-5.1823843279038533,True,TW_MIN_RIDGE,0.94999999999999996,60,exclude_standalone_IN_TCOP,34
PAST_BEST,10,25,2.8028088309949548,0.23535292941411717,0.23535292941411717,-5.1652468004208867,True,TW_MIN_RIDGE,0.94999999999999996,60,exclude_standalone_IN_TCOP,34
FHS1250@EUR,11,24,2.767188398169409,0.24195160967806439,0.24195160967806439,-5.1690440088141365,True,TW_MIN_RIDGE,0.94999999999999996,60,exclude_standalone_IN_TCOP,34
FHS250@CHF,12,23,2.7487014881391647,0.24255148970205959,0.24255148970205959,-5.1545276502393991,True,TW_MIN_RIDGE,0.94999999999999996,60,exclude_standalone_IN_TCOP,34
IN_FHS_REF_PAST_BEST,13,22,2.6013464891415485,0.30413917216556691,0.30413917216556691,-5.1655457168238215,True,FHS1250@USD,0.94999999999999996,60,exclude_standalone_IN_TCOP,34
FHS500@GBP,14,21,2.5976237559730686,0.28814237152569488,0.30413917216556691,-5.1550365899998729,True,TW_MIN_RIDGE,0.94999999999999996,60,exclude_standalone_IN_TCOP,34
IN_FHS1250@GBP,15,20,2.5271774328190992,0.31213757248550289,0.31213757248550289,-5.1452143818831519,True,FUNCTIONAL_EQUAL,0.94999999999999996,60,exclude_standalone_IN_TCOP,34
FHS1250@GBP,16,19,2.4908014873823419,0.32413517296540689,0.32413517296540689,-5.1486194435729526,True,FUNCTIONAL_EQUAL,0.94999999999999996,60,exclude_standalone_IN_TCOP,34
FHS500@USD,17,18,2.4438113338722496,0.34133173365326935,0.34133173365326935,-5.1701189985059086,True,FHS1250@USD,0.94999999999999996,60,exclude_standalone_IN_TCOP,34
IN_FHS_REF_POOL,18,17,2.3968859667776674,0.35932813437312539,0.35932813437312539,-5.1779818108936526,True,TW_MIN_RIDGE,0.94999999999999996,60,exclude_standalone_IN_TCOP,34
FHS500@JPY,19,16,2.3834695868153224,0.35092981403719259,0.35932813437312539,-5.1684188230726074,True,TW_MIN_RIDGE,0.94999999999999996,60,exclude_standalone_IN_TCOP,34
IN_FHS1250@EUR,20,15,2.2804497734477049,0.39132173565286943,0.39132173565286943,-5.1783475325366632,True,FUNCTIONAL_EQUAL,0.94999999999999996,60,exclude_standalone_IN_TCOP,34
FHS250@GBP,21,14,2.255953443908203,0.38852229554089185,0.39132173565286943,-5.1537537846687327,True,TW_MIN_RIDGE,0.94999999999999996,60,exclude_standalone_IN_TCOP,34
FHS250@JPY,22,13,2.2443677940502198,0.36732653469306137,0.39132173565286943,-5.1666424057654687,True,TW_MIN_RIDGE,0.94999999999999996,60,exclude_standalone_IN_TCOP,34
IN_FHS1250@JPY,23,12,2.2438707062147154,0.34133173365326935,0.39132173565286943,-5.1732598923071667,True,TW_MIN_RIDGE,0.94999999999999996,60,exclude_standalone_IN_TCOP,34
FHS1250@JPY,24,11,2.080934835453212,0.42471505698860229,0.42471505698860229,-5.1781720415239656,True,TW_MIN_RIDGE,0.94999999999999996,60,exclude_standalone_IN_TCOP,34
FHS250@USD,25,10,2.0425371606099176,0.39952009598080385,0.42471505698860229,-5.1686815940505006,True,TW_MIN_RIDGE,0.94999999999999996,60,exclude_standalone_IN_TCOP,34
FHS250@EUR,26,9,2.0397091732143964,0.36012797440511896,0.42471505698860229,-5.1650250169833516,True,TW_MIN_RIDGE,0.94999999999999996,60,exclude_standalone_IN_TCOP,34
FHS500@EUR,27,8,1.9491902960531848,0.36972605478904219,0.42471505698860229,-5.1748439605800867,True,TW_MIN_RIDGE,0.94999999999999996,60,exclude_standalone_IN_TCOP,34
IN_FHS1250@USD,28,7,1.4922057957815471,0.60927814437112582,0.60927814437112582,-5.1772314070712726,True,TW_MIN_RIDGE,0.94999999999999996,60,exclude_standalone_IN_TCOP,34
GARCH_CASH_T_2STEP,29,6,1.42580413721349,0.60167966406718654,0.60927814437112582,-5.180428534704868,True,TW_MIN_RIDGE,0.94999999999999996,60,exclude_standalone_IN_TCOP,34
EWMA_GAUSS,30,5,1.2547767176456714,0.59988002399520091,0.60927814437112582,-5.1814047161226817,True,TW_MIN_RIDGE,0.94999999999999996,60,exclude_standalone_IN_TCOP,34
FHS1250@USD,31,4,1.2440415145496919,0.53849230153969208,0.60927814437112582,-5.1823270242560531,True,TW_MIN_RIDGE,0.94999999999999996,60,exclude_standalone_IN_TCOP,34
EWMA_SELFNORMALIZED,32,3,1.2203152974818496,0.40611877624475107,0.60927814437112582,-5.1821505456476613,True,TW_MIN_RIDGE,0.94999999999999996,60,exclude_standalone_IN_TCOP,34
FUNCTIONAL_EQUAL,33,2,0.8041024855416794,0.41331733653269348,0.60927814437112582,-5.1928237059181033,True,TW_MIN_RIDGE,0.94999999999999996,60,exclude_standalone_IN_TCOP,34
TW_MIN_RIDGE,34,1,0,1,1,-5.1955539015170942,True,none,0.94999999999999996,60,exclude_standalone_IN_TCOP,34
HS_CASH1250,1,41,5.0319146010605023,0.0017996400719856029,0.0017996400719856029,-4.614363373442349,False,HS1250,0.98999999999999999,20,all_41,41
HS500,2,40,4.8324812091944604,0.0021995600879824036,0.0021995600879824036,-4.5616613926796923,False,IN_FHS1250@USD,0.98999999999999999,20,all_41,41
HS_CASH500,3,39,4.4482562648603885,0.0075984803039392118,0.0075984803039392118,-4.559949249061062,False,IN_FHS1250@USD,0.98999999999999999,20,all_41,41
FHS250@CHF,4,38,3.7496310484550928,0.038392321535692858,0.038392321535692858,-4.6071257058481239,False,FUNCTIONAL_EQUAL,0.98999999999999999,20,all_41,41
FHS500@CHF,5,37,3.6213907477058314,0.049790041991601683,0.049790041991601683,-4.6375531740681595,False,FHS1250@USD,0.98999999999999999,20,all_41,41
PAST_BEST,6,36,3.523108726030598,0.059188162367526498,0.059188162367526498,-4.6835025980947123,True,FUNCTIONAL_EQUAL,0.98999999999999999,20,all_41,41
IN_TCOP1250@CHF,7,35,3.4704701999262459,0.064387122575484901,0.064387122575484901,-4.5892781002125691,True,IN_TCOP1250@EUR,0.98999999999999999,20,all_41,41
IN_FHS1250@CHF,8,34,3.4385962156469034,0.067386522695460901,0.067386522695460901,-4.6466635733118871,True,FUNCTIONAL_EQUAL,0.98999999999999999,20,all_41,41
FHS1250@CHF,9,33,3.3918257068604887,0.074585082983403314,0.074585082983403314,-4.6542439153461288,True,FUNCTIONAL_EQUAL,0.98999999999999999,20,all_41,41
HS1250,10,32,3.230219521927201,0.10277944411117776,0.10277944411117776,-4.6146330564648341,True,IN_FHS_REF_POOL,0.98999999999999999,20,all_41,41
IN_TCOP_REF_POOL,11,31,3.2137587716625209,0.10337932413517296,0.10337932413517296,-4.7010055054536606,True,IN_FHS_REF_POOL,0.98999999999999999,20,all_41,41
FHS250@EUR,12,30,3.0496946708391701,0.14457108578284344,0.14457108578284344,-4.6352123748401679,True,FUNCTIONAL_EQUAL,0.98999999999999999,20,all_41,41
EWMA_GAUSS,13,29,3.0127631268291579,0.14937012597480503,0.14937012597480503,-4.5908388508602638,True,FUNCTIONAL_EQUAL,0.98999999999999999,20,all_41,41
IN_TCOP1250@GBP,14,28,3.0091681432827082,0.15056988602279545,0.15056988602279545,-4.6204372075391316,True,FHS1250@GBP,0.98999999999999999,20,all_41,41
EWMA_SELFNORMALIZED,15,27,2.9608664415515777,0.16156768646270747,0.16156768646270747,-4.597700132410214,True,FUNCTIONAL_EQUAL,0.98999999999999999,20,all_41,41
IN_FHS_REF_PAST_BEST,16,26,2.9109364756797769,0.17696460707858427,0.17696460707858427,-4.69449477626282,True,IN_FHS1250@USD,0.98999999999999999,20,all_41,41
IN_TCOP_REF_PAST_BEST,17,25,2.7853241697578244,0.21515696860627875,0.21515696860627875,-4.6721891603245753,True,FUNCTIONAL_EQUAL,0.98999999999999999,20,all_41,41
FHS250@JPY,18,24,2.7183720726770044,0.23235352929414116,0.23235352929414116,-4.6352951259486845,True,FHS1250@JPY,0.98999999999999999,20,all_41,41
FHS500@EUR,19,23,2.6147483254924437,0.27254549090181962,0.27254549090181962,-4.6779917960123809,True,FHS1250@USD,0.98999999999999999,20,all_41,41
FHS250@GBP,20,22,2.4682917533653019,0.34493101379724056,0.34493101379724056,-4.6466025882788049,True,FUNCTIONAL_EQUAL,0.98999999999999999,20,all_41,41
FHS1250@EUR,21,21,2.4315915387223708,0.34533093381323737,0.34533093381323737,-4.6845134361435665,True,IN_FHS_REF_POOL,0.98999999999999999,20,all_41,41
TW_RELATIVE,22,20,2.4144659496373189,0.34073185362927416,0.34533093381323737,-4.7087065493335594,True,FUNCTIONAL_EQUAL,0.98999999999999999,20,all_41,41
FHS250@USD,23,19,2.2084688180626313,0.45190961807638474,0.45190961807638474,-4.6703630637495319,True,FHS1250@JPY,0.98999999999999999,20,all_41,41
IN_TCOP1250@EUR,24,18,2.17062393445334,0.45010997800439911,0.45190961807638474,-4.6818860844722634,True,FUNCTIONAL_EQUAL,0.98999999999999999,20,all_41,41
IN_TCOP1250@USD,25,17,2.1686960800391155,0.44371125774845033,0.45190961807638474,-4.6979295256594771,True,FHS1250@USD,0.98999999999999999,20,all_41,41
FHS500@USD,26,16,1.8213771454190044,0.68306338732253546,0.68306338732253546,-4.706832038034988,True,FHS1250@USD,0.98999999999999999,20,all_41,41
FHS500@GBP,27,15,1.5893759566970243,0.82243551289742056,0.82243551289742056,-4.6934749115104895,True,IN_FHS_REF_POOL,0.98999999999999999,20,all_41,41
TW_MIN_RIDGE,28,14,1.5517469148523431,0.82103579284143169,0.82243551289742056,-4.7281393164443655,True,FUNCTIONAL_EQUAL,0.98999999999999999,20,all_41,41
IN_TCOP1250@JPY,29,13,1.5234965278145884,0.81643671265746853,0.82243551289742056,-4.7070684705058472,True,FHS1250@JPY,0.98999999999999999,20,all_41,41
IN_FHS1250@JPY,30,12,1.4737932523884174,0.81923615276944606,0.82243551289742056,-4.7063819545362167,True,FHS1250@JPY,0.98999999999999999,20,all_41,41
TAYLOR_OPT,31,11,1.432830309127934,0.81383723255348928,0.82243551289742056,-4.719267249925629,True,FUNCTIONAL_EQUAL,0.98999999999999999,20,all_41,41
GARCH_CASH_T_2STEP,32,10,1.3762304661288156,0.81203759248150365,0.82243551289742056,-4.7062042908934121,True,FUNCTIONAL_EQUAL,0.98999999999999999,20,all_41,41
IN_FHS1250@USD,33,9,1.3338545605880376,0.78484303139372125,0.82243551289742056,-4.7141283096241589,True,FHS1250@USD,0.98999999999999999,20,all_41,41
IN_FHS1250@EUR,34,8,1.3026842722702805,0.76824635072985403,0.82243551289742056,-4.7215649044099868,True,FUNCTIONAL_EQUAL,0.98999999999999999,20,all_41,41
IN_FHS1250@GBP,35,7,1.2578875567748764,0.73425314937012598,0.82243551289742056,-4.6935539249699945,True,FHS1250@GBP,0.98999999999999999,20,all_41,41
FHS500@JPY,36,6,1.2191438753579467,0.72685462907418519,0.82243551289742056,-4.708633805100499,True,FHS1250@USD,0.98999999999999999,20,all_41,41
FHS1250@GBP,37,5,0.89476424631196461,0.85362927414517098,0.85362927414517098,-4.7065555543465543,True,FUNCTIONAL_EQUAL,0.98999999999999999,20,all_41,41
IN_FHS_REF_POOL,38,4,0.71960807190224585,0.87702459508098385,0.87702459508098385,-4.729297198135308,True,FUNCTIONAL_EQUAL,0.98999999999999999,20,all_41,41
FHS1250@JPY,39,3,0.2819891840848201,0.95560887822435514,0.95560887822435514,-4.7327585381373636,True,FHS1250@USD,0.98999999999999999,20,all_41,41
FHS1250@USD,40,2,0.0074230973387681013,0.99520095980803835,0.99520095980803835,-4.7390759334935426,True,FUNCTIONAL_EQUAL,0.98999999999999999,20,all_41,41
FUNCTIONAL_EQUAL,41,1,0,1,1,-4.7392709128796016,True,none,0.98999999999999999,20,all_41,41
HS_CASH1250,1,34,5.0319146010605023,0.0015996800639872025,0.0015996800639872025,-4.614363373442349,False,HS1250,0.98999999999999999,20,exclude_standalone_IN_TCOP,34
HS500,2,33,4.8324812091944604,0.0019996000799840032,0.0019996000799840032,-4.5616613926796923,False,IN_FHS1250@USD,0.98999999999999999,20,exclude_standalone_IN_TCOP,34
HS_CASH500,3,32,4.4482562648603885,0.00599880023995201,0.00599880023995201,-4.559949249061062,False,IN_FHS1250@USD,0.98999999999999999,20,exclude_standalone_IN_TCOP,34
FHS250@CHF,4,31,3.7496310484550928,0.030993801239752049,0.030993801239752049,-4.6071257058481239,False,FUNCTIONAL_EQUAL,0.98999999999999999,20,exclude_standalone_IN_TCOP,34
FHS500@CHF,5,30,3.6213907477058314,0.042391521695660871,0.042391521695660871,-4.6375531740681595,False,FHS1250@USD,0.98999999999999999,20,exclude_standalone_IN_TCOP,34
PAST_BEST,6,29,3.523108726030598,0.05118976204759048,0.05118976204759048,-4.6835025980947123,True,FUNCTIONAL_EQUAL,0.98999999999999999,20,exclude_standalone_IN_TCOP,34
IN_FHS1250@CHF,7,28,3.4385962156469034,0.058188362327534493,0.058188362327534493,-4.6466635733118871,True,FUNCTIONAL_EQUAL,0.98999999999999999,20,exclude_standalone_IN_TCOP,34
FHS1250@CHF,8,27,3.3918257068604887,0.063787242551489695,0.063787242551489695,-4.6542439153461288,True,FUNCTIONAL_EQUAL,0.98999999999999999,20,exclude_standalone_IN_TCOP,34
HS1250,9,26,3.230219521927201,0.086982603479304144,0.086982603479304144,-4.6146330564648341,True,IN_FHS_REF_POOL,0.98999999999999999,20,exclude_standalone_IN_TCOP,34
FHS250@EUR,10,25,3.0496946708391701,0.1249750049990002,0.1249750049990002,-4.6352123748401679,True,FUNCTIONAL_EQUAL,0.98999999999999999,20,exclude_standalone_IN_TCOP,34
EWMA_GAUSS,11,24,3.0127631268291579,0.1271745650869826,0.1271745650869826,-4.5908388508602638,True,FUNCTIONAL_EQUAL,0.98999999999999999,20,exclude_standalone_IN_TCOP,34
EWMA_SELFNORMALIZED,12,23,2.9608664415515777,0.14017196560687861,0.14017196560687861,-4.597700132410214,True,FUNCTIONAL_EQUAL,0.98999999999999999,20,exclude_standalone_IN_TCOP,34
IN_FHS_REF_PAST_BEST,13,22,2.9109364756797769,0.15336932613477305,0.15336932613477305,-4.69449477626282,True,IN_FHS1250@USD,0.98999999999999999,20,exclude_standalone_IN_TCOP,34
FHS250@JPY,14,21,2.7183720726770044,0.21775644871025795,0.21775644871025795,-4.6352951259486845,True,FHS1250@JPY,0.98999999999999999,20,exclude_standalone_IN_TCOP,34
FHS500@EUR,15,20,2.6147483254924437,0.25414917016596683,0.25414917016596683,-4.6779917960123809,True,FHS1250@USD,0.98999999999999999,20,exclude_standalone_IN_TCOP,34
FHS250@GBP,16,19,2.4682917533653019,0.32113577284543093,0.32113577284543093,-4.6466025882788049,True,FUNCTIONAL_EQUAL,0.98999999999999999,20,exclude_standalone_IN_TCOP,34
FHS1250@EUR,17,18,2.4315915387223708,0.32153569286142769,0.32153569286142769,-4.6845134361435665,True,IN_FHS_REF_POOL,0.98999999999999999,20,exclude_standalone_IN_TCOP,34
TW_RELATIVE,18,17,2.4144659496373189,0.31473705258948209,0.32153569286142769,-4.7087065493335594,True,FUNCTIONAL_EQUAL,0.98999999999999999,20,exclude_standalone_IN_TCOP,34
FHS250@USD,19,16,2.2084688180626313,0.41731653669266144,0.41731653669266144,-4.6703630637495319,True,FHS1250@JPY,0.98999999999999999,20,exclude_standalone_IN_TCOP,34
FHS500@USD,20,15,1.8213771454190044,0.65826834633073383,0.65826834633073383,-4.706832038034988,True,FHS1250@USD,0.98999999999999999,20,exclude_standalone_IN_TCOP,34
FHS500@GBP,21,14,1.5893759566970243,0.79984003199360132,0.79984003199360132,-4.6934749115104895,True,IN_FHS_REF_POOL,0.98999999999999999,20,exclude_standalone_IN_TCOP,34
TW_MIN_RIDGE,22,13,1.5517469148523431,0.79744051189762044,0.79984003199360132,-4.7281393164443655,True,FUNCTIONAL_EQUAL,0.98999999999999999,20,exclude_standalone_IN_TCOP,34
IN_FHS1250@JPY,23,12,1.4737932523884174,0.81923615276944606,0.81923615276944606,-4.7063819545362167,True,FHS1250@JPY,0.98999999999999999,20,exclude_standalone_IN_TCOP,34
TAYLOR_OPT,24,11,1.432830309127934,0.81383723255348928,0.81923615276944606,-4.719267249925629,True,FUNCTIONAL_EQUAL,0.98999999999999999,20,exclude_standalone_IN_TCOP,34
GARCH_CASH_T_2STEP,25,10,1.3762304661288156,0.81203759248150365,0.81923615276944606,-4.7062042908934121,True,FUNCTIONAL_EQUAL,0.98999999999999999,20,exclude_standalone_IN_TCOP,34
IN_FHS1250@USD,26,9,1.3338545605880376,0.78484303139372125,0.81923615276944606,-4.7141283096241589,True,FHS1250@USD,0.98999999999999999,20,exclude_standalone_IN_TCOP,34
IN_FHS1250@EUR,27,8,1.3026842722702805,0.76824635072985403,0.81923615276944606,-4.7215649044099868,True,FUNCTIONAL_EQUAL,0.98999999999999999,20,exclude_standalone_IN_TCOP,34
IN_FHS1250@GBP,28,7,1.2578875567748764,0.73425314937012598,0.81923615276944606,-4.6935539249699945,True,FHS1250@GBP,0.98999999999999999,20,exclude_standalone_IN_TCOP,34
FHS500@JPY,29,6,1.2191438753579467,0.72685462907418519,0.81923615276944606,-4.708633805100499,True,FHS1250@USD,0.98999999999999999,20,exclude_standalone_IN_TCOP,34
FHS1250@GBP,30,5,0.89476424631196461,0.85362927414517098,0.85362927414517098,-4.7065555543465543,True,FUNCTIONAL_EQUAL,0.98999999999999999,20,exclude_standalone_IN_TCOP,34
IN_FHS_REF_POOL,31,4,0.71960807190224585,0.87702459508098385,0.87702459508098385,-4.729297198135308,True,FUNCTIONAL_EQUAL,0.98999999999999999,20,exclude_standalone_IN_TCOP,34
FHS1250@JPY,32,3,0.2819891840848201,0.95560887822435514,0.95560887822435514,-4.7327585381373636,True,FHS1250@USD,0.98999999999999999,20,exclude_standalone_IN_TCOP,34
FHS1250@USD,33,2,0.0074230973387681013,0.99520095980803835,0.99520095980803835,-4.7390759334935426,True,FUNCTIONAL_EQUAL,0.98999999999999999,20,exclude_standalone_IN_TCOP,34
FUNCTIONAL_EQUAL,34,1,0,1,1,-4.7392709128796016,True,none,0.98999999999999999,20,exclude_standalone_IN_TCOP,34
HS500,1,41,4.8431704318353557,0.0025994801039792041,0.0025994801039792041,-4.5616613926796923,False,IN_FHS1250@USD,0.98999999999999999,60,all_41,41
HS_CASH1250,2,40,4.4740637317343435,0.0051989602079584082,0.0051989602079584082,-4.614363373442349,False,HS1250,0.98999999999999999,60,all_41,41
HS_CASH500,3,39,4.3513178493218172,0.0075984803039392118,0.0075984803039392118,-4.559949249061062,False,IN_FHS1250@USD,0.98999999999999999,60,all_41,41
FHS500@CHF,4,38,3.6567397081447481,0.042391521695660871,0.042391521695660871,-4.6375531740681595,False,FHS1250@USD,0.98999999999999999,60,all_41,41
IN_FHS1250@CHF,5,37,3.6408220472666533,0.044991001799640072,0.044991001799640072,-4.6466635733118871,False,FUNCTIONAL_EQUAL,0.98999999999999999,60,all_41,41
FHS250@CHF,6,36,3.534938002711332,0.057388522295540895,0.057388522295540895,-4.6071257058481239,True,FUNCTIONAL_EQUAL,0.98999999999999999,60,all_41,41
FHS1250@CHF,7,35,3.4687837177844481,0.067186562687462509,0.067186562687462509,-4.6542439153461288,True,FUNCTIONAL_EQUAL,0.98999999999999999,60,all_41,41
PAST_BEST,8,34,3.4099470260050979,0.074385122975404921,0.074385122975404921,-4.6835025980947123,True,FUNCTIONAL_EQUAL,0.98999999999999999,60,all_41,41
IN_TCOP1250@CHF,9,33,3.3947962555787989,0.073985202959408122,0.074385122975404921,-4.5892781002125691,True,IN_TCOP1250@EUR,0.98999999999999999,60,all_41,41
HS1250,10,32,3.1419753450429231,0.1241751649670066,0.1241751649670066,-4.6146330564648341,True,IN_FHS_REF_POOL,0.98999999999999999,60,all_41,41
EWMA_GAUSS,11,31,3.0265409061406161,0.15736852629474105,0.15736852629474105,-4.5908388508602638,True,FUNCTIONAL_EQUAL,0.98999999999999999,60,all_41,41
EWMA_SELFNORMALIZED,12,30,3.0153646844549495,0.16076784643071385,0.16076784643071385,-4.597700132410214,True,FUNCTIONAL_EQUAL,0.98999999999999999,60,all_41,41
IN_TCOP_REF_POOL,13,29,2.9946445713523588,0.15996800639872025,0.16076784643071385,-4.7010055054536606,True,IN_FHS_REF_POOL,0.98999999999999999,60,all_41,41
IN_TCOP_REF_PAST_BEST,14,28,2.9163602314837918,0.18416316736652669,0.18416316736652669,-4.6721891603245753,True,FUNCTIONAL_EQUAL,0.98999999999999999,60,all_41,41
FHS250@JPY,15,27,2.8712983195497235,0.19436112777444511,0.19436112777444511,-4.6352951259486845,True,FHS1250@JPY,0.98999999999999999,60,all_41,41
FHS250@EUR,16,26,2.7718651995836572,0.23095380923815237,0.23095380923815237,-4.6352123748401679,True,FUNCTIONAL_EQUAL,0.98999999999999999,60,all_41,41
FHS500@EUR,17,25,2.7491802804268728,0.23555288942211558,0.23555288942211558,-4.6779917960123809,True,FHS1250@USD,0.98999999999999999,60,all_41,41
IN_TCOP1250@GBP,18,24,2.57934418027597,0.31393721255748852,0.31393721255748852,-4.6204372075391316,True,FHS1250@GBP,0.98999999999999999,60,all_41,41
IN_FHS_REF_PAST_BEST,19,23,2.4367532361345461,0.38712257548490303,0.38712257548490303,-4.69449477626282,True,FHS1250@USD,0.98999999999999999,60,all_41,41
TW_RELATIVE,20,22,2.3053380473031617,0.45410917816436713,0.45410917816436713,-4.7087065493335594,True,FUNCTIONAL_EQUAL,0.98999999999999999,60,all_41,41
IN_TCOP1250@EUR,21,21,2.2553188909582769,0.47330533893221355,0.47330533893221355,-4.6818860844722634,True,FUNCTIONAL_EQUAL,0.98999999999999999,60,all_41,41
FHS250@GBP,22,20,2.2124838944766578,0.49570085982803441,0.49570085982803441,-4.6466025882788049,True,FUNCTIONAL_EQUAL,0.98999999999999999,60,all_41,41
IN_TCOP1250@USD,23,19,2.1392974227318668,0.53369326134773043,0.53369326134773043,-4.6979295256594771,True,FHS1250@USD,0.98999999999999999,60,all_41,41
FHS250@USD,24,18,2.1143335874326841,0.53489302139572081,0.53489302139572081,-4.6703630637495319,True,FHS1250@JPY,0.98999999999999999,60,all_41,41
FHS1250@EUR,25,17,2.0558161873749596,0.54649070185962811,0.54649070185962811,-4.6845134361435665,True,FUNCTIONAL_EQUAL,0.98999999999999999,60,all_41,41
FHS500@USD,26,16,1.781221323248682,0.72245550889822041,0.72245550889822041,-4.706832038034988,True,FHS1250@USD,0.98999999999999999,60,all_41,41
TW_MIN_RIDGE,27,15,1.5691558174556501,0.84343131373725255,0.84343131373725255,-4.7281393164443655,True,FUNCTIONAL_EQUAL,0.98999999999999999,60,all_41,41
FHS500@GBP,28,14,1.5592706364505304,0.83463307338532289,0.84343131373725255,-4.6934749115104895,True,FUNCTIONAL_EQUAL,0.98999999999999999,60,all_41,41
IN_TCOP1250@JPY,29,13,1.5397577891964811,0.81103779244151175,0.84343131373725255,-4.7070684705058472,True,FHS1250@JPY,0.98999999999999999,60,all_41,41
IN_FHS1250@JPY,30,12,1.5156810759802595,0.79664067186562693,0.84343131373725255,-4.7063819545362167,True,FUNCTIONAL_EQUAL,0.98999999999999999,60,all_41,41
IN_FHS1250@EUR,31,11,1.3610324878393392,0.85562887422515499,0.85562887422515499,-4.7215649044099868,True,FUNCTIONAL_EQUAL,0.98999999999999999,60,all_41,41
IN_FHS1250@USD,32,10,1.3349329209810905,0.83543291341731651,0.85562887422515499,-4.7141283096241589,True,FHS1250@USD,0.98999999999999999,60,all_41,41
GARCH_CASH_T_2STEP,33,9,1.3338975178378369,0.81863627274545092,0.85562887422515499,-4.7062042908934121,True,FHS1250@USD,0.98999999999999999,60,all_41,41
TAYLOR_OPT,34,8,1.2796274898310189,0.78964207158568289,0.85562887422515499,-4.719267249925629,True,FUNCTIONAL_EQUAL,0.98999999999999999,60,all_41,41
FHS500@JPY,35,7,1.228410161343447,0.77084583083383318,0.85562887422515499,-4.708633805100499,True,FHS1250@USD,0.98999999999999999,60,all_41,41
IN_FHS1250@GBP,36,6,1.2178850482790398,0.70745850829834034,0.85562887422515499,-4.6935539249699945,True,FUNCTIONAL_EQUAL,0.98999999999999999,60,all_41,41
FHS1250@GBP,37,5,0.8809189743705802,0.85582883423315337,0.85582883423315337,-4.7065555543465543,True,FUNCTIONAL_EQUAL,0.98999999999999999,60,all_41,41
IN_FHS_REF_POOL,38,4,0.73699532119130717,0.86222755448910215,0.86222755448910215,-4.729297198135308,True,FUNCTIONAL_EQUAL,0.98999999999999999,60,all_41,41
FHS1250@JPY,39,3,0.26606602860828898,0.95900819836032791,0.95900819836032791,-4.7327585381373636,True,FHS1250@USD,0.98999999999999999,60,all_41,41
FHS1250@USD,40,2,0.0076251517529939807,0.99320135972805434,0.99320135972805434,-4.7390759334935426,True,FUNCTIONAL_EQUAL,0.98999999999999999,60,all_41,41
FUNCTIONAL_EQUAL,41,1,0,1,1,-4.7392709128796016,True,none,0.98999999999999999,60,all_41,41
HS500,1,34,4.8431704318353557,0.0021995600879824036,0.0021995600879824036,-4.5616613926796923,False,IN_FHS1250@USD,0.98999999999999999,60,exclude_standalone_IN_TCOP,34
HS_CASH1250,2,33,4.4740637317343435,0.0043991201759648072,0.0043991201759648072,-4.614363373442349,False,HS1250,0.98999999999999999,60,exclude_standalone_IN_TCOP,34
HS_CASH500,3,32,4.3513178493218172,0.00599880023995201,0.00599880023995201,-4.559949249061062,False,IN_FHS1250@USD,0.98999999999999999,60,exclude_standalone_IN_TCOP,34
FHS500@CHF,4,31,3.6567397081447481,0.035792841431713657,0.035792841431713657,-4.6375531740681595,False,FHS1250@USD,0.98999999999999999,60,exclude_standalone_IN_TCOP,34
IN_FHS1250@CHF,5,30,3.6408220472666533,0.037992401519696059,0.037992401519696059,-4.6466635733118871,False,FUNCTIONAL_EQUAL,0.98999999999999999,60,exclude_standalone_IN_TCOP,34
FHS250@CHF,6,29,3.534938002711332,0.049990001999600082,0.049990001999600082,-4.6071257058481239,False,FUNCTIONAL_EQUAL,0.98999999999999999,60,exclude_standalone_IN_TCOP,34
FHS1250@CHF,7,28,3.4687837177844481,0.056788642271545689,0.056788642271545689,-4.6542439153461288,True,FUNCTIONAL_EQUAL,0.98999999999999999,60,exclude_standalone_IN_TCOP,34
PAST_BEST,8,27,3.4099470260050979,0.062587482503499298,0.062587482503499298,-4.6835025980947123,True,FUNCTIONAL_EQUAL,0.98999999999999999,60,exclude_standalone_IN_TCOP,34
HS1250,9,26,3.1419753450429231,0.10757848430313938,0.10757848430313938,-4.6146330564648341,True,IN_FHS_REF_POOL,0.98999999999999999,60,exclude_standalone_IN_TCOP,34
EWMA_GAUSS,10,25,3.0265409061406161,0.13157368526294741,0.13157368526294741,-4.5908388508602638,True,FUNCTIONAL_EQUAL,0.98999999999999999,60,exclude_standalone_IN_TCOP,34
EWMA_SELFNORMALIZED,11,24,3.0153646844549495,0.13357328534293142,0.13357328534293142,-4.597700132410214,True,FUNCTIONAL_EQUAL,0.98999999999999999,60,exclude_standalone_IN_TCOP,34
FHS250@JPY,12,23,2.8712983195497235,0.1767646470705859,0.1767646470705859,-4.6352951259486845,True,FHS1250@JPY,0.98999999999999999,60,exclude_standalone_IN_TCOP,34
FHS250@EUR,13,22,2.7718651995836572,0.20675864827034593,0.20675864827034593,-4.6352123748401679,True,FUNCTIONAL_EQUAL,0.98999999999999999,60,exclude_standalone_IN_TCOP,34
FHS500@EUR,14,21,2.7491802804268728,0.20915816836632672,0.20915816836632672,-4.6779917960123809,True,FHS1250@USD,0.98999999999999999,60,exclude_standalone_IN_TCOP,34
IN_FHS_REF_PAST_BEST,15,20,2.4367532361345461,0.35792841431713657,0.35792841431713657,-4.69449477626282,True,FHS1250@USD,0.98999999999999999,60,exclude_standalone_IN_TCOP,34
TW_RELATIVE,16,19,2.3053380473031617,0.42551489702059586,0.42551489702059586,-4.7087065493335594,True,FUNCTIONAL_EQUAL,0.98999999999999999,60,exclude_standalone_IN_TCOP,34
FHS250@GBP,17,18,2.2124838944766578,0.46930613877224553,0.46930613877224553,-4.6466025882788049,True,FUNCTIONAL_EQUAL,0.98999999999999999,60,exclude_standalone_IN_TCOP,34
FHS250@USD,18,17,2.1143335874326841,0.51809638072385522,0.51809638072385522,-4.6703630637495319,True,FHS1250@JPY,0.98999999999999999,60,exclude_standalone_IN_TCOP,34
FHS1250@EUR,19,16,2.0558161873749596,0.52749450109978002,0.52749450109978002,-4.6845134361435665,True,FUNCTIONAL_EQUAL,0.98999999999999999,60,exclude_standalone_IN_TCOP,34
FHS500@USD,20,15,1.781221323248682,0.69866026794641067,0.69866026794641067,-4.706832038034988,True,FHS1250@USD,0.98999999999999999,60,exclude_standalone_IN_TCOP,34
TW_MIN_RIDGE,21,14,1.5691558174556501,0.81903619276144768,0.81903619276144768,-4.7281393164443655,True,FUNCTIONAL_EQUAL,0.98999999999999999,60,exclude_standalone_IN_TCOP,34
FHS500@GBP,22,13,1.5592706364505304,0.8094381123775245,0.81903619276144768,-4.6934749115104895,True,FUNCTIONAL_EQUAL,0.98999999999999999,60,exclude_standalone_IN_TCOP,34
IN_FHS1250@JPY,23,12,1.5156810759802595,0.79664067186562693,0.81903619276144768,-4.7063819545362167,True,FUNCTIONAL_EQUAL,0.98999999999999999,60,exclude_standalone_IN_TCOP,34
IN_FHS1250@EUR,24,11,1.3610324878393392,0.85562887422515499,0.85562887422515499,-4.7215649044099868,True,FUNCTIONAL_EQUAL,0.98999999999999999,60,exclude_standalone_IN_TCOP,34
IN_FHS1250@USD,25,10,1.3349329209810905,0.83543291341731651,0.85562887422515499,-4.7141283096241589,True,FHS1250@USD,0.98999999999999999,60,exclude_standalone_IN_TCOP,34
GARCH_CASH_T_2STEP,26,9,1.3338975178378369,0.81863627274545092,0.85562887422515499,-4.7062042908934121,True,FHS1250@USD,0.98999999999999999,60,exclude_standalone_IN_TCOP,34
TAYLOR_OPT,27,8,1.2796274898310189,0.78964207158568289,0.85562887422515499,-4.719267249925629,True,FUNCTIONAL_EQUAL,0.98999999999999999,60,exclude_standalone_IN_TCOP,34
FHS500@JPY,28,7,1.228410161343447,0.77084583083383318,0.85562887422515499,-4.708633805100499,True,FHS1250@USD,0.98999999999999999,60,exclude_standalone_IN_TCOP,34
IN_FHS1250@GBP,29,6,1.2178850482790398,0.70745850829834034,0.85562887422515499,-4.6935539249699945,True,FUNCTIONAL_EQUAL,0.98999999999999999,60,exclude_standalone_IN_TCOP,34
FHS1250@GBP,30,5,0.8809189743705802,0.85582883423315337,0.85582883423315337,-4.7065555543465543,True,FUNCTIONAL_EQUAL,0.98999999999999999,60,exclude_standalone_IN_TCOP,34
IN_FHS_REF_POOL,31,4,0.73699532119130717,0.86222755448910215,0.86222755448910215,-4.729297198135308,True,FUNCTIONAL_EQUAL,0.98999999999999999,60,exclude_standalone_IN_TCOP,34
FHS1250@JPY,32,3,0.26606602860828898,0.95900819836032791,0.95900819836032791,-4.7327585381373636,True,FHS1250@USD,0.98999999999999999,60,exclude_standalone_IN_TCOP,34
FHS1250@USD,33,2,0.0076251517529939807,0.99320135972805434,0.99320135972805434,-4.7390759334935426,True,FUNCTIONAL_EQUAL,0.98999999999999999,60,exclude_standalone_IN_TCOP,34
FUNCTIONAL_EQUAL,34,1,0,1,1,-4.7392709128796016,True,none,0.98999999999999999,60,exclude_standalone_IN_TCOP,34
