book,report,tau,reference,comparator,block,n_dates,mean_log_ES_ratio,geometric_ES_ratio,median_ES_ratio,mean_normalized_cash_ES_difference,task_simultaneous_low,task_simultaneous_high,task_family_n,all_task_simultaneous_low,all_task_simultaneous_high,all_task_family_n
funded_assets,EUR,0.94999999999999996,USD,EUR,20,2046,0.024311231978919424,1.0246091594075111,1.0239205606433439,0.0002295118969509466,-0.003438113093955808,0.052060577051794656,4,-0.0055102162964884155,0.054132680254327263,16
funded_assets,EUR,0.94999999999999996,GBP,EUR,20,2046,0.0095608163597605163,1.0096066669710893,1.0278982336133491,5.0747120483952514e-05,-0.018186338327246063,0.037307971046767099,4,-0.020258277968960885,0.039379910688481914,16
funded_assets,EUR,0.94999999999999996,JPY,EUR,20,2046,0.071406150468602672,1.074017349946331,1.0595869492588066,0.0005424350485618109,0.0450945983272448,0.097717702609960544,4,0.043129858211305827,0.099682442725899517,16
funded_assets,EUR,0.94999999999999996,CHF,EUR,20,2046,0.033826146791264958,1.0344047565087522,1.0316610767858569,0.00024445091235685679,0.012731093518120584,0.054921200064409328,4,0.011155880577776067,0.056496413004753845,16
funded_assets,USD,0.94999999999999996,USD,EUR,20,2046,0.023797604880056854,1.0240830275068642,1.0232140400013767,0.0002289383136485705,-0.0040653001186495528,0.051660509878763264,4,-0.006155978365312436,0.053751188125426147,16
funded_assets,USD,0.94999999999999996,GBP,EUR,20,2046,0.010335231274207084,1.0103888242497578,1.0280779642570947,5.6483398484348587e-05,-0.017703514035986367,0.038373976584400532,4,-0.019807386366831409,0.040477848915245578,16
funded_assets,USD,0.94999999999999996,JPY,EUR,20,2046,0.073106935479119992,1.0758455768258868,1.061543130270086,0.00055871328847791795,0.046550223354062267,0.099663647604177716,4,0.044557554594457899,0.10165631636378208,16
funded_assets,USD,0.94999999999999996,CHF,EUR,20,2046,0.034804267532291863,1.0354170242350349,1.0324771684990841,0.00025306212137633517,0.01350323135821082,0.056105303706372907,4,0.01190491944627637,0.057703615618307356,16
net_cashflows,EUR,0.94999999999999996,USD,EUR,20,2046,-0.030317779651527561,0.97013719469953141,0.95981499786339652,-6.9698893683662239e-05,-0.057853218991739785,-0.0027823403113153324,4,-0.060613246874854726,-2.2312428200395307e-05,16
net_cashflows,EUR,0.94999999999999996,GBP,EUR,20,2046,-0.010217251266262956,0.98983476753167254,0.99636158382677997,-8.0114767683236207e-05,-0.044954498039684571,0.024519995507158655,4,-0.04843640252258391,0.028001899990058001,16
net_cashflows,EUR,0.94999999999999996,JPY,EUR,20,2046,-0.03183499423961017,0.96866640442965768,0.94996718186474149,-4.280718927912834e-05,-0.063091617128295946,-0.00057837135092440178,4,-0.066224639617564723,0.0025546511383443826,16
net_cashflows,EUR,0.94999999999999996,CHF,EUR,20,2046,-0.0044395673061808213,0.99557027300512491,0.99340752653954545,-5.6399676013192466e-05,-0.030541042927540913,0.021661908315179269,4,-0.033157336774001955,0.024278202161640311,16
net_cashflows,USD,0.94999999999999996,USD,EUR,20,2046,-0.030296613579486632,0.97015772891059759,0.96022685139359543,-6.9914678876692121e-05,-0.057885746305911354,-0.0027074808530619145,4,-0.060642640690274287,4.9413531301022162e-05,16
net_cashflows,USD,0.94999999999999996,GBP,EUR,20,2046,-0.0096962562840645205,0.99035060084037685,0.99648072220885109,-7.9102851897908718e-05,-0.044720617495754116,0.025328104927625071,4,-0.048220490641383042,0.028827978073253997,16
net_cashflows,USD,0.94999999999999996,JPY,EUR,20,2046,-0.031118497832015531,0.9693606991287157,0.95012546754603711,-3.5571119648268637e-05,-0.062981101801734524,0.0007441061377034576,4,-0.06616503059088287,0.003928034926851804,16
net_cashflows,USD,0.94999999999999996,CHF,EUR,20,2046,-0.0043030922410584194,0.99570615279485786,0.99353383134707784,-5.6747287515878527e-05,-0.030755973263235911,0.022149788781119076,4,-0.033399325624595654,0.024793141142478811,16
funded_assets,EUR,0.94999999999999996,USD,EUR,60,2046,0.024311231978919424,1.0246091594075111,1.0239205606433439,0.0002295118969509466,-0.02072211292279821,0.069344576880637054,4,-0.023045821328229053,0.071668285286067904,16
funded_assets,EUR,0.94999999999999996,GBP,EUR,60,2046,0.0095608163597605163,1.0096066669710893,1.0278982336133491,5.0747120483952514e-05,-0.034644006677443689,0.053765639396964715,4,-0.036924963578964368,0.056046596298485407,16
funded_assets,EUR,0.94999999999999996,JPY,EUR,60,2046,0.071406150468602672,1.074017349946331,1.0595869492588066,0.0005424350485618109,0.031213140898792291,0.11159916003841305,4,0.029139192486104692,0.11367310845110065,16
funded_assets,EUR,0.94999999999999996,CHF,EUR,60,2046,0.033826146791264958,1.0344047565087522,1.0316610767858569,0.00024445091235685679,0.0033827017600185187,0.064269591822511393,4,0.0018118282381034065,0.065840465344426502,16
funded_assets,USD,0.94999999999999996,USD,EUR,60,2046,0.023797604880056854,1.0240830275068642,1.0232140400013767,0.0002289383136485705,-0.02136587559201017,0.068961085352123877,4,-0.023797603053413392,0.071392812813527107,16
funded_assets,USD,0.94999999999999996,GBP,EUR,60,2046,0.010335231274207084,1.0103888242497578,1.0280779642570947,5.6483398484348587e-05,-0.034281730639550881,0.054952193187965057,4,-0.036684032021021482,0.057354494569435657,16
funded_assets,USD,0.94999999999999996,JPY,EUR,60,2046,0.073106935479119992,1.0758455768258868,1.061543130270086,0.00055871328847791795,0.032622270965835802,0.11359159999240417,4,0.030442463975018555,0.11577140698322143,16
funded_assets,USD,0.94999999999999996,CHF,EUR,60,2046,0.034804267532291863,1.0354170242350349,1.0324771684990841,0.00025306212137633517,0.0040658025714592275,0.065542732493124506,4,0.0024107580845121254,0.067197776980071594,16
net_cashflows,EUR,0.94999999999999996,USD,EUR,60,2046,-0.030317779651527561,0.97013719469953141,0.95981499786339652,-6.9698893683662239e-05,-0.068638062948484735,0.0080025036454296171,4,-0.072498830974866008,0.01186327167181089,16
net_cashflows,EUR,0.94999999999999996,GBP,EUR,60,2046,-0.010217251266262956,0.98983476753167254,0.99636158382677997,-8.0114767683236207e-05,-0.064713600124063783,0.044279097591537864,4,-0.070204106537971836,0.04976960400544593,16
net_cashflows,EUR,0.94999999999999996,JPY,EUR,60,2046,-0.03183499423961017,0.96866640442965768,0.94996718186474149,-4.280718927912834e-05,-0.074866893690530553,0.011196905211310212,4,-0.07920235698100575,0.015532368501785403,16
net_cashflows,EUR,0.94999999999999996,CHF,EUR,60,2046,-0.0044395673061808213,0.99557027300512491,0.99340752653954545,-5.6399676013192466e-05,-0.045691670793695169,0.036812536181333524,4,-0.049847819664813074,0.04096868505245143,16
net_cashflows,USD,0.94999999999999996,USD,EUR,60,2046,-0.030296613579486632,0.97015772891059759,0.96022685139359543,-6.9914678876692121e-05,-0.068733284546682233,0.0081400573877089752,4,-0.072548584628123261,0.011955357469149996,16
net_cashflows,USD,0.94999999999999996,GBP,EUR,60,2046,-0.0096962562840645205,0.99035060084037685,0.99648072220885109,-7.9102851897908718e-05,-0.064698123673124941,0.045305611104995896,4,-0.070157717957655699,0.050765205389526655,16
net_cashflows,USD,0.94999999999999996,JPY,EUR,60,2046,-0.031118497832015531,0.9693606991287157,0.95012546754603711,-3.5571119648268637e-05,-0.075014598545166108,0.012777602881135049,4,-0.079371812435223413,0.017134816771192347,16
net_cashflows,USD,0.94999999999999996,CHF,EUR,60,2046,-0.0043030922410584194,0.99570615279485786,0.99353383134707784,-5.6747287515878527e-05,-0.046155895156777198,0.037549710674660362,4,-0.05031028726084779,0.041704102778730955,16
funded_assets,EUR,0.98999999999999999,USD,EUR,20,2046,0.018834797918074606,1.0190132915940446,1.0204287155918619,0.00027251172039870669,-0.01034340015778704,0.048012995993936256,4,-0.012647913485686602,0.050317509321835818,16
funded_assets,EUR,0.98999999999999999,GBP,EUR,20,2046,0.029502181145871879,1.0299416819224896,1.0458332557798682,0.00025818672731441896,0.0020131661256142276,0.056991196166129535,4,-0.0001579344104885097,0.059162296702232268,16
funded_assets,EUR,0.98999999999999999,JPY,EUR,20,2046,0.11372611717515543,1.1204452121572199,1.0936590450908317,0.0011575228257077247,0.085022196923665791,0.14243003742664506,4,0.082755142371135113,0.14469709197917574,16
funded_assets,EUR,0.98999999999999999,CHF,EUR,20,2046,0.07051623912075225,1.0730619948725351,1.0589150906275187,0.00069508738861963424,0.041296064437390784,0.099736413804113716,4,0.038988235769346097,0.1020442424721584,16
funded_assets,USD,0.98999999999999999,USD,EUR,20,2046,0.018217444103952769,1.0183843939979771,1.0195337341232085,0.00027229813804730094,-0.011134333515614887,0.047569221723520426,4,-0.013390301495950663,0.049825189703856201,16
funded_assets,USD,0.98999999999999999,GBP,EUR,20,2046,0.030403018703414452,1.0308699101002741,1.0470900090684037,0.00027042497900699614,0.0024315820562094345,0.05837445535061947,4,0.00028170662931136653,0.060524330777517538,16
funded_assets,USD,0.98999999999999999,JPY,EUR,20,2046,0.11656594345340821,1.1236316041725176,1.0965947661759936,0.0012002019284976047,0.087309702272073658,0.14582218463474275,4,0.085061077190979037,0.14807080971583736,16
funded_assets,USD,0.98999999999999999,CHF,EUR,20,2046,0.072309316583683558,1.0749878041985426,1.0605890556130375,0.00072203825733614636,0.042290354507281636,0.10232827866008548,4,0.039983106948887445,0.10463552621847967,16
net_cashflows,EUR,0.98999999999999999,USD,EUR,20,2046,-0.093390188738077182,0.91083803220844806,0.90873329879246256,-0.00058667220838508327,-0.11780576555199715,-0.068974611924157214,4,-0.12032852627384395,-0.066451851202310411,16
net_cashflows,EUR,0.98999999999999999,GBP,EUR,20,2046,-0.013445372421880803,0.98664461285126515,0.99836160238077554,-0.00016776903143099947,-0.050567311028623295,0.023676566184861685,4,-0.054402967640369053,0.027512222796607443,16
net_cashflows,EUR,0.98999999999999999,JPY,EUR,20,2046,-0.12503602834321567,0.88246510825605429,0.88198678913392425,-0.00073388501863057493,-0.15253665300849739,-0.097535403677933938,4,-0.15537817898433551,-0.094693877702095836,16
net_cashflows,EUR,0.98999999999999999,CHF,EUR,20,2046,0.0075746391700787169,1.0076033993194153,0.99763469291988527,-1.2647505669788204e-05,-0.024139399300495572,0.039288677640653004,4,-0.027416279924470398,0.04256555826462783,16
net_cashflows,USD,0.98999999999999999,USD,EUR,20,2046,-0.095474102411462258,0.90894190075221737,0.90696849563755866,-0.00060718445215026317,-0.12002386851780272,-0.070924336305121793,4,-0.12257564084060857,-0.068372563982315948,16
net_cashflows,USD,0.98999999999999999,GBP,EUR,20,2046,-0.012236162073161947,0.98783839534924656,0.99855293821611379,-0.00016333787975046833,-0.049744652828887154,0.025272328682563256,4,-0.053643391748275801,0.02917106760195191,16
net_cashflows,USD,0.98999999999999999,JPY,EUR,20,2046,-0.1272282551549811,0.88053266353777093,0.87948120827880494,-0.00075198526595416932,-0.15543491043820773,-0.099021599871754462,4,-0.15836679019457223,-0.096089720115389965,16
net_cashflows,USD,0.98999999999999999,CHF,EUR,20,2046,0.0084767397292470209,1.0085127690191493,0.99840270742871162,-8.3319324863681376e-06,-0.02408818106523436,0.041041660523728402,4,-0.027473071300757212,0.044426550759251254,16
funded_assets,EUR,0.98999999999999999,USD,EUR,60,2046,0.018834797918074606,1.0190132915940446,1.0204287155918619,0.00027251172039870669,-0.028359031258915261,0.066028627095064477,4,-0.031480932990402014,0.069150528826551219,16
funded_assets,EUR,0.98999999999999999,GBP,EUR,60,2046,0.029502181145871879,1.0299416819224896,1.0458332557798682,0.00025818672731441896,-0.014096583263460159,0.073100945555203911,4,-0.016980669180492292,0.07598503147223605,16
funded_assets,EUR,0.98999999999999999,JPY,EUR,60,2046,0.11372611717515543,1.1204452121572199,1.0936590450908317,0.0011575228257077247,0.069400939230541969,0.1580512951197689,4,0.066468800597442534,0.16098343375286833,16
funded_assets,EUR,0.98999999999999999,CHF,EUR,60,2046,0.07051623912075225,1.0730619948725351,1.0589150906275187,0.00069508738861963424,0.023380699491862472,0.11765177874964203,4,0.020262653650951132,0.12076982459055337,16
funded_assets,USD,0.98999999999999999,USD,EUR,60,2046,0.018217444103952769,1.0183843939979771,1.0195337341232085,0.00027229813804730094,-0.029118380909838107,0.065553269117743646,4,-0.032299771894518492,0.068734660102424031,16
funded_assets,USD,0.98999999999999999,GBP,EUR,60,2046,0.030403018703414452,1.0308699101002741,1.0470900090684037,0.00027042497900699614,-0.013878471526292718,0.074684508933121618,4,-0.016854583884405413,0.077660621291234314,16
funded_assets,USD,0.98999999999999999,JPY,EUR,60,2046,0.11656594345340821,1.1236316041725176,1.0965947661759936,0.0012002019284976047,0.071558704658842898,0.16157318224797351,4,0.068533815503437401,0.16459807140337901,16
funded_assets,USD,0.98999999999999999,CHF,EUR,60,2046,0.072309316583683558,1.0749878041985426,1.0605890556130375,0.00072203825733614636,0.023932951680434175,0.12068568148693294,4,0.020681627104809523,0.12393700606255759,16
net_cashflows,EUR,0.98999999999999999,USD,EUR,60,2046,-0.093390188738077182,0.91083803220844806,0.90873329879246256,-0.00058667220838508327,-0.1267948340808131,-0.059985543395341248,4,-0.13021158326403423,-0.056568794212120126,16
net_cashflows,EUR,0.98999999999999999,GBP,EUR,60,2046,-0.013445372421880803,0.98664461285126515,0.99836160238077554,-0.00016776903143099947,-0.073028265235514075,0.046137520391752465,4,-0.079122621223017567,0.052231876379255956,16
net_cashflows,EUR,0.98999999999999999,JPY,EUR,60,2046,-0.12503602834321567,0.88246510825605429,0.88198678913392425,-0.00073388501863057493,-0.16089499182614161,-0.089177064860289729,4,-0.16456277763659885,-0.085509279049832493,16
net_cashflows,EUR,0.98999999999999999,CHF,EUR,60,2046,0.0075746391700787169,1.0076033993194153,0.99763469291988527,-1.2647505669788204e-05,-0.044795758561017876,0.059945036901175308,4,-0.050152394197671944,0.065301672537829383,16
net_cashflows,USD,0.98999999999999999,USD,EUR,60,2046,-0.095474102411462258,0.90894190075221737,0.90696849563755866,-0.00060718445215026317,-0.12903468974156179,-0.061913515081362738,4,-0.13251757600849337,-0.058430628814431146,16
net_cashflows,USD,0.98999999999999999,GBP,EUR,60,2046,-0.012236162073161947,0.98783839534924656,0.99855293821611379,-0.00016333787975046833,-0.072352931877319768,0.047880607730995881,4,-0.078591793846681149,0.054119469700357262,16
net_cashflows,USD,0.98999999999999999,JPY,EUR,60,2046,-0.1272282551549811,0.88053266353777093,0.87948120827880494,-0.00075198526595416932,-0.16401731156875571,-0.090439198741206484,4,-0.16783524532827573,-0.086621264981686458,16
net_cashflows,USD,0.98999999999999999,CHF,EUR,60,2046,0.0084767397292470209,1.0085127690191493,0.99840270742871162,-8.3319324863681376e-06,-0.045299440033373849,0.06225291949186789,4,-0.050880281516898669,0.067833760975392704,16
