year,model_key,book,report,tau,n_dates,mean_score,mean_es,breaches,breach_rate
2018,IN_FHS_REF_POOL,funded_assets,EUR,0.94999999999999996,255,-5.1478549078516966,0.0067250767569558756,8,0.031372549019607843
2018,IN_FHS_REF_POOL,funded_assets,EUR,0.98999999999999999,255,-4.8392999764911613,0.0099632011900138515,1,0.0039215686274509803
2018,IN_FHS_REF_POOL,funded_assets,USD,0.94999999999999996,255,-5.1405755984370778,0.0067935559066292757,8,0.031372549019607843
2018,IN_FHS_REF_POOL,funded_assets,USD,0.98999999999999999,255,-4.8335010131704355,0.010114799459360788,1,0.0039215686274509803
2018,IN_FHS_REF_POOL,net_cashflows,EUR,0.94999999999999996,255,-5.5474729712028985,0.0044081224596143149,11,0.043137254901960784
2018,IN_FHS_REF_POOL,net_cashflows,EUR,0.98999999999999999,255,-5.2144463334148128,0.0067336900126445248,1,0.0039215686274509803
2018,IN_FHS_REF_POOL,net_cashflows,USD,0.94999999999999996,255,-5.5443358450087459,0.0044382230472788439,12,0.047058823529411764
2018,IN_FHS_REF_POOL,net_cashflows,USD,0.98999999999999999,255,-5.205959736286224,0.0068075948991350686,1,0.0039215686274509803
2018,SCALAR_BEKK_INTERNAL,funded_assets,EUR,0.94999999999999996,255,-5.055946837641458,0.0077110062333149935,4,0.015686274509803921
2018,SCALAR_BEKK_INTERNAL,funded_assets,EUR,0.98999999999999999,255,-4.7173263051742484,0.010503861483015048,0,0
2018,SCALAR_BEKK_INTERNAL,funded_assets,USD,0.94999999999999996,255,-5.0501341371367721,0.0077805377643039367,3,0.011764705882352941
2018,SCALAR_BEKK_INTERNAL,funded_assets,USD,0.98999999999999999,255,-4.7071370953304505,0.010630669274601731,0,0
2018,SCALAR_BEKK_INTERNAL,net_cashflows,EUR,0.94999999999999996,255,-5.4411942122627739,0.0051923327449425599,4,0.015686274509803921
2018,SCALAR_BEKK_INTERNAL,net_cashflows,EUR,0.98999999999999999,255,-5.1001783083895145,0.0070955008222665043,1,0.0039215686274509803
2018,SCALAR_BEKK_INTERNAL,net_cashflows,USD,0.94999999999999996,255,-5.4382551570277622,0.00521984580664887,4,0.015686274509803921
2018,SCALAR_BEKK_INTERNAL,net_cashflows,USD,0.98999999999999999,255,-5.0929872478539187,0.0071458194220627306,1,0.0039215686274509803
2019,IN_FHS_REF_POOL,funded_assets,EUR,0.94999999999999996,255,-5.2946718410512261,0.0059535673144503745,6,0.023529411764705882
2019,IN_FHS_REF_POOL,funded_assets,EUR,0.98999999999999999,255,-4.9203521967691906,0.0087170376627789363,2,0.0078431372549019607
2019,IN_FHS_REF_POOL,funded_assets,USD,0.94999999999999996,255,-5.2898345698369207,0.0060045980317260089,5,0.019607843137254902
2019,IN_FHS_REF_POOL,funded_assets,USD,0.98999999999999999,255,-4.9166558073232327,0.008825176770161992,1,0.0039215686274509803
2019,IN_FHS_REF_POOL,net_cashflows,EUR,0.94999999999999996,255,-5.5628895336543867,0.0041444949959559786,8,0.031372549019607843
2019,IN_FHS_REF_POOL,net_cashflows,EUR,0.98999999999999999,255,-5.0800233893270876,0.0062167470902553907,1,0.0039215686274509803
2019,IN_FHS_REF_POOL,net_cashflows,USD,0.94999999999999996,255,-5.5584784722893268,0.0041701544609581403,8,0.031372549019607843
2019,IN_FHS_REF_POOL,net_cashflows,USD,0.98999999999999999,255,-5.0767829619301388,0.0062819624149252958,1,0.0039215686274509803
2019,SCALAR_BEKK_INTERNAL,funded_assets,EUR,0.94999999999999996,255,-5.1448340785020159,0.0071831122435236745,2,0.0078431372549019607
2019,SCALAR_BEKK_INTERNAL,funded_assets,EUR,0.98999999999999999,255,-4.7847372113630406,0.0099281617018908679,1,0.0039215686274509803
2019,SCALAR_BEKK_INTERNAL,funded_assets,USD,0.94999999999999996,255,-5.1388974088072992,0.0072441469133026687,2,0.0078431372549019607
2019,SCALAR_BEKK_INTERNAL,funded_assets,USD,0.98999999999999999,255,-4.7752377874493908,0.010043121039596684,0,0
2019,SCALAR_BEKK_INTERNAL,net_cashflows,EUR,0.94999999999999996,255,-5.4938768241868976,0.0048320547160189157,4,0.015686274509803921
2019,SCALAR_BEKK_INTERNAL,net_cashflows,EUR,0.98999999999999999,255,-5.0217262518551582,0.0066798805332378012,1,0.0039215686274509803
2019,SCALAR_BEKK_INTERNAL,net_cashflows,USD,0.94999999999999996,255,-5.4893336053270652,0.004856389350327988,4,0.015686274509803921
2019,SCALAR_BEKK_INTERNAL,net_cashflows,USD,0.98999999999999999,255,-5.0210264530723832,0.0067257482121414981,1,0.0039215686274509803
2020,IN_FHS_REF_POOL,funded_assets,EUR,0.94999999999999996,257,-4.8764448148708324,0.0069057175309714747,16,0.062256809338521402
2020,IN_FHS_REF_POOL,funded_assets,EUR,0.98999999999999999,257,-4.547217743573035,0.010018284077994041,4,0.01556420233463035
2020,IN_FHS_REF_POOL,funded_assets,USD,0.94999999999999996,257,-4.8688055395001939,0.0069657699707299141,17,0.066147859922178989
2020,IN_FHS_REF_POOL,funded_assets,USD,0.98999999999999999,257,-4.5415035962474155,0.010130118346472101,3,0.011673151750972763
2020,IN_FHS_REF_POOL,net_cashflows,EUR,0.94999999999999996,257,-5.2292014412973691,0.004863991525696847,10,0.038910505836575876
2020,IN_FHS_REF_POOL,net_cashflows,EUR,0.98999999999999999,257,-4.4872490058916981,0.0073383973625453063,4,0.01556420233463035
2020,IN_FHS_REF_POOL,net_cashflows,USD,0.94999999999999996,257,-5.2154598550178104,0.0049077495851967022,10,0.038910505836575876
2020,IN_FHS_REF_POOL,net_cashflows,USD,0.98999999999999999,257,-4.4599210226985928,0.0074438252806887208,4,0.01556420233463035
2020,SCALAR_BEKK_INTERNAL,funded_assets,EUR,0.94999999999999996,257,-4.8692305688264721,0.0066577975327002563,15,0.058365758754863814
2020,SCALAR_BEKK_INTERNAL,funded_assets,EUR,0.98999999999999999,257,-4.4543407851444607,0.0090462558352736207,4,0.01556420233463035
2020,SCALAR_BEKK_INTERNAL,funded_assets,USD,0.94999999999999996,257,-4.8612616021863717,0.0067132015783965557,14,0.054474708171206226
2020,SCALAR_BEKK_INTERNAL,funded_assets,USD,0.98999999999999999,257,-4.4465534986084814,0.0091465188695194436,4,0.01556420233463035
2020,SCALAR_BEKK_INTERNAL,net_cashflows,EUR,0.94999999999999996,257,-5.321544863854883,0.004352440530689717,9,0.035019455252918288
2020,SCALAR_BEKK_INTERNAL,net_cashflows,EUR,0.98999999999999999,257,-4.6128665199106944,0.005909915666472693,4,0.01556420233463035
2020,SCALAR_BEKK_INTERNAL,net_cashflows,USD,0.94999999999999996,257,-5.3071831170200872,0.0043801212477332209,9,0.035019455252918288
2020,SCALAR_BEKK_INTERNAL,net_cashflows,USD,0.98999999999999999,257,-4.5806620870715697,0.0059598765207615903,4,0.01556420233463035
2021,IN_FHS_REF_POOL,funded_assets,EUR,0.94999999999999996,258,-5.3936844691531922,0.005645157414297255,4,0.015503875968992248
2021,IN_FHS_REF_POOL,funded_assets,EUR,0.98999999999999999,258,-5.0260380826031055,0.0077808537363797045,0,0
2021,IN_FHS_REF_POOL,funded_assets,USD,0.94999999999999996,258,-5.3888041109394056,0.0056809878067051109,4,0.015503875968992248
2021,IN_FHS_REF_POOL,funded_assets,USD,0.98999999999999999,258,-5.0182329529404628,0.0078436553796713548,0,0
2021,IN_FHS_REF_POOL,net_cashflows,EUR,0.94999999999999996,258,-5.6453179631920802,0.0038700381544383238,9,0.034883720930232558
2021,IN_FHS_REF_POOL,net_cashflows,EUR,0.98999999999999999,258,-5.3631621761624135,0.0055893621168329639,2,0.0077519379844961239
2021,IN_FHS_REF_POOL,net_cashflows,USD,0.94999999999999996,258,-5.6391224011854257,0.0038953768556179848,9,0.034883720930232558
2021,IN_FHS_REF_POOL,net_cashflows,USD,0.98999999999999999,258,-5.3600457000114963,0.0056379273392174667,2,0.0077519379844961239
2021,SCALAR_BEKK_INTERNAL,funded_assets,EUR,0.94999999999999996,258,-5.4293815298017698,0.0051806130928721645,4,0.015503875968992248
2021,SCALAR_BEKK_INTERNAL,funded_assets,EUR,0.98999999999999999,258,-5.1168557506343388,0.0067790314067669713,1,0.003875968992248062
2021,SCALAR_BEKK_INTERNAL,funded_assets,USD,0.94999999999999996,258,-5.425096721343424,0.0052148594727436937,4,0.015503875968992248
2021,SCALAR_BEKK_INTERNAL,funded_assets,USD,0.98999999999999999,258,-5.1088888525842222,0.0068363512184952116,1,0.003875968992248062
2021,SCALAR_BEKK_INTERNAL,net_cashflows,EUR,0.94999999999999996,258,-5.6414114193559941,0.0037990899465841681,8,0.031007751937984496
2021,SCALAR_BEKK_INTERNAL,net_cashflows,EUR,0.98999999999999999,258,-5.3797190959808745,0.0049709981187158799,2,0.0077519379844961239
2021,SCALAR_BEKK_INTERNAL,net_cashflows,USD,0.94999999999999996,258,-5.6369430373488418,0.0038159403700619263,8,0.031007751937984496
2021,SCALAR_BEKK_INTERNAL,net_cashflows,USD,0.98999999999999999,258,-5.3760669678388338,0.0049991635380677579,2,0.0077519379844961239
2022,IN_FHS_REF_POOL,funded_assets,EUR,0.94999999999999996,257,-4.7302784401654518,0.0078257095256870166,14,0.054474708171206226
2022,IN_FHS_REF_POOL,funded_assets,EUR,0.98999999999999999,257,-4.1828967097882979,0.010988082101662378,2,0.0077821011673151752
2022,IN_FHS_REF_POOL,funded_assets,USD,0.94999999999999996,257,-4.7232397567527808,0.0078959710945514117,14,0.054474708171206226
2022,IN_FHS_REF_POOL,funded_assets,USD,0.98999999999999999,257,-4.1707903981227874,0.011113737882117466,2,0.0077821011673151752
2022,IN_FHS_REF_POOL,net_cashflows,EUR,0.94999999999999996,257,-4.8135565391528115,0.0051203765826616128,22,0.085603112840466927
2022,IN_FHS_REF_POOL,net_cashflows,EUR,0.98999999999999999,257,-4.1580655235066732,0.0073626448548943487,7,0.027237354085603113
2022,IN_FHS_REF_POOL,net_cashflows,USD,0.94999999999999996,257,-4.8091830441110401,0.0051718004995757278,22,0.085603112840466927
2022,IN_FHS_REF_POOL,net_cashflows,USD,0.98999999999999999,257,-4.148327438455186,0.0074494275453811064,7,0.027237354085603113
2022,SCALAR_BEKK_INTERNAL,funded_assets,EUR,0.94999999999999996,257,-4.6948764284591595,0.0068434499011039377,18,0.070038910505836577
2022,SCALAR_BEKK_INTERNAL,funded_assets,EUR,0.98999999999999999,257,-4.0702146233937002,0.0089714264290206187,7,0.027237354085603113
2022,SCALAR_BEKK_INTERNAL,funded_assets,USD,0.94999999999999996,257,-4.6887420040237338,0.0069012538371215487,18,0.070038910505836577
2022,SCALAR_BEKK_INTERNAL,funded_assets,USD,0.98999999999999999,257,-4.0606621017674058,0.0090690023918505811,6,0.023346303501945526
2022,SCALAR_BEKK_INTERNAL,net_cashflows,EUR,0.94999999999999996,257,-4.715409024246493,0.0045435834899369377,23,0.089494163424124515
2022,SCALAR_BEKK_INTERNAL,net_cashflows,EUR,0.98999999999999999,257,-3.513987611084973,0.0059699760686519549,12,0.046692607003891051
2022,SCALAR_BEKK_INTERNAL,net_cashflows,USD,0.94999999999999996,257,-4.7067146516781726,0.0045687740516144578,23,0.089494163424124515
2022,SCALAR_BEKK_INTERNAL,net_cashflows,USD,0.98999999999999999,257,-3.4966894578159815,0.0060126762047843108,12,0.046692607003891051
2023,IN_FHS_REF_POOL,funded_assets,EUR,0.94999999999999996,255,-5.1370106115935785,0.0068491701960087361,5,0.019607843137254902
2023,IN_FHS_REF_POOL,funded_assets,EUR,0.98999999999999999,255,-4.8052898524204819,0.0097186101423446681,1,0.0039215686274509803
2023,IN_FHS_REF_POOL,funded_assets,USD,0.94999999999999996,255,-5.1339611475938449,0.0068941524985887161,6,0.023529411764705882
2023,IN_FHS_REF_POOL,funded_assets,USD,0.98999999999999999,255,-4.8046537531949118,0.0098090003061149442,1,0.0039215686274509803
2023,IN_FHS_REF_POOL,net_cashflows,EUR,0.94999999999999996,255,-5.1049235816521907,0.0052397397767092136,17,0.066666666666666666
2023,IN_FHS_REF_POOL,net_cashflows,EUR,0.98999999999999999,255,-4.6892138172946085,0.0077319003250301199,3,0.011764705882352941
2023,IN_FHS_REF_POOL,net_cashflows,USD,0.94999999999999996,255,-5.0973318395711367,0.0052824772847262676,17,0.066666666666666666
2023,IN_FHS_REF_POOL,net_cashflows,USD,0.98999999999999999,255,-4.6826581998846217,0.0078101542000048119,3,0.011764705882352941
2023,SCALAR_BEKK_INTERNAL,funded_assets,EUR,0.94999999999999996,255,-5.163698401926121,0.0061730335633927123,11,0.043137254901960784
2023,SCALAR_BEKK_INTERNAL,funded_assets,EUR,0.98999999999999999,255,-4.8853027982391017,0.008341227369597342,2,0.0078431372549019607
2023,SCALAR_BEKK_INTERNAL,funded_assets,USD,0.94999999999999996,255,-5.158647053057817,0.00621810900447879,11,0.043137254901960784
2023,SCALAR_BEKK_INTERNAL,funded_assets,USD,0.98999999999999999,255,-4.8790416588767656,0.0084223993571485162,2,0.0078431372549019607
2023,SCALAR_BEKK_INTERNAL,net_cashflows,EUR,0.94999999999999996,255,-5.0795811842006149,0.0048669751731611512,16,0.062745098039215685
2023,SCALAR_BEKK_INTERNAL,net_cashflows,EUR,0.98999999999999999,255,-4.5858653848980637,0.0065827700575620393,6,0.023529411764705882
2023,SCALAR_BEKK_INTERNAL,net_cashflows,USD,0.94999999999999996,255,-5.0705992763566812,0.0048953116986364953,16,0.062745098039215685
2023,SCALAR_BEKK_INTERNAL,net_cashflows,USD,0.98999999999999999,255,-4.5664577776809017,0.0066338141181871146,6,0.023529411764705882
2024,IN_FHS_REF_POOL,funded_assets,EUR,0.94999999999999996,256,-5.2245565897825186,0.0062296999776746105,10,0.0390625
2024,IN_FHS_REF_POOL,funded_assets,EUR,0.98999999999999999,256,-4.9146432666044317,0.0088378382143063094,2,0.0078125
2024,IN_FHS_REF_POOL,funded_assets,USD,0.94999999999999996,256,-5.2234775568730347,0.0062675786061711499,10,0.0390625
2024,IN_FHS_REF_POOL,funded_assets,USD,0.98999999999999999,256,-4.9051376964290458,0.0089191248337500209,2,0.0078125
2024,IN_FHS_REF_POOL,net_cashflows,EUR,0.94999999999999996,256,-5.0870846071997189,0.0054889950941393413,11,0.04296875
2024,IN_FHS_REF_POOL,net_cashflows,EUR,0.98999999999999999,256,-4.5155289205900342,0.007817887941098875,4,0.015625
2024,IN_FHS_REF_POOL,net_cashflows,USD,0.94999999999999996,256,-5.0811292339995306,0.0055324231035089079,11,0.04296875
2024,IN_FHS_REF_POOL,net_cashflows,USD,0.98999999999999999,256,-4.5063829181442427,0.0079102733592835497,4,0.015625
2024,SCALAR_BEKK_INTERNAL,funded_assets,EUR,0.94999999999999996,256,-5.264718761800296,0.0057713576738953505,10,0.0390625
2024,SCALAR_BEKK_INTERNAL,funded_assets,EUR,0.98999999999999999,256,-4.977834182319044,0.0078471698624738018,2,0.0078125
2024,SCALAR_BEKK_INTERNAL,funded_assets,USD,0.94999999999999996,256,-5.2632114340308824,0.0058037610602492762,10,0.0390625
2024,SCALAR_BEKK_INTERNAL,funded_assets,USD,0.98999999999999999,256,-4.9724039863329965,0.0079057463106779,2,0.0078125
2024,SCALAR_BEKK_INTERNAL,net_cashflows,EUR,0.94999999999999996,256,-4.9697371473220358,0.0051312265715223555,11,0.04296875
2024,SCALAR_BEKK_INTERNAL,net_cashflows,EUR,0.98999999999999999,256,-4.173342637229819,0.0069968257709955252,7,0.02734375
2024,SCALAR_BEKK_INTERNAL,net_cashflows,USD,0.94999999999999996,256,-4.9629090256130572,0.0051547559705822357,11,0.04296875
2024,SCALAR_BEKK_INTERNAL,net_cashflows,USD,0.98999999999999999,256,-4.1577415639467219,0.0070394097248416276,7,0.02734375
2025,IN_FHS_REF_POOL,funded_assets,EUR,0.94999999999999996,253,-5.0665374997249089,0.0062202659587431153,8,0.031620553359683792
2025,IN_FHS_REF_POOL,funded_assets,EUR,0.98999999999999999,253,-4.4824131928413546,0.0088299788228617618,2,0.0079051383399209481
2025,IN_FHS_REF_POOL,funded_assets,USD,0.94999999999999996,253,-5.0545255769246564,0.0062600100436120973,8,0.031620553359683792
2025,IN_FHS_REF_POOL,funded_assets,USD,0.98999999999999999,253,-4.4598669221565181,0.0089223805978770453,2,0.0079051383399209481
2025,IN_FHS_REF_POOL,net_cashflows,EUR,0.94999999999999996,253,-5.0375748049232039,0.0054824691891138489,14,0.05533596837944664
2025,IN_FHS_REF_POOL,net_cashflows,EUR,0.98999999999999999,253,-4.5221970859972549,0.0077002750591567502,6,0.023715415019762844
2025,IN_FHS_REF_POOL,net_cashflows,USD,0.94999999999999996,253,-5.0253087963793357,0.0055263664071978011,14,0.05533596837944664
2025,IN_FHS_REF_POOL,net_cashflows,USD,0.98999999999999999,253,-4.4946818854100163,0.0077904175513204112,6,0.023715415019762844
2025,SCALAR_BEKK_INTERNAL,funded_assets,EUR,0.94999999999999996,253,-5.1186324480593406,0.0059107832952275978,8,0.031620553359683792
2025,SCALAR_BEKK_INTERNAL,funded_assets,EUR,0.98999999999999999,253,-4.6043869930576813,0.0080001144453754267,2,0.0079051383399209481
2025,SCALAR_BEKK_INTERNAL,funded_assets,USD,0.94999999999999996,253,-5.1061862373506948,0.0059604943509538244,8,0.031620553359683792
2025,SCALAR_BEKK_INTERNAL,funded_assets,USD,0.98999999999999999,253,-4.5792518096028196,0.0080893058977683178,2,0.0079051383399209481
2025,SCALAR_BEKK_INTERNAL,net_cashflows,EUR,0.94999999999999996,253,-5.01099643375571,0.0050772936601393721,16,0.063241106719367585
2025,SCALAR_BEKK_INTERNAL,net_cashflows,EUR,0.98999999999999999,253,-4.3606062279945608,0.0069133310244159675,7,0.02766798418972332
2025,SCALAR_BEKK_INTERNAL,net_cashflows,USD,0.94999999999999996,253,-4.994681809844967,0.0051123623614228262,16,0.063241106719367585
2025,SCALAR_BEKK_INTERNAL,net_cashflows,USD,0.98999999999999999,253,-4.3254065833869895,0.0069771134434624803,7,0.02766798418972332
