book,report,tau,block,n_dates,difference,mean_difference,pointwise_percentile_low,pointwise_percentile_high,simultaneous_low,simultaneous_high,simultaneous_family_n,simultaneous_critical,bootstrap_SE,bootstrap_draws
funded_assets,EUR,0.94999999999999996,20,2046,IN_FHS_REF_POOL_minus_SCALAR_BEKK_INTERNAL,-0.01618807402164411,-0.040520597705966256,0.0077282632042330246,-0.046564336904487844,0.014188188861199619,8,2.4432394005949729,0.012432782016959354,5000
funded_assets,EUR,0.98999999999999999,20,2046,IN_FHS_REF_POOL_minus_SCALAR_BEKK_INTERNAL,-0.013510887864349352,-0.066453600486631431,0.035117880810380871,-0.076929371333097726,0.049907595604399016,8,2.4432394005949729,0.025956721004623953,5000
funded_assets,USD,0.94999999999999996,20,2046,IN_FHS_REF_POOL_minus_SCALAR_BEKK_INTERNAL,-0.016351829920529304,-0.040657132240462322,0.0076459130319314981,-0.046790269599556525,0.014086609758497917,8,2.4432394005949729,0.012458230524448366,5000
funded_assets,USD,0.98999999999999999,20,2046,IN_FHS_REF_POOL_minus_SCALAR_BEKK_INTERNAL,-0.015252618072960179,-0.06846002077310924,0.033584743542171287,-0.078673601871831339,0.048168365725910989,8,2.4432394005949729,0.025957744371438597,5000
net_cashflows,EUR,0.94999999999999996,20,2046,IN_FHS_REF_POOL_minus_SCALAR_BEKK_INTERNAL,-0.044196702576495057,-0.081341656452579222,-0.01182675537957068,-0.087262744538405046,-0.001130660614585062,8,2.4432394005949729,0.017626615693665811,5000
net_cashflows,EUR,0.98999999999999999,20,2046,IN_FHS_REF_POOL_minus_SCALAR_BEKK_INTERNAL,-0.16022129979918873,-0.28734718472654164,-0.056838065175639454,-0.30556806501804062,-0.014874534580336829,8,2.4432394005949729,0.059489366937786503,5000
net_cashflows,USD,0.94999999999999996,20,2046,IN_FHS_REF_POOL_minus_SCALAR_BEKK_INTERNAL,-0.045374435709113786,-0.08307032259174145,-0.012744555898834218,-0.089039259803844334,-0.0017096116143832316,8,2.4432394005949729,0.017871692837016864,5000
net_cashflows,USD,0.98999999999999999,20,2046,IN_FHS_REF_POOL_minus_SCALAR_BEKK_INTERNAL,-0.1647325808593712,-0.29593030480491211,-0.059226092978061667,-0.31339430301426596,-0.016070858704476471,8,2.4432394005949729,0.06084615454330547,5000
funded_assets,EUR,0.94999999999999996,60,2046,IN_FHS_REF_POOL_minus_SCALAR_BEKK_INTERNAL,-0.01618807402164411,-0.045295298906849572,0.011947302422992221,-0.051736901463970683,0.019360753420682459,8,2.4423466963927991,0.014555192960454825,5000
funded_assets,EUR,0.98999999999999999,60,2046,IN_FHS_REF_POOL_minus_SCALAR_BEKK_INTERNAL,-0.013510887864349352,-0.069458470459009256,0.03926641249565347,-0.081210899571478368,0.054189123842779657,8,2.4423466963927991,0.027719247151568573,5000
funded_assets,USD,0.94999999999999996,60,2046,IN_FHS_REF_POOL_minus_SCALAR_BEKK_INTERNAL,-0.016351829920529304,-0.045616217503845598,0.011920780952955578,-0.051956760241399426,0.019253100400340818,8,2.4423466963927991,0.014578163850962063,5000
funded_assets,USD,0.98999999999999999,60,2046,IN_FHS_REF_POOL_minus_SCALAR_BEKK_INTERNAL,-0.015252618072960179,-0.071950184050470878,0.037938285464936439,-0.083170149272094568,0.052664913126174218,8,2.4423466963927991,0.027808308828326689,5000
net_cashflows,EUR,0.94999999999999996,60,2046,IN_FHS_REF_POOL_minus_SCALAR_BEKK_INTERNAL,-0.044196702576495057,-0.085839458583055486,-0.0073674318746778664,-0.092662172148997912,0.0042687669960078042,8,2.4423466963927991,0.019843812364593233,5000
net_cashflows,EUR,0.98999999999999999,60,2046,IN_FHS_REF_POOL_minus_SCALAR_BEKK_INTERNAL,-0.16022129979918873,-0.30306217555310822,-0.043658780899029727,-0.3227950439367091,0.0023524443383316496,8,2.4423466963927991,0.066564564473025931,5000
net_cashflows,USD,0.94999999999999996,60,2046,IN_FHS_REF_POOL_minus_SCALAR_BEKK_INTERNAL,-0.045374435709113786,-0.087606809265448449,-0.0082920666396517351,-0.094461236414338345,0.003712364996110773,8,2.4423466963927991,0.020098211600229749,5000
net_cashflows,USD,0.98999999999999999,60,2046,IN_FHS_REF_POOL_minus_SCALAR_BEKK_INTERNAL,-0.1647325808593712,-0.31060094641938768,-0.045662390532239125,-0.33039846991414368,0.0009333081954012723,8,2.4423466963927991,0.067830619338135389,5000
