model,reference,tau,n_calendar_origins,n_task_rows,median_absolute_relative_ES_change,p95_absolute_relative_ES_change,p99_absolute_relative_ES_change,max_absolute_relative_ES_change
IN_TCOP1250,CHF,0.94999999999999996,96,384,0.00077511619994087913,0.0041936079864665597,0.0046613663370900903,0.0049051499027107466
IN_TCOP1250,CHF,0.98999999999999999,96,384,0.0028941116744227611,0.012790773457888883,0.014507911385909768,0.016684467913465253
IN_TCOP1250,EUR,0.94999999999999996,96,384,0.00063240375854883629,0.0049542278959765615,0.0054232948482534626,0.0058372911995077225
IN_TCOP1250,EUR,0.98999999999999999,96,384,0.0046274074455939212,0.011515098754134428,0.012822530695887601,0.014423051375451627
IN_TCOP1250,GBP,0.94999999999999996,96,384,0.0011725295545859781,0.0025898655284442374,0.0030381444752455591,0.0031760497484720268
IN_TCOP1250,GBP,0.98999999999999999,96,384,0.003327893398149968,0.0087198869488556395,0.010485910159328555,0.010832873597052735
IN_TCOP1250,JPY,0.94999999999999996,96,384,0.00081743107656947491,0.0023579554515771994,0.0025186419949208907,0.0027986527600557171
IN_TCOP1250,JPY,0.98999999999999999,96,384,0.0027889983298281314,0.0054140028565497871,0.0065305914194290944,0.0069257094327893759
IN_TCOP1250,USD,0.94999999999999996,96,384,0.0013709456711379128,0.0073300631659430114,0.0077414116611573937,0.0079831548929286678
IN_TCOP1250,USD,0.98999999999999999,96,384,0.0033626694412535628,0.010937059182497981,0.011956853311485539,0.012652063227989235
SCALAR_BEKK_INTERNAL,ALL_EQUIVARIANT,0.94999999999999996,24,96,0.0014501196559884369,0.0037404956160006393,0.0044736273878646397,0.0044841178399935922
SCALAR_BEKK_INTERNAL,ALL_EQUIVARIANT,0.98999999999999999,24,96,0.0024426551785703323,0.0084201613422246312,0.010670938765315488,0.010705974582255997
