origin_date,book,report,tau,var_low,var_high,es_low,es_high,relative_es_change,model,reference,absolute_relative_es_change
2019-10-16,net_cashflows,USD,0.98999999999999999,0.0058233567191030801,0.0057549436542478393,0.0080749839393868678,0.0082119967354245399,0.016684467913465253,IN_TCOP1250,CHF,0.016684467913465253
2019-10-16,net_cashflows,EUR,0.98999999999999999,0.0057748611791178187,0.0057217960683475736,0.0079559101341224979,0.0080814306053648925,0.015531961774078373,IN_TCOP1250,CHF,0.015531961774078373
2019-11-15,net_cashflows,USD,0.98999999999999999,0.0052724419827064328,0.0052544265972535769,0.0074932149648899472,0.0076051965059004221,0.014724345508179176,IN_TCOP1250,CHF,0.014724345508179176
2019-01-17,net_cashflows,USD,0.98999999999999999,0.0054323839010756289,0.0053837164292960321,0.0076557476397650683,0.0077695855412966515,0.014651734114582515,IN_TCOP1250,CHF,0.014651734114582515
2019-08-16,net_cashflows,USD,0.98999999999999999,0.0053734236251043559,0.0053433840160930874,0.0075880441595786996,0.0076995213227047873,0.01447845371859125,IN_TCOP1250,CHF,0.01447845371859125
2022-08-16,net_cashflows,USD,0.98999999999999999,0.0061525284436820607,0.0061575437737640534,0.0075567265683240403,0.0074492851459535634,-0.014423051375451627,IN_TCOP1250,EUR,0.014423051375451627
2022-08-16,net_cashflows,EUR,0.98999999999999999,0.0061127050032497411,0.0061220039004246992,0.0075061525144438828,0.0073996142626792816,-0.014397811559169752,IN_TCOP1250,EUR,0.014397811559169752
2019-09-16,net_cashflows,USD,0.98999999999999999,0.0053455790364238514,0.0053075361342971878,0.0075510607330984345,0.0076609510339099678,0.014344211355107423,IN_TCOP1250,CHF,0.014344211355107423
2019-03-15,net_cashflows,USD,0.98999999999999999,0.0051553008410414117,0.0051112781693222285,0.0073139422511006875,0.0074191594924702692,0.014181827668803604,IN_TCOP1250,CHF,0.014181827668803604
2019-05-17,net_cashflows,USD,0.98999999999999999,0.0050505749831594058,0.0050128095520358537,0.0071765455922814881,0.0072787845125295491,0.014046152908094628,IN_TCOP1250,CHF,0.014046152908094628
2019-07-16,net_cashflows,USD,0.98999999999999999,0.0050838758305360816,0.0050609093482026453,0.0072470834567305298,0.0073501818151141072,0.014026640561676618,IN_TCOP1250,CHF,0.014026640561676618
2019-06-17,net_cashflows,USD,0.98999999999999999,0.0050212669662402787,0.0049750573910810857,0.0071263117797053833,0.0072273387815796862,0.013978451118382649,IN_TCOP1250,CHF,0.013978451118382649
2019-04-15,net_cashflows,USD,0.98999999999999999,0.0050402276681587171,0.0050109207073686015,0.0071820134470074867,0.0072835331867901754,0.013938254577711071,IN_TCOP1250,CHF,0.013938254577711071
2019-02-15,net_cashflows,USD,0.98999999999999999,0.0051648644389955022,0.005135639113139542,0.0073603455580469835,0.0074643526033643381,0.013933833360240309,IN_TCOP1250,CHF,0.013933833360240309
2019-11-15,net_cashflows,EUR,0.98999999999999999,0.0052403903044523359,0.005221997376376953,0.0073758479148822442,0.0074769156850493061,0.013517307727457061,IN_TCOP1250,CHF,0.013517307727457061
2019-08-16,net_cashflows,EUR,0.98999999999999999,0.0053356577857596524,0.005306598727069233,0.0074631285188285108,0.007564291555860107,0.013373762272981727,IN_TCOP1250,CHF,0.013373762272981727
2019-01-17,net_cashflows,EUR,0.98999999999999999,0.0053905299982455858,0.0053421771253973072,0.0075422070834172978,0.0076440280612647708,0.013320330201747825,IN_TCOP1250,CHF,0.013320330201747825
2021-12-16,net_cashflows,USD,0.98999999999999999,0.0044163512767588873,0.0044417629616998484,0.0054347706185500595,0.0053641113695349543,-0.013172591720673222,IN_TCOP1250,EUR,0.013172591720673222
2019-09-16,net_cashflows,EUR,0.98999999999999999,0.005305915145096307,0.0052664978860704316,0.0074330336590573256,0.0075320386833120402,0.013144518823843784,IN_TCOP1250,CHF,0.013144518823843784
2021-05-17,net_cashflows,USD,0.98999999999999999,0.0041757380021607022,0.004202585550643843,0.0051385913260185954,0.0050720150434102875,-0.013126199752661574,IN_TCOP1250,EUR,0.013126199752661574
