origin_date,book,report,tau,block,original_anchor_symmetric_range,perturbation_median,perturbation_p025,perturbation_p975,reps,not_true_ES_confidence_interval,nonnegative_span_percentiles_not_zero_sensitivity_test
2018-01-02,funded_assets,EUR,0.94999999999999996,20,0.1774143330638461,0.17957177527640622,0.066951274109169553,0.32132391398085897,200,True,True
2018-01-02,funded_assets,EUR,0.98999999999999999,20,0.29840022886571871,0.17283682962396141,0.069513677818169847,0.44234537790185752,200,True,True
2018-01-02,funded_assets,USD,0.94999999999999996,20,0.17730505846262132,0.18056974581980906,0.068386101482978592,0.32654234318225489,200,True,True
2018-01-02,funded_assets,USD,0.98999999999999999,20,0.30668388621155279,0.17488566526988697,0.072899446786024266,0.45662880156566449,200,True,True
2018-01-02,net_cashflows,EUR,0.94999999999999996,20,0.24397057963334476,0.19747653960279551,0.071708221952253515,0.36023889473881088,200,True,True
2018-01-02,net_cashflows,EUR,0.98999999999999999,20,0.34488391121119738,0.29308460793886409,0.11675514524338944,0.49613333316914798,200,True,True
2018-01-02,net_cashflows,USD,0.94999999999999996,20,0.24550753566761135,0.19756211165371695,0.071945520976725935,0.36013001037282805,200,True,True
2018-01-02,net_cashflows,USD,0.98999999999999999,20,0.35316969332201331,0.29685103837962334,0.11595675338174652,0.50037225697319798,200,True,True
2021-01-04,funded_assets,EUR,0.94999999999999996,20,0.39246586340109396,0.18266614603982304,0.070377131626711151,0.32916222982004145,200,True,True
2021-01-04,funded_assets,EUR,0.98999999999999999,20,0.37002573842034719,0.18522256638136256,0.075805235680041119,0.33378019444292922,200,True,True
2021-01-04,funded_assets,USD,0.94999999999999996,20,0.39517611204983455,0.18409218572406988,0.070644582298808184,0.33094239921529284,200,True,True
2021-01-04,funded_assets,USD,0.98999999999999999,20,0.37387871130803368,0.18757105068088478,0.077463351745897191,0.33719338121255482,200,True,True
2021-01-04,net_cashflows,EUR,0.94999999999999996,20,0.33363077624667031,0.17069785480526728,0.051456948100091708,0.27849953467400107,200,True,True
2021-01-04,net_cashflows,EUR,0.98999999999999999,20,0.4183696013788949,0.28567501893328917,0.16103883642394162,0.39165717365735003,200,True,True
2021-01-04,net_cashflows,USD,0.94999999999999996,20,0.336518217193362,0.17398783803771645,0.05436694361831336,0.28120392648580311,200,True,True
2021-01-04,net_cashflows,USD,0.98999999999999999,20,0.43010522033337911,0.29123564181480677,0.16224655069879831,0.39742354278684605,200,True,True
2025-01-02,funded_assets,EUR,0.94999999999999996,20,0.16967224500198147,0.16824852023973846,0.086461603848059482,0.26362803399345291,200,True,True
2025-01-02,funded_assets,EUR,0.98999999999999999,20,0.2606172124220012,0.23117094591242765,0.15977333485263873,0.31343235939418013,200,True,True
2025-01-02,funded_assets,USD,0.94999999999999996,20,0.17150849288942469,0.17011128649332843,0.088771243090105131,0.26736409807920591,200,True,True
2025-01-02,funded_assets,USD,0.98999999999999999,20,0.27064743279381365,0.23994288883568976,0.16756071417727736,0.32409815497846345,200,True,True
2025-01-02,net_cashflows,EUR,0.94999999999999996,20,0.10051913470737137,0.19028947096154222,0.08569504278243234,0.33414687305356339,200,True,True
2025-01-02,net_cashflows,EUR,0.98999999999999999,20,0.23625695992532711,0.3027230390275405,0.13927116094227371,0.45371741647802627,200,True,True
2025-01-02,net_cashflows,USD,0.94999999999999996,20,0.10010475340674731,0.19144907513447929,0.087805608466016385,0.33604537892198827,200,True,True
2025-01-02,net_cashflows,USD,0.98999999999999999,20,0.23829562733244089,0.30810118238267931,0.14183525601936692,0.46215028158826593,200,True,True
2018-01-02,funded_assets,EUR,0.94999999999999996,60,0.1774143330638461,0.18486193027815664,0.054039714844254391,0.35421782168312288,200,True,True
2018-01-02,funded_assets,EUR,0.98999999999999999,60,0.29840022886571871,0.17426594954090247,0.067793672820352757,0.47113149434351775,200,True,True
2018-01-02,funded_assets,USD,0.94999999999999996,60,0.17730505846262132,0.18731558857298633,0.055269197722103272,0.35797033301082165,200,True,True
2018-01-02,funded_assets,USD,0.98999999999999999,60,0.30668388621155279,0.17385945509218631,0.069821608740630398,0.48965610339252097,200,True,True
2018-01-02,net_cashflows,EUR,0.94999999999999996,60,0.24397057963334476,0.26634748147267162,0.077671806280413147,0.48921793125380825,200,True,True
2018-01-02,net_cashflows,EUR,0.98999999999999999,60,0.34488391121119738,0.36720773383942618,0.18066229983851789,0.60647801814573277,200,True,True
2018-01-02,net_cashflows,USD,0.94999999999999996,60,0.24550753566761135,0.26662476606723573,0.077322049212122379,0.49140589792803013,200,True,True
2018-01-02,net_cashflows,USD,0.98999999999999999,60,0.35316969332201331,0.37015893726090709,0.18281616495083941,0.61857927732617457,200,True,True
2021-01-04,funded_assets,EUR,0.94999999999999996,60,0.39246586340109396,0.27130929138574,0.13129578533072403,0.46473818971973008,200,True,True
2021-01-04,funded_assets,EUR,0.98999999999999999,60,0.37002573842034719,0.2684052403483933,0.13231211922642344,0.44083214117435621,200,True,True
2021-01-04,funded_assets,USD,0.94999999999999996,60,0.39517611204983455,0.27327949936744333,0.13250959018198205,0.46659736917163358,200,True,True
2021-01-04,funded_assets,USD,0.98999999999999999,60,0.37387871130803368,0.27167788076455596,0.1316854629829457,0.44537940711832957,200,True,True
2021-01-04,net_cashflows,EUR,0.94999999999999996,60,0.33363077624667031,0.27281077050853125,0.1934440976106247,0.34572102556962925,200,True,True
2021-01-04,net_cashflows,EUR,0.98999999999999999,60,0.4183696013788949,0.37102108477338547,0.29465624596275714,0.44532349318720271,200,True,True
2021-01-04,net_cashflows,USD,0.94999999999999996,60,0.336518217193362,0.27615171611660316,0.19764911801660018,0.34910846960813513,200,True,True
2021-01-04,net_cashflows,USD,0.98999999999999999,60,0.43010522033337911,0.38135097132282364,0.30403903408603927,0.45506203931002176,200,True,True
2025-01-02,funded_assets,EUR,0.94999999999999996,60,0.16967224500198147,0.16580748335958151,0.092286092255476765,0.25482742504350447,200,True,True
2025-01-02,funded_assets,EUR,0.98999999999999999,60,0.2606172124220012,0.25163214736108436,0.18526427492170686,0.32242788209818868,200,True,True
2025-01-02,funded_assets,USD,0.94999999999999996,60,0.17150849288942469,0.16885739038083783,0.095992257905734124,0.25869281733214822,200,True,True
2025-01-02,funded_assets,USD,0.98999999999999999,60,0.27064743279381365,0.26113572612999103,0.1938238469730646,0.33346404091219339,200,True,True
2025-01-02,net_cashflows,EUR,0.94999999999999996,60,0.10051913470737137,0.15187978636743188,0.064770948951345164,0.26229321097568675,200,True,True
2025-01-02,net_cashflows,EUR,0.98999999999999999,60,0.23625695992532711,0.24776249176101584,0.14908307900659257,0.36999013472665127,200,True,True
2025-01-02,net_cashflows,USD,0.94999999999999996,60,0.10010475340674731,0.15160098067156907,0.063739519834493871,0.2644847418745957,200,True,True
2025-01-02,net_cashflows,USD,0.98999999999999999,60,0.23829562733244089,0.25203111847443066,0.15001894929785609,0.37667387132027436,200,True,True
