horizon,tau,model_key,n_dates,n_tasks,mean_score,breach_rate,mean_es,median_es
5,0.94999999999999996,HS1250,2042,12252,-4.2898118779770886,0.0435847208619001,0.013941796547101563,0.013980875945265474
5,0.94999999999999996,IN_FHS1250@CHF,2042,12252,-4.3301353977702632,0.047420829252366958,0.012681375750643051,0.012290221988954573
5,0.94999999999999996,IN_FHS1250@EUR,2042,12252,-4.3574715194032771,0.044319294809010777,0.012558312123505781,0.012256617941105209
5,0.94999999999999996,IN_FHS1250@GBP,2042,12252,-4.3215257217817298,0.050848841005550115,0.012543026813696068,0.012328327344230583
5,0.94999999999999996,IN_FHS1250@JPY,2042,12252,-4.3457892776779898,0.041952334312765266,0.013256339786640649,0.012854977755494872
5,0.94999999999999996,IN_FHS1250@USD,2042,12252,-4.3495723957975851,0.0435847208619001,0.012915772018349543,0.012270486893748662
5,0.94999999999999996,IN_FHS_REF_POOL,2042,12252,-4.3579479253124287,0.043013385569702904,0.012944489981242467,0.01256283141636603
5,0.98999999999999999,HS1250,2042,12252,-3.854383104755347,0.01020241593209272,0.020158159939161212,0.019734403665444631
5,0.98999999999999999,IN_FHS1250@CHF,2042,12252,-3.8141326009978727,0.012814234410708456,0.018596222944994144,0.017756939642992915
5,0.98999999999999999,IN_FHS1250@EUR,2042,12252,-3.8846934990338795,0.011753183153770812,0.017682844247027613,0.01731457321169947
5,0.98999999999999999,IN_FHS1250@GBP,2042,12252,-3.8336856609781051,0.013712047012732615,0.017597013205918596,0.01702271103102624
5,0.98999999999999999,IN_FHS1250@JPY,2042,12252,-3.88341977613335,0.010773751224289911,0.019170867372307963,0.018516488849144277
5,0.98999999999999999,IN_FHS1250@USD,2042,12252,-3.8661102354842365,0.011998041136141039,0.01846363070127453,0.017573625069368382
5,0.98999999999999999,IN_FHS_REF_POOL,2042,12252,-3.9000196044407915,0.01167156382631407,0.018760008082517626,0.018274748770684884
20,0.94999999999999996,HS1250,2027,12162,-3.6417451755712031,0.048265087978950828,0.024313396452925715,0.025045974407298915
20,0.94999999999999996,IN_FHS1250@CHF,2027,12162,-3.6474500999564974,0.060351915803321825,0.021505533884189902,0.021116847961313662
20,0.94999999999999996,IN_FHS1250@EUR,2027,12162,-3.7224740124277806,0.053362933728005262,0.021505202340937533,0.021371225429015574
20,0.94999999999999996,IN_FHS1250@GBP,2027,12162,-3.6156646820850802,0.064627528367044898,0.020735647398970609,0.020423331268138327
20,0.94999999999999996,IN_FHS1250@JPY,2027,12162,-3.6775777656103852,0.054185166913336621,0.022897678420322407,0.022414982036547855
20,0.94999999999999996,IN_FHS1250@USD,2027,12162,-3.6926583788421494,0.052787370498273312,0.022401263978627791,0.021671385147902962
20,0.94999999999999996,IN_FHS_REF_POOL,2027,12162,-3.7053453857640473,0.055418516691333665,0.022132118676919336,0.022004402667719157
20,0.98999999999999999,HS1250,2027,12162,-3.2631630317861471,0.015046867291563888,0.032522209756218237,0.03350092398872466
20,0.98999999999999999,IN_FHS1250@CHF,2027,12162,-3.056940765713767,0.022775859233678673,0.030168796053582591,0.030134415529573123
20,0.98999999999999999,IN_FHS1250@EUR,2027,12162,-3.2343885296727306,0.017184673573425423,0.029767694397567226,0.029658409582484866
20,0.98999999999999999,IN_FHS1250@GBP,2027,12162,-3.0254999101410451,0.026804801841802336,0.027909088742540826,0.027469051145139509
20,0.98999999999999999,IN_FHS1250@JPY,2027,12162,-3.2337158329486564,0.017431343529024833,0.031455574248112142,0.030058355379219262
20,0.98999999999999999,IN_FHS1250@USD,2027,12162,-3.180247114718779,0.015951323795428383,0.031376786420986583,0.030280680011577119
20,0.98999999999999999,IN_FHS_REF_POOL,2027,12162,-3.254095776519931,0.016197993751027793,0.030969065493518976,0.030821029879240035
