horizon,tau,book,report,n_dates,median_relative,p90_relative,median_absolute,block,median_low,median_high,nonnegative_range_not_a_significance_test
5,0.94999999999999996,financed_treasury,EUR,2042,0.21861649014903289,0.47626289098665237,0.0027464532062756453,20,0.19272193160503617,0.2515194067196021,True
5,0.94999999999999996,financed_treasury,EUR,2042,0.21861649014903289,0.47626289098665237,0.0027464532062756453,60,0.17938755823966898,0.26603094365628505,True
5,0.94999999999999996,financed_treasury,EUR,2042,0.21861649014903289,0.47626289098665237,0.0027464532062756453,120,0.1684051289449556,0.27633866204265828,True
5,0.94999999999999996,financed_treasury,USD,2042,0.22374325140210533,0.49219837592676757,0.0028733790003071871,20,0.19878371087981841,0.25805555098482458,True
5,0.94999999999999996,financed_treasury,USD,2042,0.22374325140210533,0.49219837592676757,0.0028733790003071871,60,0.18443921872751168,0.27361688456828198,True
5,0.94999999999999996,financed_treasury,USD,2042,0.22374325140210533,0.49219837592676757,0.0028733790003071871,120,0.17269604739119951,0.28405062105704543,True
5,0.94999999999999996,funded_assets,EUR,2042,0.27256086194142642,0.49565236862136469,0.0035149292769460529,20,0.24527717842581198,0.30487916896064782,True
5,0.94999999999999996,funded_assets,EUR,2042,0.27256086194142642,0.49565236862136469,0.0035149292769460529,60,0.2350405561959476,0.31652873765933015,True
5,0.94999999999999996,funded_assets,EUR,2042,0.27256086194142642,0.49565236862136469,0.0035149292769460529,120,0.23049464927734153,0.32630859821610297,True
5,0.94999999999999996,funded_assets,USD,2042,0.27741330953262544,0.50660327005967631,0.0036244084863219861,20,0.25045995897879381,0.30848449030852393,True
5,0.94999999999999996,funded_assets,USD,2042,0.27741330953262544,0.50660327005967631,0.0036244084863219861,60,0.24000214916511342,0.32422769610078794,True
5,0.94999999999999996,funded_assets,USD,2042,0.27741330953262544,0.50660327005967631,0.0036244084863219861,120,0.23502663730434237,0.33325133735465268,True
5,0.94999999999999996,net_cashflows,EUR,2042,0.22768656243886118,0.3922078078580013,0.0024121072325794064,20,0.20837207082933196,0.24796913357465855,True
5,0.94999999999999996,net_cashflows,EUR,2042,0.22768656243886118,0.3922078078580013,0.0024121072325794064,60,0.20096556736393098,0.2566717196395088,True
5,0.94999999999999996,net_cashflows,EUR,2042,0.22768656243886118,0.3922078078580013,0.0024121072325794064,120,0.19792358498982474,0.26410764056175939,True
5,0.94999999999999996,net_cashflows,USD,2042,0.23345791466908219,0.4008439057252699,0.0025242699647003769,20,0.21277106166696111,0.25360167066621858,True
5,0.94999999999999996,net_cashflows,USD,2042,0.23345791466908219,0.4008439057252699,0.0025242699647003769,60,0.20583680050078673,0.26469916359861051,True
5,0.94999999999999996,net_cashflows,USD,2042,0.23345791466908219,0.4008439057252699,0.0025242699647003769,120,0.20194223056104374,0.27092649615806219,True
5,0.98999999999999999,financed_treasury,EUR,2042,0.33993490817430905,0.56695987247328428,0.0064565003327622305,20,0.27755197572784462,0.37885175677608635,True
5,0.98999999999999999,financed_treasury,EUR,2042,0.33993490817430905,0.56695987247328428,0.0064565003327622305,60,0.25082747950979151,0.39365518982200948,True
5,0.98999999999999999,financed_treasury,EUR,2042,0.33993490817430905,0.56695987247328428,0.0064565003327622305,120,0.2310685295427968,0.40737611932072426,True
5,0.98999999999999999,financed_treasury,USD,2042,0.35349216955292995,0.59044433473355218,0.0069157569193650757,20,0.29026299287706026,0.39648244785755138,True
5,0.98999999999999999,financed_treasury,USD,2042,0.35349216955292995,0.59044433473355218,0.0069157569193650757,60,0.26227396080579957,0.41195116072326865,True
5,0.98999999999999999,financed_treasury,USD,2042,0.35349216955292995,0.59044433473355218,0.0069157569193650757,120,0.24340226113732888,0.42529881863762181,True
5,0.98999999999999999,funded_assets,EUR,2042,0.34402715861790467,0.55236859303191044,0.0058991070698093005,20,0.31882184416984183,0.37144555418244407,True
5,0.98999999999999999,funded_assets,EUR,2042,0.34402715861790467,0.55236859303191044,0.0058991070698093005,60,0.30502977358825639,0.3861520892952231,True
5,0.98999999999999999,funded_assets,EUR,2042,0.34402715861790467,0.55236859303191044,0.0058991070698093005,120,0.29201139897664724,0.39228029440890311,True
5,0.98999999999999999,funded_assets,USD,2042,0.35645099869786745,0.57354103942302426,0.0062393015582371753,20,0.32758641269497796,0.38638510845522922,True
5,0.98999999999999999,funded_assets,USD,2042,0.35645099869786745,0.57354103942302426,0.0062393015582371753,60,0.31475590853367297,0.40170587995671969,True
5,0.98999999999999999,funded_assets,USD,2042,0.35645099869786745,0.57354103942302426,0.0062393015582371753,120,0.29955153567896231,0.41049935418995653,True
5,0.98999999999999999,net_cashflows,EUR,2042,0.24608635663590209,0.39323719850064759,0.0036918815913535765,20,0.22810267433669029,0.26626267003883486,True
5,0.98999999999999999,net_cashflows,EUR,2042,0.24608635663590209,0.39323719850064759,0.0036918815913535765,60,0.21879531363617921,0.27381048046247558,True
5,0.98999999999999999,net_cashflows,EUR,2042,0.24608635663590209,0.39323719850064759,0.0036918815913535765,120,0.21334165875531619,0.28145941656064488,True
5,0.98999999999999999,net_cashflows,USD,2042,0.25622290019038596,0.41140574849157713,0.0039508820255782307,20,0.23620027033348429,0.27665518958262708,True
5,0.98999999999999999,net_cashflows,USD,2042,0.25622290019038596,0.41140574849157713,0.0039508820255782307,60,0.22570686431074821,0.28728395717607214,True
5,0.98999999999999999,net_cashflows,USD,2042,0.25622290019038596,0.41140574849157713,0.0039508820255782307,120,0.21894310031248873,0.29546932211651539,True
20,0.94999999999999996,financed_treasury,EUR,2027,0.22570395689132722,0.49808865947070641,0.0045279620154476986,20,0.19849143297171262,0.25783311638356643,True
20,0.94999999999999996,financed_treasury,EUR,2027,0.22570395689132722,0.49808865947070641,0.0045279620154476986,60,0.18010039288619978,0.27053383254405267,True
20,0.94999999999999996,financed_treasury,EUR,2027,0.22570395689132722,0.49808865947070641,0.0045279620154476986,120,0.17138755574125739,0.28854338576584626,True
20,0.94999999999999996,financed_treasury,USD,2027,0.23248581088250173,0.52363916700837654,0.0047843535698189679,20,0.20480226707668073,0.26737471545013458,True
20,0.94999999999999996,financed_treasury,USD,2027,0.23248581088250173,0.52363916700837654,0.0047843535698189679,60,0.18711382483742436,0.28274516408832934,True
20,0.94999999999999996,financed_treasury,USD,2027,0.23248581088250173,0.52363916700837654,0.0047843535698189679,120,0.1755233385743841,0.29968614165510626,True
20,0.94999999999999996,funded_assets,EUR,2027,0.24885698293826308,0.49416468605957486,0.0056821185563723092,20,0.21719109855454968,0.28348727281009728,True
20,0.94999999999999996,funded_assets,EUR,2027,0.24885698293826308,0.49416468605957486,0.0056821185563723092,60,0.20902918554083161,0.2953211067121177,True
20,0.94999999999999996,funded_assets,EUR,2027,0.24885698293826308,0.49416468605957486,0.0056821185563723092,120,0.20457285064214642,0.30666993979131413,True
20,0.94999999999999996,funded_assets,USD,2027,0.26005086559789131,0.51999048752339549,0.0061158168881328412,20,0.22700694302712454,0.29357134795194156,True
20,0.94999999999999996,funded_assets,USD,2027,0.26005086559789131,0.51999048752339549,0.0061158168881328412,60,0.21678268175249549,0.30733134098574982,True
20,0.94999999999999996,funded_assets,USD,2027,0.26005086559789131,0.51999048752339549,0.0061158168881328412,120,0.21279429758226345,0.31694963089317957,True
20,0.94999999999999996,net_cashflows,EUR,2027,0.23485511053394401,0.38435775498042063,0.0040788057083352581,20,0.19645521991077719,0.26465685549107409,True
20,0.94999999999999996,net_cashflows,EUR,2027,0.23485511053394401,0.38435775498042063,0.0040788057083352581,60,0.1846055341961351,0.27685119644786971,True
20,0.94999999999999996,net_cashflows,EUR,2027,0.23485511053394401,0.38435775498042063,0.0040788057083352581,120,0.17208788240083739,0.28546738555947399,True
20,0.94999999999999996,net_cashflows,USD,2027,0.23866958459940185,0.39867166709693952,0.0041988042674524668,20,0.20118693338489388,0.26834467298936648,True
20,0.94999999999999996,net_cashflows,USD,2027,0.23866958459940185,0.39867166709693952,0.0041988042674524668,60,0.18784829170389802,0.28077936374908485,True
20,0.94999999999999996,net_cashflows,USD,2027,0.23866958459940185,0.39867166709693952,0.0041988042674524668,120,0.17653103415593469,0.29026390831324639,True
20,0.98999999999999999,financed_treasury,EUR,2027,0.28595602097142203,0.57530824844028472,0.0077792827875273057,20,0.24677643140088554,0.32624979490962847,True
20,0.98999999999999999,financed_treasury,EUR,2027,0.28595602097142203,0.57530824844028472,0.0077792827875273057,60,0.21727341921301258,0.34321033284776631,True
20,0.98999999999999999,financed_treasury,EUR,2027,0.28595602097142203,0.57530824844028472,0.0077792827875273057,120,0.19947304881222266,0.35894836023526439,True
20,0.98999999999999999,financed_treasury,USD,2027,0.29943203295827353,0.60757388599593487,0.0084648733653592753,20,0.25610300141532588,0.3377502244421568,True
20,0.98999999999999999,financed_treasury,USD,2027,0.29943203295827353,0.60757388599593487,0.0084648733653592753,60,0.22522555704701366,0.35821249189650534,True
20,0.98999999999999999,financed_treasury,USD,2027,0.29943203295827353,0.60757388599593487,0.0084648733653592753,120,0.20813945027902639,0.37817593091138024,True
20,0.98999999999999999,funded_assets,EUR,2027,0.28692437610342814,0.53246663080508938,0.008585134467931986,20,0.26416295582753924,0.32046381355415049,True
20,0.98999999999999999,funded_assets,EUR,2027,0.28692437610342814,0.53246663080508938,0.008585134467931986,60,0.25744241809040169,0.33093753697725192,True
20,0.98999999999999999,funded_assets,EUR,2027,0.28692437610342814,0.53246663080508938,0.008585134467931986,120,0.25053391971293265,0.33636065086147943,True
20,0.98999999999999999,funded_assets,USD,2027,0.29424399017354719,0.55967192029750845,0.0092701318308822112,20,0.27177156197555352,0.33283574039216879,True
20,0.98999999999999999,funded_assets,USD,2027,0.29424399017354719,0.55967192029750845,0.0092701318308822112,60,0.26536356951493861,0.34403593841393748,True
20,0.98999999999999999,funded_assets,USD,2027,0.29424399017354719,0.55967192029750845,0.0092701318308822112,120,0.25907857897173037,0.34834759758163769,True
20,0.98999999999999999,net_cashflows,EUR,2027,0.26388515128828033,0.42052538331283329,0.0065391927202908227,20,0.2366278804993299,0.29405363184160344,True
20,0.98999999999999999,net_cashflows,EUR,2027,0.26388515128828033,0.42052538331283329,0.0065391927202908227,60,0.22016433940166069,0.30731565049781601,True
20,0.98999999999999999,net_cashflows,EUR,2027,0.26388515128828033,0.42052538331283329,0.0065391927202908227,120,0.20155803189329208,0.31282575900129278,True
20,0.98999999999999999,net_cashflows,USD,2027,0.26839306832882082,0.43814970724012969,0.0067008032739797312,20,0.24090473767331047,0.30228320923273361,True
20,0.98999999999999999,net_cashflows,USD,2027,0.26839306832882082,0.43814970724012969,0.0067008032739797312,60,0.22480115413972976,0.31435621063850677,True
20,0.98999999999999999,net_cashflows,USD,2027,0.26839306832882082,0.43814970724012969,0.0067008032739797312,120,0.20446241139696197,0.32139268445986729,True
