Forecast system,Tail,Assets EUR,Assets USD,Flows EUR,Flows USD
"IN-FHS, EUR fit",95%,81,81,106,107
"IN-FHS, EUR fit",99%,17,17,30,29
IN-FHS reference mixture,95%,71,72,102,103
IN-FHS reference mixture,99%,14,12,28,28
Gaussian EWMA,95%,91,90,121,121
Gaussian EWMA,99%,28,26,58,59
Internal elliptical EWMA,95%,89,90,119,118
Internal elliptical EWMA,99%,26,26,57,59
Direct cash GARCH,95%,86,87,123,123
Direct cash GARCH,99%,14,16,38,38
"Dynamic scalar BEKK, internal radial",95%,72,70,91,91
Taylor optimized,95%,79,81,117,118
"Dynamic scalar BEKK, internal radial",99%,19,17,40,40
Taylor optimized,99%,14,14,44,45
Taylor–Wang ridge,95%,73,74,110,111
Taylor–Wang ridge,99%,17,17,38,39
