Evaluation,Horizon,Tail,Date block,Dates,Candidate count,Retained,Mixture MCS p-value
temporal,1,95%,20,189,9,7,0.3131
temporal,1,95%,60,189,9,5,0.0328
temporal,1,99%,20,189,9,9,0.1056
temporal,1,99%,60,189,9,2,0.0100
horizons,5,95%,20,2042,7,7,1.0000
horizons,5,95%,60,2042,7,7,1.0000
horizons,5,99%,20,2042,7,7,1.0000
horizons,5,99%,60,2042,7,7,1.0000
horizons,20,95%,20,2027,7,7,0.7341
horizons,20,95%,60,2027,7,7,0.7858
horizons,20,95%,120,2027,7,7,0.7504
horizons,20,99%,20,2027,7,7,0.9542
horizons,20,99%,60,2027,7,7,0.9564
horizons,20,99%,120,2027,7,7,0.9536
